step,railCost
0,33.124
1,32.8639
2,32.6162
3,32.3803
4,32.1554
5,31.9411
6,31.7366
7,31.5414
8,31.3551
9,31.177
10,31.0069
11,30.8443
12,30.6887
13,30.5399
14,30.3974
15,30.261
16,30.1303
17,30.005
18,29.885
19,29.7698
20,29.6593
21,29.5533
22,29.4515
23,29.3537
24,29.2598
25,29.1695
26,29.0828
27,28.9994
28,28.9191
29,28.8419
30,28.7676
31,28.696
32,28.6271
33,28.5607
34,28.4968
35,28.4351
36,28.3757
37,28.3184
38,28.2631
39,28.2098
40,28.1583
41,28.1086
42,28.0607
43,28.0143
44,27.9696
45,27.9263
46,27.8845
47,27.8441
48,27.8051
49,27.7673
50,27.7308
51,27.6954
52,27.6612
53,27.6281
54,27.5961
55,27.565
56,27.535
57,27.5059
58,27.4777
59,27.4504
60,27.4239
61,27.3983
62,27.3734
63,27.3493
64,27.3259
65,27.3033
66,27.2813
67,27.26
68,27.2393
69,27.2192
70,27.1997
71,27.1808
72,27.1625
73,27.1446
74,27.1273
75,27.1105
76,27.0942
77,27.0783
78,27.0629
79,27.0479
80,27.0334
81,27.0193
82,27.0056
83,26.9925
84,26.9801
85,26.9685
86,26.9579
87,26.9479
88,26.9384
89,26.9294
90,26.9208
91,26.9127
92,26.905
93,26.8981
94,26.8919
95,26.8868
96,26.8823
97,26.8786
98,26.8752
99,26.8726
100,26.8702
101,26.868
102,26.866
103,26.8642
104,26.8625
105,26.861
106,26.8601
107,26.8596
108,26.8599
109,26.8608
110,26.8619
111,26.8632
112,26.8647
113,26.8666
114,26.8686
115,26.8706
116,26.8726
117,26.8746
118,26.8767
119,26.8791
120,26.8818
121,26.8852
122,26.8887
123,26.8927
124,26.8969
125,26.9013
126,26.9058
127,26.9102
128,26.9146
129,26.9189
130,26.9233
131,26.9279
132,26.9324
133,26.9368
134,26.9411
135,26.9453
136,26.9494
137,26.9534
138,26.9573
139,26.9612
140,26.9649
141,26.9686
142,26.9722
143,26.9757
144,26.9792
145,26.9826
146,26.9859
147,26.9892
148,26.9924
149,26.9956
150,26.9987
151,27.0017
152,27.005
153,27.0085
154,27.0126
155,27.0168
156,27.0215
157,27.0262
158,27.0309
159,27.0358
160,27.0409
161,27.046
162,27.051
163,27.056
164,27.0609
165,27.0658
166,27.0709
167,27.0764
168,27.0817
169,27.0869
170,27.0924
171,27.0981
172,27.1043
173,27.1106
174,27.1173
175,27.1241
176,27.1313
177,27.1386
178,27.1458
179,27.1533
180,27.1608
181,27.1683
182,27.1761
183,27.1838
184,27.1915
185,27.1992
186,27.2071
187,27.2149
188,27.2226
189,27.2302
190,27.2377
191,27.2455
192,27.2532
193,27.2609
194,27.2684
195,27.276
196,27.2838
197,27.2915
198,27.2991
199,27.3067
200,27.3141
201,27.3216
202,27.3292
203,27.3368
204,27.3443
205,27.3517
206,27.3591
207,27.3664
208,27.374
209,27.3816
210,27.3891
211,27.3966
212,27.4041
213,27.4119
214,27.4196
215,27.4272
216,27.4347
217,27.4422
218,27.4501
219,27.4579
220,27.4657
221,27.4735
222,27.4817
223,27.4899
224,27.4981
225,27.5067
226,27.5152
227,27.5239
228,27.5329
229,27.542
230,27.5516
231,27.5613
232,27.5708
233,27.5801
234,27.5893
235,27.5983
236,27.6072
237,27.616
238,27.6246
239,27.6332
240,27.6415
241,27.6498
242,27.658
243,27.666
244,27.674
245,27.6818
246,27.69
247,27.6983
248,27.7067
249,27.7154
250,27.7241
251,27.7327
252,27.7414
253,27.7505
254,27.7596
255,27.7689
256,27.7787
257,27.7887
258,27.7985
259,27.8083
260,27.8179
261,27.8274
262,27.8372
263,27.847
264,27.8569
265,27.8672
266,27.8777
267,27.8883
268,27.8987
269,27.9089
270,27.919
271,27.929
272,27.9388
273,27.9485
274,27.9581
275,27.9675
276,27.9768
277,27.986
278,27.9951
279,28.0041
280,28.0129
281,28.0217
282,28.0304
283,28.0389
284,28.0474
285,28.0558
286,28.0641
287,28.0727
288,28.0816
289,28.0907
290,28.1002
291,28.1098
292,28.1194
293,28.1289
294,28.1384
295,28.1477
296,28.1569
297,28.1661
298,28.1752
299,28.1843
300,28.1932
301,28.2021
302,28.2109
303,28.2197
304,28.2288
305,28.2381
306,28.2475
307,28.2574
308,28.2676
309,28.2778
310,28.2879
311,28.2981
312,28.3082
313,28.3188
314,28.3296
315,28.3404
316,28.3511
317,28.3619
318,28.3726
319,28.3837
320,28.3949
321,28.4062
322,28.4175
323,28.4287
324,28.4398
325,28.4508
326,28.4618
327,28.4728
328,28.4836
329,28.4949
330,28.5063
331,28.5179
332,28.5293
333,28.5407
334,28.5521
335,28.5634
336,28.5746
337,28.5857
338,28.5968
339,28.6082
340,28.6198
341,28.6315
342,28.6432
343,28.6548
344,28.6664
345,28.678
346,28.6895
347,28.7014
348,28.7135
349,28.7258
350,28.7381
351,28.7502
352,28.7624
353,28.7744
354,28.7869
355,28.7997
356,28.8125
357,28.8253
358,28.8382
359,28.8515
360,28.8651
361,28.8788
362,28.8926
363,28.9063
364,28.92
365,28.9336
366,28.9471
367,28.9605
368,28.9744
369,28.9885
370,29.0027
371,29.017
372,29.0312
373,29.046
374,29.0611
375,29.0763
376,29.0915
377,29.1067
378,29.1218
379,29.1367
380,29.1515
381,29.1662
382,29.1807
383,29.1951
384,29.2094
385,29.2236
386,29.2377
387,29.2516
388,29.2654
389,29.2792
390,29.2928
391,29.3063
392,29.3197
393,29.333
394,29.3463
395,29.3594
396,29.3724
397,29.3854
398,29.3982
399,29.411
400,29.4237
401,29.4363
402,29.4488
403,29.4613
404,29.4736
405,29.4859
406,29.4982
407,29.5103
408,29.5224
409,29.5344
410,29.5464
411,29.5582
412,29.5701
413,29.5818
414,29.5935
415,29.6051
416,29.6167
417,29.6282
418,29.6397
419,29.6511
420,29.6624
421,29.6737
422,29.6849
423,29.6961
424,29.7073
425,29.7184
426,29.7294
427,29.7404
428,29.7513
429,29.7622
430,29.7731
431,29.7839
432,29.7946
433,29.8053
434,29.816
435,29.8266
436,29.8372
437,29.8478
438,29.8583
439,29.8687
440,29.8792
441,29.8896
442,29.8999
443,29.9102
444,29.9205
445,29.9307
446,29.941
447,29.9511
448,29.9613
449,29.9714
450,29.9814
451,29.9915
452,30.0015
453,30.0114
454,30.0214
455,30.0313
456,30.0411
457,30.051
458,30.0608
459,30.0706
460,30.0803
461,30.09
462,30.0997
463,30.1094
464,30.119
465,30.1286
466,30.1382
467,30.1477
468,30.1572
469,30.1667
470,30.1761
471,30.1856
472,30.195
473,30.2044
474,30.2137
475,30.223
476,30.2323
477,30.2416
478,30.2508
479,30.26
480,30.2692
481,30.2784
482,30.2875
483,30.2966
484,30.3057
485,30.3148
486,30.3238
487,30.3328
488,30.3418
489,30.3507
490,30.3597
491,30.3686
492,30.3774
493,30.3863
494,30.3951
495,30.4039
496,30.4127
497,30.4215
498,30.4302
499,30.4389
500,30.4476
501,30.4563
502,30.4649
503,30.4735
504,30.4821
505,30.4907
506,30.4992
507,30.5077
508,30.5162
509,30.5247
510,30.5331
511,30.5415
512,30.5499
513,30.5583
514,30.5667
515,30.575
516,30.5833
517,30.5916
518,30.5998
519,30.608
520,30.6162
521,30.6244
522,30.6326
523,30.6407
524,30.6488
525,30.6569
526,30.665
527,30.673
528,30.681
529,30.689
530,30.697
531,30.7049
532,30.7129
533,30.7208
534,30.7286
535,30.7365
536,30.7443
537,30.7521
538,30.7599
539,30.7677
540,30.7754
541,30.7831
542,30.7908
543,30.7984
544,30.8061
545,30.8137
546,30.8213
547,30.8289
548,30.8364
549,30.8439
550,30.8514
551,30.8589
552,30.8663
553,30.8738
554,30.8812
555,30.8885
556,30.8959
557,30.9032
558,30.9105
559,30.9178
560,30.9251
561,30.9323
562,30.9395
563,30.9467
564,30.9538
565,30.961
566,30.9681
567,30.9752
568,30.9823
569,30.9893
570,30.9963
571,31.0033
572,31.0103
573,31.0172
574,31.0241
575,31.031
576,31.0379
577,31.0448
578,31.0516
579,31.0584
580,31.0652
581,31.0719
582,31.0786
583,31.0853
584,31.092
585,31.0987
586,31.1053
587,31.1119
588,31.1185
589,31.1251
590,31.1316
591,31.1381
592,31.1446
593,31.1511
594,31.1575
595,31.1639
596,31.1703
597,31.1767
598,31.183
599,31.1894
600,31.1956
601,31.2019
602,31.2082
603,31.2144
604,31.2206
605,31.2268
606,31.2329
607,31.239
608,31.2451
609,31.2512
610,31.2573
611,31.2633
612,31.2693
613,31.2753
614,31.2813
615,31.2872
616,31.2931
617,31.299
618,31.3049
619,31.3107
620,31.3165
621,31.3223
622,31.3281
623,31.3338
624,31.3395
625,31.3452
626,31.3509
627,31.3566
628,31.3622
629,31.3678
630,31.3734
631,31.3789
632,31.3844
633,31.3899
634,31.3954
635,31.4009
636,31.4063
637,31.4117
638,31.4171
639,31.4225
640,31.4278
641,31.4332
642,31.4385
643,31.4437
644,31.449
645,31.4542
646,31.4594
647,31.4646
648,31.4697
649,31.4749
650,31.48
651,31.4851
652,31.4901
653,31.4952
654,31.5002
655,31.5052
656,31.5102
657,31.5151
658,31.52
659,31.5249
660,31.5298
661,31.5347
662,31.5395
663,31.5443
664,31.5491
665,31.5539
666,31.5586
667,31.5633
668,31.568
669,31.5727
670,31.5774
671,31.582
672,31.5866
673,31.5912
674,31.5958
675,31.6003
676,31.6048
677,31.6093
678,31.6138
679,31.6183
680,31.6227
681,31.6271
682,31.6315
683,31.6359
684,31.6402
685,31.6446
686,31.6489
687,31.6531
688,31.6574
689,31.6616
690,31.6659
691,31.6701
692,31.6742
693,31.6784
694,31.6825
695,31.6866
696,31.6907
697,31.6948
698,31.6989
699,31.7029
700,31.7069
701,31.7109
702,31.7148
703,31.7188
704,31.7227
705,31.7266
706,31.7305
707,31.7344
708,31.7382
709,31.742
710,31.7458
711,31.7496
712,31.7534
713,31.7571
714,31.7609
715,31.7646
716,31.7682
717,31.7719
718,31.7756
719,31.7792
720,31.7828
721,31.7864
722,31.7899
723,31.7935
724,31.797
725,31.8005
726,31.804
727,31.8075
728,31.8109
729,31.8144
730,31.8178
731,31.8212
732,31.8245
733,31.8279
734,31.8312
735,31.8345
736,31.8378
737,31.8411
738,31.8444
739,31.8476
740,31.8509
741,31.8541
742,31.8573
743,31.8604
744,31.8636
745,31.8667
746,31.8698
747,31.8729
748,31.876
749,31.8791
750,31.8821
751,31.8852
752,31.8882
753,31.8912
754,31.8942
755,31.8971
756,31.9001
757,31.903
758,31.9059
759,31.9088
760,31.9117
761,31.9145
762,31.9174
763,31.9202
764,31.923
765,31.9258
766,31.9286
767,31.9313
768,31.934
769,31.9368
770,31.9395
771,31.9422
772,31.9449
773,31.9475
774,31.9502
775,31.9528
776,31.9554
777,31.958
778,31.9606
779,31.9631
780,31.9657
781,31.9682
782,31.9707
783,31.9733
784,31.9757
785,31.9782
786,31.9807
787,31.9831
788,31.9855
789,31.988
790,31.9904
791,31.9927
792,31.9951
793,31.9975
794,31.9998
795,32.0021
796,32.0044
797,32.0067
798,32.009
799,32.0113
800,32.0135
801,32.0158
802,32.018
803,32.0202
804,32.0224
805,32.0246
806,32.0268
807,32.0289
808,32.0311
809,32.0332
810,32.0353
811,32.0374
812,32.0395
813,32.0416
814,32.0436
815,32.0457
816,32.0477
817,32.0497
818,32.0517
819,32.0537
820,32.0557
821,32.0577
822,32.0596
823,32.0616
824,32.0635
825,32.0654
826,32.0673
827,32.0692
828,32.0711
829,32.073
830,32.0748
831,32.0767
832,32.0785
833,32.0803
834,32.0822
835,32.084
836,32.0857
837,32.0875
838,32.0893
839,32.091
840,32.0928
841,32.0945
842,32.0962
843,32.0979
844,32.0996
845,32.1013
846,32.103
847,32.1046
848,32.1063
849,32.1079
850,32.1095
851,32.1111
852,32.1128
853,32.1143
854,32.1159
855,32.1175
856,32.1191
857,32.1206
858,32.1222
859,32.1237
860,32.1252
861,32.1267
862,32.1282
863,32.1297
864,32.1312
865,32.1326
866,32.1341
867,32.1356
868,32.137
869,32.1384
870,32.1398
871,32.1412
872,32.1426
873,32.144
874,32.1454
875,32.1468
876,32.1482
877,32.1495
878,32.1508
879,32.1522
880,32.1535
881,32.1548
882,32.1561
883,32.1574
884,32.1587
885,32.16
886,32.1613
887,32.1625
888,32.1638
889,32.165
890,32.1662
891,32.1675
892,32.1687
893,32.1699
894,32.1711
895,32.1723
896,32.1735
897,32.1746
898,32.1758
899,32.177
900,32.1781
901,32.1793
902,32.1804
903,32.1815
904,32.1826
905,32.1837
906,32.1848
907,32.1859
908,32.187
909,32.1881
910,32.1892
911,32.1902
912,32.1913
913,32.1923
914,32.1934
915,32.1944
916,32.1954
917,32.1965
918,32.1975
919,32.1985
920,32.1995
921,32.2005
922,32.2014
923,32.2024
924,32.2034
925,32.2043
926,32.2053
927,32.2062
928,32.2072
929,32.2081
930,32.209
931,32.21
932,32.2109
933,32.2118
934,32.2127
935,32.2136
936,32.2145
937,32.2153
938,32.2162
939,32.2171
940,32.2179
941,32.2188
942,32.2196
943,32.2205
944,32.2213
945,32.2221
946,32.223
947,32.2238
948,32.2246
949,32.2254
950,32.2262
951,32.227
952,32.2278
953,32.2286
954,32.2293
955,32.2301
956,32.2309
957,32.2316
958,32.2324
959,32.2331
960,32.2339
961,32.2346
962,32.2353
963,32.2361
964,32.2368
965,32.2375
966,32.2382
967,32.2389
968,32.2396
969,32.2403
970,32.241
971,32.2417
972,32.2423
973,32.243
974,32.2437
975,32.2443
976,32.245
977,32.2457
978,32.2463
979,32.2469
980,32.2476
981,32.2482
982,32.2488
983,32.2495
984,32.2501
985,32.2507
986,32.2513
987,32.2519
988,32.2525
989,32.2531
990,32.2537
991,32.2543
992,32.2549
993,32.2554
994,32.256
995,32.2566
996,32.2571
997,32.2577
998,32.2583
999,32.2588
1000,32.2594
1001,32.2599
1002,32.2604
1003,32.261
1004,32.2615
1005,32.262
1006,32.2626
1007,32.2631
1008,32.2636
1009,32.2641
1010,32.2646
1011,32.2651
1012,32.2656
1013,32.2661
1014,32.2666
1015,32.2671
1016,32.2676
1017,32.268
1018,32.2685
1019,32.269
1020,32.2695
1021,32.2699
1022,32.2704
1023,32.2708
1024,32.2713
1025,32.2717
1026,32.2722
1027,32.2726
1028,32.2731
1029,32.2735
1030,32.2739
1031,32.2744
1032,32.2748
1033,32.2752
1034,32.2756
1035,32.2761
1036,32.2765
1037,32.2769
1038,32.2773
1039,32.2777
1040,32.2781
1041,32.2785
1042,32.2789
1043,32.2793
1044,32.2797
1045,32.28
1046,32.2804
1047,32.2808
1048,32.2812
1049,32.2816
1050,32.2819
1051,32.2823
1052,32.2827
1053,32.283
1054,32.2834
1055,32.2837
1056,32.2841
1057,32.2844
1058,32.2848
1059,32.2851
1060,32.2855
1061,32.2858
1062,32.2861
1063,32.2865
1064,32.2868
1065,32.2871
1066,32.2875
1067,32.2878
1068,32.2881
1069,32.2884
1070,32.2887
1071,32.289
1072,32.2894
1073,32.2897
1074,32.29
1075,32.2903
1076,32.2906
1077,32.2909
1078,32.2912
1079,32.2915
1080,32.2918
1081,32.292
1082,32.2923
1083,32.2926
1084,32.2929
1085,32.2932
1086,32.2935
1087,32.2937
1088,32.294
1089,32.2943
1090,32.2945
1091,32.2948
1092,32.2951
1093,32.2953
1094,32.2956
1095,32.2958
1096,32.2961
1097,32.2964
1098,32.2966
1099,32.2969
1100,32.2971
1101,32.2974
1102,32.2976
1103,32.2978
1104,32.2981
1105,32.2983
1106,32.2986
1107,32.2988
1108,32.299
1109,32.2992
1110,32.2995
1111,32.2997
1112,32.2999
1113,32.3001
1114,32.3004
1115,32.3006
1116,32.3008
1117,32.301
1118,32.3012
1119,32.3014
1120,32.3017
1121,32.3019
1122,32.3021
1123,32.3023
1124,32.3025
1125,32.3027
1126,32.3029
1127,32.3031
1128,32.3033
1129,32.3035
1130,32.3037
1131,32.3039
1132,32.3041
1133,32.3042
1134,32.3044
1135,32.3046
1136,32.3048
1137,32.305
1138,32.3052
1139,32.3053
1140,32.3055
1141,32.3057
1142,32.3059
1143,32.306
1144,32.3062
1145,32.3064
1146,32.3066
1147,32.3067
1148,32.3069
1149,32.3071
1150,32.3072
1151,32.3074
1152,32.3076
1153,32.3077
1154,32.3079
1155,32.308
1156,32.3082
1157,32.3083
1158,32.3085
1159,32.3086
1160,32.3088
1161,32.3089
1162,32.3091
1163,32.3092
1164,32.3094
1165,32.3095
1166,32.3097
1167,32.3098
1168,32.31
1169,32.3101
1170,32.3102
1171,32.3104
1172,32.3105
1173,32.3107
1174,32.3108
1175,32.3109
1176,32.3111
1177,32.3112
1178,32.3113
1179,32.3114
1180,32.3116
1181,32.3117
1182,32.3118
1183,32.3119
1184,32.3121
1185,32.3122
1186,32.3123
1187,32.3124
1188,32.3126
1189,32.3127
1190,32.3128
1191,32.3129
1192,32.313
1193,32.3131
1194,32.3133
1195,32.3134
1196,32.3135
1197,32.3136
1198,32.3137
1199,32.3138
1200,32.3139
1201,32.314
1202,32.3141
1203,32.3142
1204,32.3143
1205,32.3144
1206,32.3145
1207,32.3146
1208,32.3147
1209,32.3148
1210,32.3149
1211,32.315
1212,32.3151
1213,32.3152
1214,32.3153
1215,32.3154
1216,32.3155
1217,32.3156
1218,32.3157
1219,32.3158
1220,32.3159
1221,32.316
1222,32.3161
1223,32.3162
1224,32.3163
1225,32.3163
1226,32.3164
1227,32.3165
1228,32.3166
1229,32.3167
1230,32.3168
1231,32.3169
1232,32.3169
1233,32.317
1234,32.3171
1235,32.3172
1236,32.3173
1237,32.3173
1238,32.3174
1239,32.3175
1240,32.3176
1241,32.3176
1242,32.3177
1243,32.3178
1244,32.3179
1245,32.3179
1246,32.318
1247,32.3181
1248,32.3182
1249,32.3182
1250,32.3183
1251,32.3184
1252,32.3184
1253,32.3185
1254,32.3186
1255,32.3187
1256,32.3187
1257,32.3188
1258,32.3189
1259,32.3189
1260,32.319
1261,32.319
1262,32.3191
1263,32.3192
1264,32.3192
1265,32.3193
1266,32.3194
1267,32.3194
1268,32.3195
1269,32.3195
1270,32.3196
1271,32.3197
1272,32.3197
1273,32.3198
1274,32.3198
1275,32.3199
1276,32.3199
1277,32.32
1278,32.3201
1279,32.3201
1280,32.3202
1281,32.3202
1282,32.3203
1283,32.3203
1284,32.3204
1285,32.3204
1286,32.3205
1287,32.3205
1288,32.3206
1289,32.3206
1290,32.3207
1291,32.3207
1292,32.3208
1293,32.3208
1294,32.3209
1295,32.3209
1296,32.321
1297,32.321
1298,32.3211
1299,32.3211
1300,32.3212
1301,32.3212
1302,32.3213
1303,32.3213
1304,32.3214
1305,32.3214
1306,32.3214
1307,32.3215
1308,32.3215
1309,32.3216
1310,32.3216
1311,32.3217
1312,32.3217
1313,32.3217
1314,32.3218
1315,32.3218
1316,32.3219
1317,32.3219
1318,32.3219
1319,32.322
1320,32.322
1321,32.3221
1322,32.3221
1323,32.3221
1324,32.3222
1325,32.3222
1326,32.3222
1327,32.3223
1328,32.3223
1329,32.3224
1330,32.3224
1331,32.3224
1332,32.3225
1333,32.3225
1334,32.3225
1335,32.3226
1336,32.3226
1337,32.3226
1338,32.3227
1339,32.3227
1340,32.3227
1341,32.3228
1342,32.3228
1343,32.3228
1344,32.3229
1345,32.3229
1346,32.3229
1347,32.3229
1348,32.323
1349,32.323
1350,32.323
1351,32.3231
1352,32.3231
1353,32.3231
1354,32.3232
1355,32.3232
1356,32.3232
1357,32.3232
1358,32.3233
1359,32.3233
1360,32.3233
1361,32.3233
1362,32.3234
1363,32.3234
1364,32.3234
1365,32.3235
1366,32.3235
1367,32.3235
1368,32.3235
1369,32.3236
1370,32.3236
1371,32.3236
1372,32.3236
1373,32.3237
1374,32.3237
1375,32.3237
1376,32.3237
1377,32.3238
1378,32.3238
1379,32.3238
1380,32.3238
1381,32.3238
1382,32.3239
1383,32.3239
1384,32.3239
1385,32.3239
1386,32.324
1387,32.324
1388,32.324
1389,32.324
1390,32.324
1391,32.3241
1392,32.3241
1393,32.3241
1394,32.3241
1395,32.3241
1396,32.3242
1397,32.3242
1398,32.3242
1399,32.3242
1400,32.3242
1401,32.3243
1402,32.3243
1403,32.3243
1404,32.3243
1405,32.3243
1406,32.3244
1407,32.3244
1408,32.3244
1409,32.3244
1410,32.3244
1411,32.3244
1412,32.3245
1413,32.3245
1414,32.3245
1415,32.3245
1416,32.3245
1417,32.3245
1418,32.3246
1419,32.3246
1420,32.3246
1421,32.3246
1422,32.3246
1423,32.3246
1424,32.3247
1425,32.3247
1426,32.3247
1427,32.3247
1428,32.3247
1429,32.3247
1430,32.3247
1431,32.3248
1432,32.3248
1433,32.3248
1434,32.3248
1435,32.3248
1436,32.3248
1437,32.3248
1438,32.3249
1439,32.3249
1440,32.3249
1441,32.3249
1442,32.3249
1443,32.3249
1444,32.3249
1445,32.325
1446,32.325
1447,32.325
1448,32.325
1449,32.325
1450,32.325
1451,32.325
1452,32.325
1453,32.3251
1454,32.3251
1455,32.3251
1456,32.3251
1457,32.3251
1458,32.3251
1459,32.3251
1460,32.3251
1461,32.3251
1462,32.3252
1463,32.3252
1464,32.3252
1465,32.3252
1466,32.3252
1467,32.3252
1468,32.3252
1469,32.3252
1470,32.3252
1471,32.3253
1472,32.3253
1473,32.3253
1474,32.3253
1475,32.3253
1476,32.3253
1477,32.3253
1478,32.3253
1479,32.3253
1480,32.3253
1481,32.3254
1482,32.3254
1483,32.3254
1484,32.3254
1485,32.3254
1486,32.3254
1487,32.3254
1488,32.3254
1489,32.3254
1490,32.3254
1491,32.3254
1492,32.3255
1493,32.3255
1494,32.3255
1495,32.3255
1496,32.3255
1497,32.3255
1498,32.3255
1499,32.3255
1500,32.3255
1501,32.3255
1502,32.3255
1503,32.3255
1504,32.3255
1505,32.3256
1506,32.3256
1507,32.3256
1508,32.3256
1509,32.3256
1510,32.3256
1511,32.3256
1512,32.3256
1513,32.3256
1514,32.3256
1515,32.3256
1516,32.3256
1517,32.3256
1518,32.3257
1519,32.3257
1520,32.3257
1521,32.3257
1522,32.3257
1523,32.3257
1524,32.3257
1525,32.3257
1526,32.3257
1527,32.3257
1528,32.3257
1529,32.3257
1530,32.3257
1531,32.3257
1532,32.3257
1533,32.3257
1534,32.3258
1535,32.3258
1536,32.3258
1537,32.3258
1538,32.3258
1539,32.3258
1540,32.3258
1541,32.3258
1542,32.3258
1543,32.3258
1544,32.3258
1545,32.3258
1546,32.3258
1547,32.3258
1548,32.3258
1549,32.3258
1550,32.3258
1551,32.3258
1552,32.3258
1553,32.3259
1554,32.3259
1555,32.3259
1556,32.3259
1557,32.3259
1558,32.3259
1559,32.3259
1560,32.3259
1561,32.3259
1562,32.3259
1563,32.3259
1564,32.3259
1565,32.3259
1566,32.3259
1567,32.3259
1568,32.3259
1569,32.3259
1570,32.3259
1571,32.3259
1572,32.3259
1573,32.3259
1574,32.3259
1575,32.326
1576,32.326
1577,32.326
1578,32.326
1579,32.326
1580,32.326
1581,32.326
1582,32.326
1583,32.326
1584,32.326
1585,32.326
1586,32.326
1587,32.326
1588,32.326
1589,32.326
1590,32.326
1591,32.326
1592,32.326
1593,32.326
1594,32.326
1595,32.326
1596,32.326
1597,32.326
1598,32.326
1599,32.326
1600,32.326
1601,32.326
1602,32.3261
1603,32.3261
1604,32.3261
1605,32.3261
1606,32.3261
1607,32.3261
1608,32.3261
1609,32.3261
1610,32.3261
1611,32.3261
1612,32.3261
1613,32.3261
1614,32.3261
1615,32.3261
1616,32.3261
1617,32.3261
1618,32.3261
1619,32.3261
1620,32.3261
1621,32.3261
1622,32.3261
1623,32.3261
1624,32.3261
1625,32.3261
1626,32.3261
1627,32.3261
1628,32.3261
1629,32.3261
1630,32.3261
1631,32.3261
1632,32.3261
1633,32.3261
1634,32.3261
1635,32.3261
1636,32.3261
1637,32.3261
1638,32.3261
1639,32.3262
1640,32.3262
1641,32.3262
1642,32.3262
1643,32.3262
1644,32.3262
1645,32.3262
1646,32.3262
1647,32.3262
1648,32.3262
1649,32.3262
1650,32.3262
1651,32.3262
1652,32.3262
1653,32.3262
1654,32.3262
1655,32.3262
1656,32.3262
1657,32.3262
1658,32.3262
1659,32.3262
1660,32.3262
1661,32.3262
1662,32.3262
1663,32.3262
1664,32.3262
1665,32.3262
1666,32.3262
1667,32.3262
1668,32.3262
1669,32.3262
1670,32.3262
1671,32.3262
1672,32.3262
1673,32.3262
1674,32.3262
1675,32.3262
1676,32.3262
1677,32.3262
1678,32.3262
1679,32.3262
1680,32.3262
1681,32.3262
1682,32.3262
1683,32.3262
1684,32.3262
1685,32.3262
1686,32.3262
1687,32.3262
1688,32.3262
1689,32.3262
1690,32.3262
1691,32.3262
1692,32.3262
1693,32.3262
1694,32.3263
1695,32.3263
1696,32.3263
1697,32.3263
1698,32.3263
1699,32.3263
1700,32.3263
1701,32.3263
1702,32.3263
1703,32.3263
1704,32.3263
1705,32.3263
1706,32.3263
1707,32.3263
1708,32.3263
1709,32.3263
1710,32.3263
1711,32.3263
1712,32.3263
1713,32.3263
1714,32.3263
1715,32.3263
1716,32.3263
1717,32.3263
1718,32.3263
1719,32.3263
1720,32.3263
1721,32.3263
1722,32.3263
1723,32.3263
1724,32.3263
1725,32.3263
1726,32.3263
1727,32.3263
1728,32.3263
1729,32.3263
1730,32.3263
1731,32.3263
1732,32.3263
1733,32.3263
1734,32.3263
1735,32.3263
1736,32.3263
1737,32.3263
1738,32.3263
1739,32.3263
1740,32.3263
1741,32.3263
1742,32.3263
1743,32.3263
1744,32.3263
1745,32.3263
1746,32.3263
1747,32.3263
1748,32.3263
1749,32.3263
1750,32.3263
1751,32.3263
1752,32.3263
1753,32.3263
1754,32.3263
1755,32.3263
1756,32.3263
1757,32.3263
1758,32.3263
1759,32.3263
1760,32.3263
1761,32.3263
1762,32.3263
1763,32.3263
1764,32.3263
1765,32.3263
1766,32.3263
1767,32.3263
1768,32.3263
1769,32.3263
1770,32.3263
1771,32.3263
1772,32.3263
1773,32.3263
1774,32.3263
1775,32.3263
1776,32.3263
1777,32.3263
1778,32.3263
1779,32.3263
1780,32.3263
1781,32.3263
1782,32.3263
1783,32.3263
1784,32.3263
1785,32.3263
1786,32.3263
1787,32.3263
1788,32.3263
1789,32.3263
1790,32.3263
1791,32.3263
1792,32.3263
1793,32.3263
1794,32.3263
1795,32.3263
1796,32.3263
1797,32.3263
1798,32.3263
1799,32.3263
1800,32.3263
1801,32.3263
1802,32.3263
1803,32.3263
1804,32.3263
1805,32.3263
1806,32.3263
1807,32.3263
1808,32.3263
1809,32.3264
1810,32.3264
1811,32.3264
1812,32.3264
1813,32.3264
1814,32.3264
1815,32.3264
1816,32.3264
1817,32.3264
1818,32.3264
1819,32.3264
1820,32.3264
1821,32.3264
1822,32.3264
1823,32.3264
1824,32.3264
1825,32.3264
1826,32.3264
1827,32.3264
1828,32.3264
1829,32.3264
1830,32.3264
1831,32.3264
1832,32.3264
1833,32.3264
1834,32.3264
1835,32.3264
1836,32.3264
1837,32.3264
1838,32.3264
1839,32.3264
1840,32.3264
1841,32.3264
1842,32.3264
1843,32.3264
1844,32.3264
1845,32.3264
1846,32.3264
1847,32.3264
1848,32.3264
1849,32.3264
1850,32.3264
1851,32.3264
1852,32.3264
1853,32.3264
1854,32.3264
1855,32.3264
1856,32.3264
1857,32.3264
1858,32.3264
1859,32.3264
1860,32.3264
1861,32.3264
1862,32.3264
1863,32.3264
1864,32.3264
1865,32.3264
1866,32.3264
1867,32.3264
1868,32.3264
1869,32.3264
1870,32.3264
1871,32.3264
1872,32.3264
1873,32.3264
1874,32.3264
1875,32.3264
1876,32.3264
1877,32.3264
1878,32.3264
1879,32.3264
1880,32.3264
1881,32.3264
1882,32.3264
1883,32.3264
1884,32.3264
1885,32.3264
1886,32.3264
1887,32.3264
1888,32.3264
1889,32.3264
1890,32.3264
1891,32.3264
1892,32.3264
1893,32.3264
1894,32.3264
1895,32.3264
1896,32.3264
1897,32.3264
1898,32.3264
1899,32.3264
1900,32.3264
1901,32.3264
1902,32.3264
1903,32.3264
1904,32.3264
1905,32.3264
1906,32.3264
1907,32.3264
1908,32.3264
1909,32.3264
1910,32.3264
1911,32.3264
1912,32.3264
1913,32.3264
1914,32.3264
1915,32.3264
1916,32.3264
1917,32.3264
1918,32.3264
1919,32.3264
1920,32.3264
1921,32.3264
1922,32.3264
1923,32.3264
1924,32.3264
1925,32.3264
1926,32.3264
1927,32.3264
1928,32.3264
1929,32.3264
1930,32.3264
1931,32.3264
1932,32.3264
1933,32.3264
1934,32.3264
1935,32.3264
1936,32.3264
1937,32.3264
1938,32.3264
1939,32.3264
1940,32.3264
1941,32.3264
1942,32.3264
1943,32.3264
1944,32.3264
1945,32.3264
1946,32.3264
1947,32.3264
1948,32.3264
1949,32.3264
1950,32.3264
1951,32.3264
1952,32.3264
1953,32.3264
1954,32.3264
1955,32.3264
1956,32.3264
1957,32.3264
1958,32.3264
1959,32.3264
1960,32.3264
1961,32.3264
1962,32.3264
1963,32.3264
1964,32.3264
1965,32.3264
1966,32.3264
1967,32.3264
1968,32.3264
1969,32.3264
1970,32.3264
1971,32.3264
1972,32.3264
1973,32.3264
1974,32.3264
1975,32.3264
1976,32.3264
1977,32.3264
1978,32.3264
1979,32.3264
1980,32.3264
1981,32.3264
1982,32.3264
1983,32.3264
1984,32.3264
1985,32.3264
1986,32.3264
1987,32.3264
1988,32.3264
1989,32.3264
1990,32.3264
1991,32.3264
1992,32.3264
1993,32.3264
1994,32.3264
1995,32.3264
1996,32.3264
1997,32.3264
1998,32.3264
1999,32.3264
2000,32.3264
