step,0,1,2,3,4,5,6,7,8,9,10,11,12,13,14,15,16,17,18,19,20,21,22,23,24,25,26,27,28,29,30,31,32,33,34,35,36,37,38,39,40,41,42,43,44,45,46,47,48,49,50,51,52,53,54,55,56,57,58,59,60,61,62,63,64,65,66,67,68,69,70,71,72,73,74,75,76,77,78,79,80,81,82,83,84
0,0,1.42857,0,0,0,0,0,0,0,0,0,0,0,0,0,0,0,0,1.42857,0,0,0,0,0,0,0,0,0,0,0,0,0,0,0,0,1.42857,0,0,0,0,0,0,0,0,0,0,0,0,0,0,0,0,1.42857,0,0,0,0,0,0,0,0,0,0,0,0,0,0,0,0,1.42857,0,0,0,0,0,0,0,0,0,0,0,0,0,0,0
1,0,1.42857,0,0,0,0,0,0,0,0,0,0,0,0,0,0,0,0,1.42857,0,0,0,0,0,0,0,0,0,0,0,0,0,0,0,0,1.42857,0,0,0,0,0,0,0,0,0,0,0,0,0,0,0,0,1.42857,0,0,0,0,0,0,0,0,0,0,0,0,0,0,0,0,1.42857,0,0,0,0,0,0,0,0,0,0,0,0,0,0,0
2,0,1.42857,0,0,0,0,0,0,0,0,0,0,0,0,0,0,0,0,1.42857,0,0,0,0,0,0,0,0,0,0,0,0,0,0,0,0,1.42857,0,0,0,0,0,0,0,0,0,0,0,0,0,0,0,0,1.42857,0,0,0,0,0,0,0,0,0,0,0,0,0,0,0,0,1.42857,0,0,0,0,0,0,0,0,0,0,0,0,0,0,0
3,0,1.42857,0,0,0,0,0,0,0,0,0,0,0,0,0,0,0,0,1.42857,0,0,0,0,0,0,0,0,0,0,0,0,0,0,0,0,1.42857,0,0,0,0,0,0,0,0,0,0,0,0,0,0,0,0,1.42857,0,0,0,0,0,0,0,0,0,0,0,0,0,0,0,0,1.42857,0,0,0,0,0,0,0,0,0,0,0,0,0,0,0
4,0,1.42857,0,0,0,0,0,0,0,0,0,0,0,0,0,0,0,0,1.42857,0,0,0,0,0,0,0,0,0,0,0,0,0,0,0,0,1.42857,0,0,0,0,0,0,0,0,0,0,0,0,0,0,0,0,1.42857,0,0,0,0,0,0,0,0,0,0,0,0,0,0,0,0,1.42857,0,0,0,0,0,0,0,0,0,0,0,0,0,0,0
5,0,1.42857,0,0,0,0,0,0,0,0,0,0,0,0,0,0,0,0,1.42857,0,0,0,0,0,0,0,0,0,0,0,0,0,0,0,0,1.42857,0,0,0,0,0,0,0,0,0,0,0,0,0,0,0,0,1.42857,0,0,0,0,0,0,0,0,0,0,0,0,0,0,0,0,1.42857,0,0,0,0,0,0,0,0,0,0,0,0,0,0,0
6,0,2.85714,0,0,0,0,0,0,0,0,0,0,0,0,0,0,0,0,2.85714,0,0,0,0,0,0,0,0,0,0,0,0,0,0,0,0,2.85714,0,0,0,0,0,0,0,0,0,0,0,0,0,0,0,0,2.85714,0,0,0,0,0,0,0,0,0,0,0,0,0,0,0,0,2.85714,0,0,0,0,0,0,0,0,0,0,0,0,0,0,0
7,0,2.85714,0,0,0,0,0,0,0,0,0,0,0,0,0,0,0,0,2.85714,0,0,0,0,0,0,0,0,0,0,0,0,0,0,0,0,2.85714,0,0,0,0,0,0,0,0,0,0,0,0,0,0,0,0,2.85714,0,0,0,0,0,0,0,0,0,0,0,0,0,0,0,0,2.85714,0,0,0,0,0,0,0,0,0,0,0,0,0,0,0
8,0,2.85714,0,0,0,0,0,0,0,0,0,0,0,0,0,0,0,0,2.85714,0,0,0,0,0,0,0,0,0,0,0,0,0,0,0,0,2.85714,0,0,0,0,0,0,0,0,0,0,0,0,0,0,0,0,2.85714,0,0,0,0,0,0,0,0,0,0,0,0,0,0,0,0,2.85714,0,0,0,0,0,0,0,0,0,0,0,0,0,0,0
9,0,2.85714,0,0,0,0,0,0,0,0,0,0,0,0,0,0,0,0,2.85714,0,0,0,0,0,0,0,0,0,0,0,0,0,0,0,0,2.85714,0,0,0,0,0,0,0,0,0,0,0,0,0,0,0,0,2.85714,0,0,0,0,0,0,0,0,0,0,0,0,0,0,0,0,2.85714,0,0,0,0,0,0,0,0,0,0,0,0,0,0,0
10,0,2.85714,0,0,0,0,0,0,0,0,0,0,0,0,0,0,0,0,2.85714,0,0,0,0,0,0,0,0,0,0,0,0,0,0,0,0,2.85714,0,0,0,0,0,0,0,0,0,0,0,0,0,0,0,0,2.85714,0,0,0,0,0,0,0,0,0,0,0,0,0,0,0,0,2.85714,0,0,0,0,0,0,0,0,0,0,0,0,0,0,0
11,0,2.85714,0,0,0,0,0,0,0,0,0,0,0,0,0,0,0,0,2.85714,0,0,0,0,0,0,0,0,0,0,0,0,0,0,0,0,2.85714,0,0,0,0,0,0,0,0,0,0,0,0,0,0,0,0,2.85714,0,0,0,0,0,0,0,0,0,0,0,0,0,0,0,0,2.85714,0,0,0,0,0,0,0,0,0,0,0,0,0,0,0
12,0,2.85714,0,0,0,0,0,0,0,0,0,0,0,0,0,0,0,0,2.85714,0,0,0,0,0,0,0,0,0,0,0,0,0,0,0,0,2.85714,0,0,0,0,0,0,0,0,0,0,0,0,0,0,0,0,2.85714,0,0,0,0,0,0,0,0,0,0,0,0,0,0,0,0,2.85714,0,0,0,0,0,0,0,0,0,0,0,0,0,0,0
13,0,4.28571,0,0,0,0,0,0,0,0,0,0,0,0,0,0,0,0,4.28571,0,0,0,0,0,0,0,0,0,0,0,0,0,0,0,0,4.28571,0,0,0,0,0,0,0,0,0,0,0,0,0,0,0,0,4.28571,0,0,0,0,0,0,0,0,0,0,0,0,0,0,0,0,4.28571,0,0,0,0,0,0,0,0,0,0,0,0,0,0,0
14,0,4.28571,0,0,0,0,0,0,0,0,0,0,0,0,0,0,0,0,4.28571,0,0,0,0,0,0,0,0,0,0,0,0,0,0,0,0,4.28571,0,0,0,0,0,0,0,0,0,0,0,0,0,0,0,0,4.28571,0,0,0,0,0,0,0,0,0,0,0,0,0,0,0,0,4.28571,0,0,0,0,0,0,0,0,0,0,0,0,0,0,0
15,0,4.28571,0,0,0,0,0,0,0,0,0,0,0,0,0,0,0,0,4.28571,0,0,0,0,0,0,0,0,0,0,0,0,0,0,0,0,4.28571,0,0,0,0,0,0,0,0,0,0,0,0,0,0,0,0,4.28571,0,0,0,0,0,0,0,0,0,0,0,0,0,0,0,0,4.28571,0,0,0,0,0,0,0,0,0,0,0,0,0,0,0
16,0,5.71429,0,0,0,0,0,0,0,0,0,0,0,0,0,0,0,0,5.71429,0,0,0,0,0,0,0,0,0,0,0,0,0,0,0,0,5.71429,0,0,0,0,0,0,0,0,0,0,0,0,0,0,0,0,5.71429,0,0,0,0,0,0,0,0,0,0,0,0,0,0,0,0,5.71429,0,0,0,0,0,0,0,0,0,0,0,0,0,0,0
17,0,5.71429,0,0,0,0,0,0,0,0,0,0,0,0,0,0,0,0,5.71429,0,0,0,0,0,0,0,0,0,0,0,0,0,0,0,0,5.71429,0,0,0,0,0,0,0,0,0,0,0,0,0,0,0,0,5.71429,0,0,0,0,0,0,0,0,0,0,0,0,0,0,0,0,5.71429,0,0,0,0,0,0,0,0,0,0,0,0,0,0,0
18,0,5.71429,0,0,0,0,0,0,0,0,0,0,0,0,0,0,0,0,5.71429,0,0,0,0,0,0,0,0,0,0,0,0,0,0,0,0,5.71429,0,0,0,0,0,0,0,0,0,0,0,0,0,0,0,0,5.71429,0,0,0,0,0,0,0,0,0,0,0,0,0,0,0,0,5.71429,0,0,0,0,0,0,0,0,0,0,0,0,0,0,0
19,0,5.71429,0,0,0,0,0,0,0,0,0,0,0,0,0,0,0,0,5.71429,0,0,0,0,0,0,0,0,0,0,0,0,0,0,0,0,5.71429,0,0,0,0,0,0,0,0,0,0,0,0,0,0,0,0,5.71429,0,0,0,0,0,0,0,0,0,0,0,0,0,0,0,0,5.71429,0,0,0,0,0,0,0,0,0,0,0,0,0,0,0
20,0,5.71429,0,0,0,0,0,0,0,0,0,0,0,0,0,0,0,0,5.71429,0,0,0,0,0,0,0,0,0,0,0,0,0,0,0,0,5.71429,0,0,0,0,0,0,0,0,0,0,0,0,0,0,0,0,5.71429,0,0,0,0,0,0,0,0,0,0,0,0,0,0,0,0,5.71429,0,0,0,0,0,0,0,0,0,0,0,0,0,0,0
21,0,5.71429,0,0,0,0,0,0,0,0,0,0,0,0,0,0,0,0,5.71429,0,0,0,0,0,0,0,0,0,0,0,0,0,0,0,0,5.71429,0,0,0,0,0,0,0,0,0,0,0,0,0,0,0,0,5.71429,0,0,0,0,0,0,0,0,0,0,0,0,0,0,0,0,5.71429,0,0,0,0,0,0,0,0,0,0,0,0,0,0,0
22,0,5.71429,0,0,0,0,0,0,0,0,0,0,0,0,0,0,0,0,5.71429,0,0,0,0,0,0,0,0,0,0,0,0,0,0,0,0,5.71429,0,0,0,0,0,0,0,0,0,0,0,0,0,0,0,0,5.71429,0,0,0,0,0,0,0,0,0,0,0,0,0,0,0,0,5.71429,0,0,0,0,0,0,0,0,0,0,0,0,0,0,0
23,0,5.71429,0,0,0,0,0,0,0,0,0,0,0,0,0,0,0,0,5.71429,0,0,0,0,0,0,0,0,0,0,0,0,0,0,0,0,5.71429,0,0,0,0,0,0,0,0,0,0,0,0,0,0,0,0,5.71429,0,0,0,0,0,0,0,0,0,0,0,0,0,0,0,0,5.71429,0,0,0,0,0,0,0,0,0,0,0,0,0,0,0
24,0,5.71429,0,0,0,0,0,0,0,0,0,0,0,0,0,0,0,0,5.71429,0,0,0,0,0,0,0,0,0,0,0,0,0,0,0,0,5.71429,0,0,0,0,0,0,0,0,0,0,0,0,0,0,0,0,5.71429,0,0,0,0,0,0,0,0,0,0,0,0,0,0,0,0,5.71429,0,0,0,0,0,0,0,0,0,0,0,0,0,0,0
25,0,5.71429,0,0,0,0,0,0,0,0,0,0,0,0,0,0,0,0,5.71429,0,0,0,0,0,0,0,0,0,0,0,0,0,0,0,0,5.71429,0,0,0,0,0,0,0,0,0,0,0,0,0,0,0,0,5.71429,0,0,0,0,0,0,0,0,0,0,0,0,0,0,0,0,5.71429,0,0,0,0,0,0,0,0,0,0,0,0,0,0,0
26,0,5.71429,0,0,0,0,0,0,0,0,0,0,0,0,0,0,0,0,5.71429,0,0,0,0,0,0,0,0,0,0,0,0,0,0,0,0,5.71429,0,0,0,0,0,0,0,0,0,0,0,0,0,0,0,0,5.71429,0,0,0,0,0,0,0,0,0,0,0,0,0,0,0,0,5.71429,0,0,0,0,0,0,0,0,0,0,0,0,0,0,0
27,0,5.71429,0,0,0,0,0,0,0,0,0,0,0,0,0,0,0,0,5.71429,0,0,0,0,0,0,0,0,0,0,0,0,0,0,0,0,5.71429,0,0,0,0,0,0,0,0,0,0,0,0,0,0,0,0,5.71429,0,0,0,0,0,0,0,0,0,0,0,0,0,0,0,0,5.71429,0,0,0,0,0,0,0,0,0,0,0,0,0,0,0
28,0,7.14286,0,0,0,0,0,0,0,0,0,0,0,0,0,0,0,0,7.14286,0,0,0,0,0,0,0,0,0,0,0,0,0,0,0,0,7.14286,0,0,0,0,0,0,0,0,0,0,0,0,0,0,0,0,7.14286,0,0,0,0,0,0,0,0,0,0,0,0,0,0,0,0,7.14286,0,0,0,0,0,0,0,0,0,0,0,0,0,0,0
29,0,7.14286,0,0,0,0,0,0,0,0,0,0,0,0,0,0,0,0,7.14286,0,0,0,0,0,0,0,0,0,0,0,0,0,0,0,0,7.14286,0,0,0,0,0,0,0,0,0,0,0,0,0,0,0,0,7.14286,0,0,0,0,0,0,0,0,0,0,0,0,0,0,0,0,7.14286,0,0,0,0,0,0,0,0,0,0,0,0,0,0,0
30,0,7.14286,0,0,0,0,0,0,0,0,0,0,0,0,0,0,0,0,7.14286,0,0,0,0,0,0,0,0,0,0,0,0,0,0,0,0,7.14286,0,0,0,0,0,0,0,0,0,0,0,0,0,0,0,0,7.14286,0,0,0,0,0,0,0,0,0,0,0,0,0,0,0,0,7.14286,0,0,0,0,0,0,0,0,0,0,0,0,0,0,0
31,0,8.57143,0,0,0,0,0,0,0,0,0,0,0,0,0,0,0,0,8.57143,0,0,0,0,0,0,0,0,0,0,0,0,0,0,0,0,8.57143,0,0,0,0,0,0,0,0,0,0,0,0,0,0,0,0,8.57143,0,0,0,0,0,0,0,0,0,0,0,0,0,0,0,0,8.57143,0,0,0,0,0,0,0,0,0,0,0,0,0,0,0
32,0,8.57143,0,0,0,0,0,0,0,0,0,0,0,0,0,0,0,0,8.57143,0,0,0,0,0,0,0,0,0,0,0,0,0,0,0,0,8.57143,0,0,0,0,0,0,0,0,0,0,0,0,0,0,0,0,8.57143,0,0,0,0,0,0,0,0,0,0,0,0,0,0,0,0,8.57143,0,0,0,0,0,0,0,0,0,0,0,0,0,0,0
33,0,8.57143,0,0,0,0,0,0,0,0,0,0,0,0,0,0,0,0,8.57143,0,0,0,0,0,0,0,0,0,0,0,0,0,0,0,0,8.57143,0,0,0,0,0,0,0,0,0,0,0,0,0,0,0,0,8.57143,0,0,0,0,0,0,0,0,0,0,0,0,0,0,0,0,8.57143,0,0,0,0,0,0,0,0,0,0,0,0,0,0,0
34,0,8.57143,0,0,0,0,0,0,0,0,0,0,0,0,0,0,0,0,8.57143,0,0,0,0,0,0,0,0,0,0,0,0,0,0,0,0,8.57143,0,0,0,0,0,0,0,0,0,0,0,0,0,0,0,0,8.57143,0,0,0,0,0,0,0,0,0,0,0,0,0,0,0,0,8.57143,0,0,0,0,0,0,0,0,0,0,0,0,0,0,0
35,0,10,0,0,0,0,0,0,0,0,0,0,0,0,0,0,0,0,10,0,0,0,0,0,0,0,0,0,0,0,0,0,0,0,0,10,0,0,0,0,0,0,0,0,0,0,0,0,0,0,0,0,10,0,0,0,0,0,0,0,0,0,0,0,0,0,0,0,0,10,0,0,0,0,0,0,0,0,0,0,0,0,0,0,0
36,0,10,0,0,0,0,0,0,0,0,0,0,0,0,0,0,0,0,10,0,0,0,0,0,0,0,0,0,0,0,0,0,0,0,0,10,0,0,0,0,0,0,0,0,0,0,0,0,0,0,0,0,10,0,0,0,0,0,0,0,0,0,0,0,0,0,0,0,0,10,0,0,0,0,0,0,0,0,0,0,0,0,0,0,0
37,0,10,0,0,0,0,0,0,0,0,0,0,0,0,0,0,0,0,10,0,0,0,0,0,0,0,0,0,0,0,0,0,0,0,0,10,0,0,0,0,0,0,0,0,0,0,0,0,0,0,0,0,10,0,0,0,0,0,0,0,0,0,0,0,0,0,0,0,0,10,0,0,0,0,0,0,0,0,0,0,0,0,0,0,0
38,0,11.4286,0,0,0,0,0,0,0,0,0,0,0,0,0,0,0,0,11.4286,0,0,0,0,0,0,0,0,0,0,0,0,0,0,0,0,11.4286,0,0,0,0,0,0,0,0,0,0,0,0,0,0,0,0,11.4286,0,0,0,0,0,0,0,0,0,0,0,0,0,0,0,0,11.4286,0,0,0,0,0,0,0,0,0,0,0,0,0,0,0
39,0,11.4286,0,0,0,0,0,0,0,0,0,0,0,0,0,0,0,0,11.4286,0,0,0,0,0,0,0,0,0,0,0,0,0,0,0,0,11.4286,0,0,0,0,0,0,0,0,0,0,0,0,0,0,0,0,11.4286,0,0,0,0,0,0,0,0,0,0,0,0,0,0,0,0,11.4286,0,0,0,0,0,0,0,0,0,0,0,0,0,0,0
40,0,11.4286,0,0,0,0,0,0,0,0,0,0,0,0,0,0,0,0,11.4286,0,0,0,0,0,0,0,0,0,0,0,0,0,0,0,0,11.4286,0,0,0,0,0,0,0,0,0,0,0,0,0,0,0,0,11.4286,0,0,0,0,0,0,0,0,0,0,0,0,0,0,0,0,11.4286,0,0,0,0,0,0,0,0,0,0,0,0,0,0,0
41,0,12.8571,0,0,0,0,0,0,0,0,0,0,0,0,0,0,0,0,12.8571,0,0,0,0,0,0,0,0,0,0,0,0,0,0,0,0,12.8571,0,0,0,0,0,0,0,0,0,0,0,0,0,0,0,0,12.8571,0,0,0,0,0,0,0,0,0,0,0,0,0,0,0,0,12.8571,0,0,0,0,0,0,0,0,0,0,0,0,0,0,0
42,0,12.8571,0,0,0,0,0,0,0,0,0,0,0,0,0,0,0,0,12.8571,0,0,0,0,0,0,0,0,0,0,0,0,0,0,0,0,12.8571,0,0,0,0,0,0,0,0,0,0,0,0,0,0,0,0,12.8571,0,0,0,0,0,0,0,0,0,0,0,0,0,0,0,0,12.8571,0,0,0,0,0,0,0,0,0,0,0,0,0,0,0
43,0,14.2857,0,0,0,0,0,0,0,0,0,0,0,0,0,0,0,0,14.2857,0,0,0,0,0,0,0,0,0,0,0,0,0,0,0,0,14.2857,0,0,0,0,0,0,0,0,0,0,0,0,0,0,0,0,14.2857,0,0,0,0,0,0,0,0,0,0,0,0,0,0,0,0,14.2857,0,0,0,0,0,0,0,0,0,0,0,0,0,0,0
44,0,14.2857,0,0,0,0,0,0,0,0,0,0,0,0,0,0,0,0,14.2857,0,0,0,0,0,0,0,0,0,0,0,0,0,0,0,0,14.2857,0,0,0,0,0,0,0,0,0,0,0,0,0,0,0,0,14.2857,0,0,0,0,0,0,0,0,0,0,0,0,0,0,0,0,14.2857,0,0,0,0,0,0,0,0,0,0,0,0,0,0,0
45,0,14.2857,0,0,0,0,0,0,0,0,0,0,0,0,0,0,0,0,14.2857,0,0,0,0,0,0,0,0,0,0,0,0,0,0,0,0,14.2857,0,0,0,0,0,0,0,0,0,0,0,0,0,0,0,0,14.2857,0,0,0,0,0,0,0,0,0,0,0,0,0,0,0,0,14.2857,0,0,0,0,0,0,0,0,0,0,0,0,0,0,0
46,0,15.7143,0,0,0,0,0,0,0,0,0,0,0,0,0,0,0,0,15.7143,0,0,0,0,0,0,0,0,0,0,0,0,0,0,0,0,15.7143,0,0,0,0,0,0,0,0,0,0,0,0,0,0,0,0,15.7143,0,0,0,0,0,0,0,0,0,0,0,0,0,0,0,0,15.7143,0,0,0,0,0,0,0,0,0,0,0,0,0,0,0
47,0,15.7143,0,0,0,0,0,0,0,0,0,0,0,0,0,0,0,0,15.7143,0,0,0,0,0,0,0,0,0,0,0,0,0,0,0,0,15.7143,0,0,0,0,0,0,0,0,0,0,0,0,0,0,0,0,15.7143,0,0,0,0,0,0,0,0,0,0,0,0,0,0,0,0,15.7143,0,0,0,0,0,0,0,0,0,0,0,0,0,0,0
48,0,17.1429,0,0,0,0,0,0,0,0,0,0,0,0,0,0,0,0,17.1429,0,0,0,0,0,0,0,0,0,0,0,0,0,0,0,0,17.1429,0,0,0,0,0,0,0,0,0,0,0,0,0,0,0,0,17.1429,0,0,0,0,0,0,0,0,0,0,0,0,0,0,0,0,17.1429,0,0,0,0,0,0,0,0,0,0,0,0,0,0,0
49,0,17.1429,0,0,0,0,0,0,0,0,0,0,0,0,0,0,0,0,17.1429,0,0,0,0,0,0,0,0,0,0,0,0,0,0,0,0,17.1429,0,0,0,0,0,0,0,0,0,0,0,0,0,0,0,0,17.1429,0,0,0,0,0,0,0,0,0,0,0,0,0,0,0,0,17.1429,0,0,0,0,0,0,0,0,0,0,0,0,0,0,0
50,0,17.1429,0,0,0,0,0,0,0,0,0,0,0,0,0,0,0,0,17.1429,0,0,0,0,0,0,0,0,0,0,0,0,0,0,0,0,17.1429,0,0,0,0,0,0,0,0,0,0,0,0,0,0,0,0,17.1429,0,0,0,0,0,0,0,0,0,0,0,0,0,0,0,0,17.1429,0,0,0,0,0,0,0,0,0,0,0,0,0,0,0
51,0,18.5714,0,0,0,0,0,0,0,0,0,0,0,0,0,0,0,0,18.5714,0,0,0,0,0,0,0,0,0,0,0,0,0,0,0,0,18.5714,0,0,0,0,0,0,0,0,0,0,0,0,0,0,0,0,18.5714,0,0,0,0,0,0,0,0,0,0,0,0,0,0,0,0,18.5714,0,0,0,0,0,0,0,0,0,0,0,0,0,0,0
52,0,18.5714,0,0,0,0,0,0,0,0,0,0,0,0,0,0,0,0,18.5714,0,0,0,0,0,0,0,0,0,0,0,0,0,0,0,0,18.5714,0,0,0,0,0,0,0,0,0,0,0,0,0,0,0,0,18.5714,0,0,0,0,0,0,0,0,0,0,0,0,0,0,0,0,18.5714,0,0,0,0,0,0,0,0,0,0,0,0,0,0,0
53,0,18.5714,0,0,0,0,0,0,0,0,0,0,0,0,0,0,0,0,18.5714,0,0,0,0,0,0,0,0,0,0,0,0,0,0,0,0,18.5714,0,0,0,0,0,0,0,0,0,0,0,0,0,0,0,0,18.5714,0,0,0,0,0,0,0,0,0,0,0,0,0,0,0,0,18.5714,0,0,0,0,0,0,0,0,0,0,0,0,0,0,0
54,0,18.5714,0,0,0,0,0,0,0,0,0,0,0,0,0,0,0,0,18.5714,0,0,0,0,0,0,0,0,0,0,0,0,0,0,0,0,18.5714,0,0,0,0,0,0,0,0,0,0,0,0,0,0,0,0,18.5714,0,0,0,0,0,0,0,0,0,0,0,0,0,0,0,0,18.5714,0,0,0,0,0,0,0,0,0,0,0,0,0,0,0
55,0,18.5714,0,0,0,0,0,0,0,0,0,0,0,0,0,0,0,0,18.5714,0,0,0,0,0,0,0,0,0,0,0,0,0,0,0,0,18.5714,0,0,0,0,0,0,0,0,0,0,0,0,0,0,0,0,18.5714,0,0,0,0,0,0,0,0,0,0,0,0,0,0,0,0,18.5714,0,0,0,0,0,0,0,0,0,0,0,0,0,0,0
56,0,20,0,0,0,0,0,0,0,0,0,0,0,0,0,0,0,0,20,0,0,0,0,0,0,0,0,0,0,0,0,0,0,0,0,20,0,0,0,0,0,0,0,0,0,0,0,0,0,0,0,0,20,0,0,0,0,0,0,0,0,0,0,0,0,0,0,0,0,20,0,0,0,0,0,0,0,0,0,0,0,0,0,0,0
57,0,20,0,0,0,0,0,0,0,0,0,0,0,0,0,0,0,0,20,0,0,0,0,0,0,0,0,0,0,0,0,0,0,0,0,20,0,0,0,0,0,0,0,0,0,0,0,0,0,0,0,0,20,0,0,0,0,0,0,0,0,0,0,0,0,0,0,0,0,20,0,0,0,0,0,0,0,0,0,0,0,0,0,0,0
58,0,20,0,0,0,0,0,0,0,0,0,0,0,0,0,0,0,0,20,0,0,0,0,0,0,0,0,0,0,0,0,0,0,0,0,20,0,0,0,0,0,0,0,0,0,0,0,0,0,0,0,0,20,0,0,0,0,0,0,0,0,0,0,0,0,0,0,0,0,20,0,0,0,0,0,0,0,0,0,0,0,0,0,0,0
59,0,20,0,0,0,0,0,0,0,0,0,0,0,0,0,0,0,0,20,0,0,0,0,0,0,0,0,0,0,0,0,0,0,0,0,20,0,0,0,0,0,0,0,0,0,0,0,0,0,0,0,0,20,0,0,0,0,0,0,0,0,0,0,0,0,0,0,0,0,20,0,0,0,0,0,0,0,0,0,0,0,0,0,0,0
60,0,20,0,0,0,0,0,0,0,0,0,0,0,0,0,0,0,0,20,0,0,0,0,0,0,0,0,0,0,0,0,0,0,0,0,20,0,0,0,0,0,0,0,0,0,0,0,0,0,0,0,0,20,0,0,0,0,0,0,0,0,0,0,0,0,0,0,0,0,20,0,0,0,0,0,0,0,0,0,0,0,0,0,0,0
61,0,20,0,0,0,0,0,0,0,0,0,0,0,0,0,0,0,0,20,0,0,0,0,0,0,0,0,0,0,0,0,0,0,0,0,20,0,0,0,0,0,0,0,0,0,0,0,0,0,0,0,0,20,0,0,0,0,0,0,0,0,0,0,0,0,0,0,0,0,20,0,0,0,0,0,0,0,0,0,0,0,0,0,0,0
62,0,0,0,0,0,0,0,0,0,0,0,0,0,0,0,0,0,0,0,0,0,0,0,0,0,0,0,0,0,0,0,0,0,0,0,0,0,0,0,0,0,0,0,0,0,0,0,0,0,0,0,0,0,0,0,0,0,0,0,0,0,0,0,0,0,0,0,0,0,0,0,0,0,0,0,0,0,0,0,0,0,0,0,0,0
63,0,7.14286,0,0,0,0,0,0,0,0,0,0,0,0,0,0,0,0,7.14286,0,0,0,0,0,0,0,0,0,0,0,0,0,0,0,0,7.14286,0,0,0,0,0,0,0,0,0,0,0,0,0,0,0,0,7.14286,0,0,0,0,0,0,0,0,0,0,0,0,0,0,0,0,7.14286,0,0,0,0,0,0,0,0,0,0,0,0,0,0,0
64,0,7.14286,0,0,0,0,0,0,0,0,0,0,0,0,0,0,0,0,7.14286,0,0,0,0,0,0,0,0,0,0,0,0,0,0,0,0,7.14286,0,0,0,0,0,0,0,0,0,0,0,0,0,0,0,0,7.14286,0,0,0,0,0,0,0,0,0,0,0,0,0,0,0,0,7.14286,0,0,0,0,0,0,0,0,0,0,0,0,0,0,0
65,0,7.14286,0,0,0,0,0,0,0,0,0,0,0,0,0,0,0,0,7.14286,0,0,0,0,0,0,0,0,0,0,0,0,0,0,0,0,7.14286,0,0,0,0,0,0,0,0,0,0,0,0,0,0,0,0,7.14286,0,0,0,0,0,0,0,0,0,0,0,0,0,0,0,0,7.14286,0,0,0,0,0,0,0,0,0,0,0,0,0,0,0
66,0,7.14286,0,0,0,0,0,0,0,0,0,0,0,0,0,0,0,0,7.14286,0,0,0,0,0,0,0,0,0,0,0,0,0,0,0,0,7.14286,0,0,0,0,0,0,0,0,0,0,0,0,0,0,0,0,7.14286,0,0,0,0,0,0,0,0,0,0,0,0,0,0,0,0,7.14286,0,0,0,0,0,0,0,0,0,0,0,0,0,0,0
67,0,7.14286,0,0,0,0,0,0,0,0,0,0,0,0,0,0,0,0,7.14286,0,0,0,0,0,0,0,0,0,0,0,0,0,0,0,0,7.14286,0,0,0,0,0,0,0,0,0,0,0,0,0,0,0,0,7.14286,0,0,0,0,0,0,0,0,0,0,0,0,0,0,0,0,7.14286,0,0,0,0,0,0,0,0,0,0,0,0,0,0,0
68,0,8.57143,0,0,0,0,0,0,0,0,0,0,0,0,0,0,0,0,8.57143,0,0,0,0,0,0,0,0,0,0,0,0,0,0,0,0,8.57143,0,0,0,0,0,0,0,0,0,0,0,0,0,0,0,0,8.57143,0,0,0,0,0,0,0,0,0,0,0,0,0,0,0,0,8.57143,0,0,0,0,0,0,0,0,0,0,0,0,0,0,0
69,0,8.57143,0,0,0,0,0,0,0,0,0,0,0,0,0,0,0,0,8.57143,0,0,0,0,0,0,0,0,0,0,0,0,0,0,0,0,8.57143,0,0,0,0,0,0,0,0,0,0,0,0,0,0,0,0,8.57143,0,0,0,0,0,0,0,0,0,0,0,0,0,0,0,0,8.57143,0,0,0,0,0,0,0,0,0,0,0,0,0,0,0
70,0,8.57143,0,0,0,0,0,0,0,0,0,0,0,0,0,0,0,0,8.57143,0,0,0,0,0,0,0,0,0,0,0,0,0,0,0,0,8.57143,0,0,0,0,0,0,0,0,0,0,0,0,0,0,0,0,8.57143,0,0,0,0,0,0,0,0,0,0,0,0,0,0,0,0,8.57143,0,0,0,0,0,0,0,0,0,0,0,0,0,0,0
71,0,8.57143,0,0,0,0,0,0,0,0,0,0,0,0,0,0,0,0,8.57143,0,0,0,0,0,0,0,0,0,0,0,0,0,0,0,0,8.57143,0,0,0,0,0,0,0,0,0,0,0,0,0,0,0,0,8.57143,0,0,0,0,0,0,0,0,0,0,0,0,0,0,0,0,8.57143,0,0,0,0,0,0,0,0,0,0,0,0,0,0,0
72,0,10,0,0,0,0,0,0,0,0,0,0,0,0,0,0,0,0,10,0,0,0,0,0,0,0,0,0,0,0,0,0,0,0,0,10,0,0,0,0,0,0,0,0,0,0,0,0,0,0,0,0,10,0,0,0,0,0,0,0,0,0,0,0,0,0,0,0,0,10,0,0,0,0,0,0,0,0,0,0,0,0,0,0,0
73,0,10,0,0,0,0,0,0,0,0,0,0,0,0,0,0,0,0,10,0,0,0,0,0,0,0,0,0,0,0,0,0,0,0,0,10,0,0,0,0,0,0,0,0,0,0,0,0,0,0,0,0,10,0,0,0,0,0,0,0,0,0,0,0,0,0,0,0,0,10,0,0,0,0,0,0,0,0,0,0,0,0,0,0,0
74,0,10,0,0,0,0,0,0,0,0,0,0,0,0,0,0,0,0,10,0,0,0,0,0,0,0,0,0,0,0,0,0,0,0,0,10,0,0,0,0,0,0,0,0,0,0,0,0,0,0,0,0,10,0,0,0,0,0,0,0,0,0,0,0,0,0,0,0,0,10,0,0,0,0,0,0,0,0,0,0,0,0,0,0,0
75,0,11.4286,0,0,0,0,0,0,0,0,0,0,0,0,0,0,0,0,11.4286,0,0,0,0,0,0,0,0,0,0,0,0,0,0,0,0,11.4286,0,0,0,0,0,0,0,0,0,0,0,0,0,0,0,0,11.4286,0,0,0,0,0,0,0,0,0,0,0,0,0,0,0,0,11.4286,0,0,0,0,0,0,0,0,0,0,0,0,0,0,0
76,0,11.4286,0,0,0,0,0,0,0,0,0,0,0,0,0,0,0,0,11.4286,0,0,0,0,0,0,0,0,0,0,0,0,0,0,0,0,11.4286,0,0,0,0,0,0,0,0,0,0,0,0,0,0,0,0,11.4286,0,0,0,0,0,0,0,0,0,0,0,0,0,0,0,0,11.4286,0,0,0,0,0,0,0,0,0,0,0,0,0,0,0
77,0,12.8571,0,0,0,0,0,0,0,0,0,0,0,0,0,0,0,0,12.8571,0,0,0,0,0,0,0,0,0,0,0,0,0,0,0,0,12.8571,0,0,0,0,0,0,0,0,0,0,0,0,0,0,0,0,12.8571,0,0,0,0,0,0,0,0,0,0,0,0,0,0,0,0,12.8571,0,0,0,0,0,0,0,0,0,0,0,0,0,0,0
78,0,12.8571,0,0,0,0,0,0,0,0,0,0,0,0,0,0,0,0,12.8571,0,0,0,0,0,0,0,0,0,0,0,0,0,0,0,0,12.8571,0,0,0,0,0,0,0,0,0,0,0,0,0,0,0,0,12.8571,0,0,0,0,0,0,0,0,0,0,0,0,0,0,0,0,12.8571,0,0,0,0,0,0,0,0,0,0,0,0,0,0,0
79,0,12.8571,0,0,0,0,0,0,0,0,0,0,0,0,0,0,0,0,12.8571,0,0,0,0,0,0,0,0,0,0,0,0,0,0,0,0,12.8571,0,0,0,0,0,0,0,0,0,0,0,0,0,0,0,0,12.8571,0,0,0,0,0,0,0,0,0,0,0,0,0,0,0,0,12.8571,0,0,0,0,0,0,0,0,0,0,0,0,0,0,0
80,0,14.2857,0,0,0,0,0,0,0,0,0,0,0,0,0,0,0,0,14.2857,0,0,0,0,0,0,0,0,0,0,0,0,0,0,0,0,14.2857,0,0,0,0,0,0,0,0,0,0,0,0,0,0,0,0,14.2857,0,0,0,0,0,0,0,0,0,0,0,0,0,0,0,0,14.2857,0,0,0,0,0,0,0,0,0,0,0,0,0,0,0
81,0,14.2857,0,0,0,0,0,0,0,0,0,0,0,0,0,0,0,0,14.2857,0,0,0,0,0,0,0,0,0,0,0,0,0,0,0,0,14.2857,0,0,0,0,0,0,0,0,0,0,0,0,0,0,0,0,14.2857,0,0,0,0,0,0,0,0,0,0,0,0,0,0,0,0,14.2857,0,0,0,0,0,0,0,0,0,0,0,0,0,0,0
82,0,15.7143,0,0,0,0,0,0,0,0,0,0,0,0,0,0,0,0,15.7143,0,0,0,0,0,0,0,0,0,0,0,0,0,0,0,0,15.7143,0,0,0,0,0,0,0,0,0,0,0,0,0,0,0,0,15.7143,0,0,0,0,0,0,0,0,0,0,0,0,0,0,0,0,15.7143,0,0,0,0,0,0,0,0,0,0,0,0,0,0,0
83,0,15.7143,0,0,0,0,0,0,0,0,0,0,0,0,0,0,0,0,15.7143,0,0,0,0,0,0,0,0,0,0,0,0,0,0,0,0,15.7143,0,0,0,0,0,0,0,0,0,0,0,0,0,0,0,0,15.7143,0,0,0,0,0,0,0,0,0,0,0,0,0,0,0,0,15.7143,0,0,0,0,0,0,0,0,0,0,0,0,0,0,0
84,0,15.7143,0,0,0,0,0,0,0,0,0,0,0,0,0,0,0,0,15.7143,0,0,0,0,0,0,0,0,0,0,0,0,0,0,0,0,15.7143,0,0,0,0,0,0,0,0,0,0,0,0,0,0,0,0,15.7143,0,0,0,0,0,0,0,0,0,0,0,0,0,0,0,0,15.7143,0,0,0,0,0,0,0,0,0,0,0,0,0,0,0
85,0,17.1429,0,0,0,0,0,0,0,0,0,0,0,0,0,0,0,0,17.1429,0,0,0,0,0,0,0,0,0,0,0,0,0,0,0,0,17.1429,0,0,0,0,0,0,0,0,0,0,0,0,0,0,0,0,17.1429,0,0,0,0,0,0,0,0,0,0,0,0,0,0,0,0,17.1429,0,0,0,0,0,0,0,0,0,0,0,0,0,0,0
86,0,17.1429,0,0,0,0,0,0,0,0,0,0,0,0,0,0,0,0,17.1429,0,0,0,0,0,0,0,0,0,0,0,0,0,0,0,0,17.1429,0,0,0,0,0,0,0,0,0,0,0,0,0,0,0,0,17.1429,0,0,0,0,0,0,0,0,0,0,0,0,0,0,0,0,17.1429,0,0,0,0,0,0,0,0,0,0,0,0,0,0,0
87,0,17.1429,0,0,0,0,0,0,0,0,0,0,0,0,0,0,0,0,17.1429,0,0,0,0,0,0,0,0,0,0,0,0,0,0,0,0,17.1429,0,0,0,0,0,0,0,0,0,0,0,0,0,0,0,0,17.1429,0,0,0,0,0,0,0,0,0,0,0,0,0,0,0,0,17.1429,0,0,0,0,0,0,0,0,0,0,0,0,0,0,0
88,0,18.5714,0,0,0,0,0,0,0,0,0,0,0,0,0,0,0,0,18.5714,0,0,0,0,0,0,0,0,0,0,0,0,0,0,0,0,18.5714,0,0,0,0,0,0,0,0,0,0,0,0,0,0,0,0,18.5714,0,0,0,0,0,0,0,0,0,0,0,0,0,0,0,0,18.5714,0,0,0,0,0,0,0,0,0,0,0,0,0,0,0
89,0,18.5714,0,0,0,0,0,0,0,0,0,0,0,0,0,0,0,0,18.5714,0,0,0,0,0,0,0,0,0,0,0,0,0,0,0,0,18.5714,0,0,0,0,0,0,0,0,0,0,0,0,0,0,0,0,18.5714,0,0,0,0,0,0,0,0,0,0,0,0,0,0,0,0,18.5714,0,0,0,0,0,0,0,0,0,0,0,0,0,0,0
90,0,18.5714,0,0,0,0,0,0,0,0,0,0,0,0,0,0,0,0,18.5714,0,0,0,0,0,0,0,0,0,0,0,0,0,0,0,0,18.5714,0,0,0,0,0,0,0,0,0,0,0,0,0,0,0,0,18.5714,0,0,0,0,0,0,0,0,0,0,0,0,0,0,0,0,18.5714,0,0,0,0,0,0,0,0,0,0,0,0,0,0,0
91,0,18.5714,0,0,0,0,0,0,0,0,0,0,0,0,0,0,0,0,18.5714,0,0,0,0,0,0,0,0,0,0,0,0,0,0,0,0,18.5714,0,0,0,0,0,0,0,0,0,0,0,0,0,0,0,0,18.5714,0,0,0,0,0,0,0,0,0,0,0,0,0,0,0,0,18.5714,0,0,0,0,0,0,0,0,0,0,0,0,0,0,0
92,0,18.5714,0,0,0,0,0,0,0,0,0,0,0,0,0,0,0,0,18.5714,0,0,0,0,0,0,0,0,0,0,0,0,0,0,0,0,18.5714,0,0,0,0,0,0,0,0,0,0,0,0,0,0,0,0,18.5714,0,0,0,0,0,0,0,0,0,0,0,0,0,0,0,0,18.5714,0,0,0,0,0,0,0,0,0,0,0,0,0,0,0
93,0,20,0,0,0,0,0,0,0,0,0,0,0,0,0,0,0,0,20,0,0,0,0,0,0,0,0,0,0,0,0,0,0,0,0,20,0,0,0,0,0,0,0,0,0,0,0,0,0,0,0,0,20,0,0,0,0,0,0,0,0,0,0,0,0,0,0,0,0,20,0,0,0,0,0,0,0,0,0,0,0,0,0,0,0
94,0,20,0,0,0,0,0,0,0,0,0,0,0,0,0,0,0,0,20,0,0,0,0,0,0,0,0,0,0,0,0,0,0,0,0,20,0,0,0,0,0,0,0,0,0,0,0,0,0,0,0,0,20,0,0,0,0,0,0,0,0,0,0,0,0,0,0,0,0,20,0,0,0,0,0,0,0,0,0,0,0,0,0,0,0
95,0,20,0,0,0,0,0,0,0,0,0,0,0,0,0,0,0,0,20,0,0,0,0,0,0,0,0,0,0,0,0,0,0,0,0,20,0,0,0,0,0,0,0,0,0,0,0,0,0,0,0,0,20,0,0,0,0,0,0,0,0,0,0,0,0,0,0,0,0,20,0,0,0,0,0,0,0,0,0,0,0,0,0,0,0
96,0,20,0,0,0,0,0,0,0,0,0,0,0,0,0,0,0,0,20,0,0,0,0,0,0,0,0,0,0,0,0,0,0,0,0,20,0,0,0,0,0,0,0,0,0,0,0,0,0,0,0,0,20,0,0,0,0,0,0,0,0,0,0,0,0,0,0,0,0,20,0,0,0,0,0,0,0,0,0,0,0,0,0,0,0
97,0,20,0,0,0,0,0,0,0,0,0,0,0,0,0,0,0,0,20,0,0,0,0,0,0,0,0,0,0,0,0,0,0,0,0,20,0,0,0,0,0,0,0,0,0,0,0,0,0,0,0,0,20,0,0,0,0,0,0,0,0,0,0,0,0,0,0,0,0,20,0,0,0,0,0,0,0,0,0,0,0,0,0,0,0
98,0,20,0,0,0,0,0,0,0,0,0,0,0,0,0,0,0,0,20,0,0,0,0,0,0,0,0,0,0,0,0,0,0,0,0,20,0,0,0,0,0,0,0,0,0,0,0,0,0,0,0,0,20,0,0,0,0,0,0,0,0,0,0,0,0,0,0,0,0,20,0,0,0,0,0,0,0,0,0,0,0,0,0,0,0
99,0,0,0,0,0,0,0,0,0,0,0,0,0,0,0,0,0,0,0,0,0,0,0,0,0,0,0,0,0,0,0,0,0,0,0,0,0,0,0,0,0,0,0,0,0,0,0,0,0,0,0,0,0,0,0,0,0,0,0,0,0,0,0,0,0,0,0,0,0,0,0,0,0,0,0,0,0,0,0,0,0,0,0,0,0
100,0,7.14286,0,0,0,0,0,0,0,0,0,0,0,0,0,0,0,0,7.14286,0,0,0,0,0,0,0,0,0,0,0,0,0,0,0,0,7.14286,0,0,0,0,0,0,0,0,0,0,0,0,0,0,0,0,7.14286,0,0,0,0,0,0,0,0,0,0,0,0,0,0,0,0,7.14286,0,0,0,0,0,0,0,0,0,0,0,0,0,0,0
101,0,7.14286,0,0,0,0,0,0,0,0,0,0,0,0,0,0,0,0,7.14286,0,0,0,0,0,0,0,0,0,0,0,0,0,0,0,0,7.14286,0,0,0,0,0,0,0,0,0,0,0,0,0,0,0,0,7.14286,0,0,0,0,0,0,0,0,0,0,0,0,0,0,0,0,7.14286,0,0,0,0,0,0,0,0,0,0,0,0,0,0,0
102,0,7.14286,0,0,0,0,0,0,0,0,0,0,0,0,0,0,0,0,7.14286,0,0,0,0,0,0,0,0,0,0,0,0,0,0,0,0,7.14286,0,0,0,0,0,0,0,0,0,0,0,0,0,0,0,0,7.14286,0,0,0,0,0,0,0,0,0,0,0,0,0,0,0,0,7.14286,0,0,0,0,0,0,0,0,0,0,0,0,0,0,0
103,0,7.14286,0,0,0,0,0,0,0,0,0,0,0,0,0,0,0,0,7.14286,0,0,0,0,0,0,0,0,0,0,0,0,0,0,0,0,7.14286,0,0,0,0,0,0,0,0,0,0,0,0,0,0,0,0,7.14286,0,0,0,0,0,0,0,0,0,0,0,0,0,0,0,0,7.14286,0,0,0,0,0,0,0,0,0,0,0,0,0,0,0
104,0,7.14286,0,0,0,0,0,0,0,0,0,0,0,0,0,0,0,0,7.14286,0,0,0,0,0,0,0,0,0,0,0,0,0,0,0,0,7.14286,0,0,0,0,0,0,0,0,0,0,0,0,0,0,0,0,7.14286,0,0,0,0,0,0,0,0,0,0,0,0,0,0,0,0,7.14286,0,0,0,0,0,0,0,0,0,0,0,0,0,0,0
105,0,8.57143,0,0,0,0,0,0,0,0,0,0,0,0,0,0,0,0,8.57143,0,0,0,0,0,0,0,0,0,0,0,0,0,0,0,0,8.57143,0,0,0,0,0,0,0,0,0,0,0,0,0,0,0,0,8.57143,0,0,0,0,0,0,0,0,0,0,0,0,0,0,0,0,8.57143,0,0,0,0,0,0,0,0,0,0,0,0,0,0,0
106,0,8.57143,0,0,0,0,0,0,0,0,0,0,0,0,0,0,0,0,8.57143,0,0,0,0,0,0,0,0,0,0,0,0,0,0,0,0,8.57143,0,0,0,0,0,0,0,0,0,0,0,0,0,0,0,0,8.57143,0,0,0,0,0,0,0,0,0,0,0,0,0,0,0,0,8.57143,0,0,0,0,0,0,0,0,0,0,0,0,0,0,0
107,0,8.57143,0,0,0,0,0,0,0,0,0,0,0,0,0,0,0,0,8.57143,0,0,0,0,0,0,0,0,0,0,0,0,0,0,0,0,8.57143,0,0,0,0,0,0,0,0,0,0,0,0,0,0,0,0,8.57143,0,0,0,0,0,0,0,0,0,0,0,0,0,0,0,0,8.57143,0,0,0,0,0,0,0,0,0,0,0,0,0,0,0
108,0,8.57143,0,0,0,0,0,0,0,0,0,0,0,0,0,0,0,0,8.57143,0,0,0,0,0,0,0,0,0,0,0,0,0,0,0,0,8.57143,0,0,0,0,0,0,0,0,0,0,0,0,0,0,0,0,8.57143,0,0,0,0,0,0,0,0,0,0,0,0,0,0,0,0,8.57143,0,0,0,0,0,0,0,0,0,0,0,0,0,0,0
109,0,10,0,0,0,0,0,0,0,0,0,0,0,0,0,0,0,0,10,0,0,0,0,0,0,0,0,0,0,0,0,0,0,0,0,10,0,0,0,0,0,0,0,0,0,0,0,0,0,0,0,0,10,0,0,0,0,0,0,0,0,0,0,0,0,0,0,0,0,10,0,0,0,0,0,0,0,0,0,0,0,0,0,0,0
110,0,10,0,0,0,0,0,0,0,0,0,0,0,0,0,0,0,0,10,0,0,0,0,0,0,0,0,0,0,0,0,0,0,0,0,10,0,0,0,0,0,0,0,0,0,0,0,0,0,0,0,0,10,0,0,0,0,0,0,0,0,0,0,0,0,0,0,0,0,10,0,0,0,0,0,0,0,0,0,0,0,0,0,0,0
111,0,10,0,0,0,0,0,0,0,0,0,0,0,0,0,0,0,0,10,0,0,0,0,0,0,0,0,0,0,0,0,0,0,0,0,10,0,0,0,0,0,0,0,0,0,0,0,0,0,0,0,0,10,0,0,0,0,0,0,0,0,0,0,0,0,0,0,0,0,10,0,0,0,0,0,0,0,0,0,0,0,0,0,0,0
112,0,11.4286,0,0,0,0,0,0,0,0,0,0,0,0,0,0,0,0,11.4286,0,0,0,0,0,0,0,0,0,0,0,0,0,0,0,0,11.4286,0,0,0,0,0,0,0,0,0,0,0,0,0,0,0,0,11.4286,0,0,0,0,0,0,0,0,0,0,0,0,0,0,0,0,11.4286,0,0,0,0,0,0,0,0,0,0,0,0,0,0,0
113,0,11.4286,0,0,0,0,0,0,0,0,0,0,0,0,0,0,0,0,11.4286,0,0,0,0,0,0,0,0,0,0,0,0,0,0,0,0,11.4286,0,0,0,0,0,0,0,0,0,0,0,0,0,0,0,0,11.4286,0,0,0,0,0,0,0,0,0,0,0,0,0,0,0,0,11.4286,0,0,0,0,0,0,0,0,0,0,0,0,0,0,0
114,0,11.4286,0,0,0,0,0,0,0,0,0,0,0,0,0,0,0,0,11.4286,0,0,0,0,0,0,0,0,0,0,0,0,0,0,0,0,11.4286,0,0,0,0,0,0,0,0,0,0,0,0,0,0,0,0,11.4286,0,0,0,0,0,0,0,0,0,0,0,0,0,0,0,0,11.4286,0,0,0,0,0,0,0,0,0,0,0,0,0,0,0
115,0,12.8571,0,0,0,0,0,0,0,0,0,0,0,0,0,0,0,0,12.8571,0,0,0,0,0,0,0,0,0,0,0,0,0,0,0,0,12.8571,0,0,0,0,0,0,0,0,0,0,0,0,0,0,0,0,12.8571,0,0,0,0,0,0,0,0,0,0,0,0,0,0,0,0,12.8571,0,0,0,0,0,0,0,0,0,0,0,0,0,0,0
116,0,12.8571,0,0,0,0,0,0,0,0,0,0,0,0,0,0,0,0,12.8571,0,0,0,0,0,0,0,0,0,0,0,0,0,0,0,0,12.8571,0,0,0,0,0,0,0,0,0,0,0,0,0,0,0,0,12.8571,0,0,0,0,0,0,0,0,0,0,0,0,0,0,0,0,12.8571,0,0,0,0,0,0,0,0,0,0,0,0,0,0,0
117,0,14.2857,0,0,0,0,0,0,0,0,0,0,0,0,0,0,0,0,14.2857,0,0,0,0,0,0,0,0,0,0,0,0,0,0,0,0,14.2857,0,0,0,0,0,0,0,0,0,0,0,0,0,0,0,0,14.2857,0,0,0,0,0,0,0,0,0,0,0,0,0,0,0,0,14.2857,0,0,0,0,0,0,0,0,0,0,0,0,0,0,0
118,0,14.2857,0,0,0,0,0,0,0,0,0,0,0,0,0,0,0,0,14.2857,0,0,0,0,0,0,0,0,0,0,0,0,0,0,0,0,14.2857,0,0,0,0,0,0,0,0,0,0,0,0,0,0,0,0,14.2857,0,0,0,0,0,0,0,0,0,0,0,0,0,0,0,0,14.2857,0,0,0,0,0,0,0,0,0,0,0,0,0,0,0
119,0,14.2857,0,0,0,0,0,0,0,0,0,0,0,0,0,0,0,0,14.2857,0,0,0,0,0,0,0,0,0,0,0,0,0,0,0,0,14.2857,0,0,0,0,0,0,0,0,0,0,0,0,0,0,0,0,14.2857,0,0,0,0,0,0,0,0,0,0,0,0,0,0,0,0,14.2857,0,0,0,0,0,0,0,0,0,0,0,0,0,0,0
120,0,15.7143,0,0,0,0,0,0,0,0,0,0,0,0,0,0,0,0,15.7143,0,0,0,0,0,0,0,0,0,0,0,0,0,0,0,0,15.7143,0,0,0,0,0,0,0,0,0,0,0,0,0,0,0,0,15.7143,0,0,0,0,0,0,0,0,0,0,0,0,0,0,0,0,15.7143,0,0,0,0,0,0,0,0,0,0,0,0,0,0,0
121,0,15.7143,0,0,0,0,0,0,0,0,0,0,0,0,0,0,0,0,15.7143,0,0,0,0,0,0,0,0,0,0,0,0,0,0,0,0,15.7143,0,0,0,0,0,0,0,0,0,0,0,0,0,0,0,0,15.7143,0,0,0,0,0,0,0,0,0,0,0,0,0,0,0,0,15.7143,0,0,0,0,0,0,0,0,0,0,0,0,0,0,0
122,0,17.1429,0,0,0,0,0,0,0,0,0,0,0,0,0,0,0,0,17.1429,0,0,0,0,0,0,0,0,0,0,0,0,0,0,0,0,17.1429,0,0,0,0,0,0,0,0,0,0,0,0,0,0,0,0,17.1429,0,0,0,0,0,0,0,0,0,0,0,0,0,0,0,0,17.1429,0,0,0,0,0,0,0,0,0,0,0,0,0,0,0
123,0,17.1429,0,0,0,0,0,0,0,0,0,0,0,0,0,0,0,0,17.1429,0,0,0,0,0,0,0,0,0,0,0,0,0,0,0,0,17.1429,0,0,0,0,0,0,0,0,0,0,0,0,0,0,0,0,17.1429,0,0,0,0,0,0,0,0,0,0,0,0,0,0,0,0,17.1429,0,0,0,0,0,0,0,0,0,0,0,0,0,0,0
124,0,17.1429,0,0,0,0,0,0,0,0,0,0,0,0,0,0,0,0,17.1429,0,0,0,0,0,0,0,0,0,0,0,0,0,0,0,0,17.1429,0,0,0,0,0,0,0,0,0,0,0,0,0,0,0,0,17.1429,0,0,0,0,0,0,0,0,0,0,0,0,0,0,0,0,17.1429,0,0,0,0,0,0,0,0,0,0,0,0,0,0,0
125,0,18.5714,0,0,0,0,0,0,0,0,0,0,0,0,0,0,0,0,18.5714,0,0,0,0,0,0,0,0,0,0,0,0,0,0,0,0,18.5714,0,0,0,0,0,0,0,0,0,0,0,0,0,0,0,0,18.5714,0,0,0,0,0,0,0,0,0,0,0,0,0,0,0,0,18.5714,0,0,0,0,0,0,0,0,0,0,0,0,0,0,0
126,0,18.5714,0,0,0,0,0,0,0,0,0,0,0,0,0,0,0,0,18.5714,0,0,0,0,0,0,0,0,0,0,0,0,0,0,0,0,18.5714,0,0,0,0,0,0,0,0,0,0,0,0,0,0,0,0,18.5714,0,0,0,0,0,0,0,0,0,0,0,0,0,0,0,0,18.5714,0,0,0,0,0,0,0,0,0,0,0,0,0,0,0
127,0,18.5714,0,0,0,0,0,0,0,0,0,0,0,0,0,0,0,0,18.5714,0,0,0,0,0,0,0,0,0,0,0,0,0,0,0,0,18.5714,0,0,0,0,0,0,0,0,0,0,0,0,0,0,0,0,18.5714,0,0,0,0,0,0,0,0,0,0,0,0,0,0,0,0,18.5714,0,0,0,0,0,0,0,0,0,0,0,0,0,0,0
128,0,18.5714,0,0,0,0,0,0,0,0,0,0,0,0,0,0,0,0,18.5714,0,0,0,0,0,0,0,0,0,0,0,0,0,0,0,0,18.5714,0,0,0,0,0,0,0,0,0,0,0,0,0,0,0,0,18.5714,0,0,0,0,0,0,0,0,0,0,0,0,0,0,0,0,18.5714,0,0,0,0,0,0,0,0,0,0,0,0,0,0,0
129,0,18.5714,0,0,0,0,0,0,0,0,0,0,0,0,0,0,0,0,18.5714,0,0,0,0,0,0,0,0,0,0,0,0,0,0,0,0,18.5714,0,0,0,0,0,0,0,0,0,0,0,0,0,0,0,0,18.5714,0,0,0,0,0,0,0,0,0,0,0,0,0,0,0,0,18.5714,0,0,0,0,0,0,0,0,0,0,0,0,0,0,0
130,0,20,0,0,0,0,0,0,0,0,0,0,0,0,0,0,0,0,20,0,0,0,0,0,0,0,0,0,0,0,0,0,0,0,0,20,0,0,0,0,0,0,0,0,0,0,0,0,0,0,0,0,20,0,0,0,0,0,0,0,0,0,0,0,0,0,0,0,0,20,0,0,0,0,0,0,0,0,0,0,0,0,0,0,0
131,0,20,0,0,0,0,0,0,0,0,0,0,0,0,0,0,0,0,20,0,0,0,0,0,0,0,0,0,0,0,0,0,0,0,0,20,0,0,0,0,0,0,0,0,0,0,0,0,0,0,0,0,20,0,0,0,0,0,0,0,0,0,0,0,0,0,0,0,0,20,0,0,0,0,0,0,0,0,0,0,0,0,0,0,0
132,0,20,0,0,0,0,0,0,0,0,0,0,0,0,0,0,0,0,20,0,0,0,0,0,0,0,0,0,0,0,0,0,0,0,0,20,0,0,0,0,0,0,0,0,0,0,0,0,0,0,0,0,20,0,0,0,0,0,0,0,0,0,0,0,0,0,0,0,0,20,0,0,0,0,0,0,0,0,0,0,0,0,0,0,0
133,0,20,0,0,0,0,0,0,0,0,0,0,0,0,0,0,0,0,20,0,0,0,0,0,0,0,0,0,0,0,0,0,0,0,0,20,0,0,0,0,0,0,0,0,0,0,0,0,0,0,0,0,20,0,0,0,0,0,0,0,0,0,0,0,0,0,0,0,0,20,0,0,0,0,0,0,0,0,0,0,0,0,0,0,0
134,0,20,0,0,0,0,0,0,0,0,0,0,0,0,0,0,0,0,20,0,0,0,0,0,0,0,0,0,0,0,0,0,0,0,0,20,0,0,0,0,0,0,0,0,0,0,0,0,0,0,0,0,20,0,0,0,0,0,0,0,0,0,0,0,0,0,0,0,0,20,0,0,0,0,0,0,0,0,0,0,0,0,0,0,0
135,0,20,0,0,0,0,0,0,0,0,0,0,0,0,0,0,0,0,20,0,0,0,0,0,0,0,0,0,0,0,0,0,0,0,0,20,0,0,0,0,0,0,0,0,0,0,0,0,0,0,0,0,20,0,0,0,0,0,0,0,0,0,0,0,0,0,0,0,0,20,0,0,0,0,0,0,0,0,0,0,0,0,0,0,0
136,0,0,0,0,0,0,0,0,0,0,0,0,0,0,0,0,0,0,0,0,0,0,0,0,0,0,0,0,0,0,0,0,0,0,0,0,0,0,0,0,0,0,0,0,0,0,0,0,0,0,0,0,0,0,0,0,0,0,0,0,0,0,0,0,0,0,0,0,0,0,0,0,0,0,0,0,0,0,0,0,0,0,0,0,0
137,0,7.14286,0,0,0,0,0,0,0,0,0,0,0,0,0,0,0,0,7.14286,0,0,0,0,0,0,0,0,0,0,0,0,0,0,0,0,7.14286,0,0,0,0,0,0,0,0,0,0,0,0,0,0,0,0,7.14286,0,0,0,0,0,0,0,0,0,0,0,0,0,0,0,0,7.14286,0,0,0,0,0,0,0,0,0,0,0,0,0,0,0
138,0,7.14286,0,0,0,0,0,0,0,0,0,0,0,0,0,0,0,0,7.14286,0,0,0,0,0,0,0,0,0,0,0,0,0,0,0,0,7.14286,0,0,0,0,0,0,0,0,0,0,0,0,0,0,0,0,7.14286,0,0,0,0,0,0,0,0,0,0,0,0,0,0,0,0,7.14286,0,0,0,0,0,0,0,0,0,0,0,0,0,0,0
139,0,7.14286,0,0,0,0,0,0,0,0,0,0,0,0,0,0,0,0,7.14286,0,0,0,0,0,0,0,0,0,0,0,0,0,0,0,0,7.14286,0,0,0,0,0,0,0,0,0,0,0,0,0,0,0,0,7.14286,0,0,0,0,0,0,0,0,0,0,0,0,0,0,0,0,7.14286,0,0,0,0,0,0,0,0,0,0,0,0,0,0,0
140,0,7.14286,0,0,0,0,0,0,0,0,0,0,0,0,0,0,0,0,7.14286,0,0,0,0,0,0,0,0,0,0,0,0,0,0,0,0,7.14286,0,0,0,0,0,0,0,0,0,0,0,0,0,0,0,0,7.14286,0,0,0,0,0,0,0,0,0,0,0,0,0,0,0,0,7.14286,0,0,0,0,0,0,0,0,0,0,0,0,0,0,0
141,0,7.14286,0,0,0,0,0,0,0,0,0,0,0,0,0,0,0,0,7.14286,0,0,0,0,0,0,0,0,0,0,0,0,0,0,0,0,7.14286,0,0,0,0,0,0,0,0,0,0,0,0,0,0,0,0,7.14286,0,0,0,0,0,0,0,0,0,0,0,0,0,0,0,0,7.14286,0,0,0,0,0,0,0,0,0,0,0,0,0,0,0
142,0,8.57143,0,0,0,0,0,0,0,0,0,0,0,0,0,0,0,0,8.57143,0,0,0,0,0,0,0,0,0,0,0,0,0,0,0,0,8.57143,0,0,0,0,0,0,0,0,0,0,0,0,0,0,0,0,8.57143,0,0,0,0,0,0,0,0,0,0,0,0,0,0,0,0,8.57143,0,0,0,0,0,0,0,0,0,0,0,0,0,0,0
143,0,8.57143,0,0,0,0,0,0,0,0,0,0,0,0,0,0,0,0,8.57143,0,0,0,0,0,0,0,0,0,0,0,0,0,0,0,0,8.57143,0,0,0,0,0,0,0,0,0,0,0,0,0,0,0,0,8.57143,0,0,0,0,0,0,0,0,0,0,0,0,0,0,0,0,8.57143,0,0,0,0,0,0,0,0,0,0,0,0,0,0,0
144,0,8.57143,0,0,0,0,0,0,0,0,0,0,0,0,0,0,0,0,8.57143,0,0,0,0,0,0,0,0,0,0,0,0,0,0,0,0,8.57143,0,0,0,0,0,0,0,0,0,0,0,0,0,0,0,0,8.57143,0,0,0,0,0,0,0,0,0,0,0,0,0,0,0,0,8.57143,0,0,0,0,0,0,0,0,0,0,0,0,0,0,0
145,0,8.57143,0,0,0,0,0,0,0,0,0,0,0,0,0,0,0,0,8.57143,0,0,0,0,0,0,0,0,0,0,0,0,0,0,0,0,8.57143,0,0,0,0,0,0,0,0,0,0,0,0,0,0,0,0,8.57143,0,0,0,0,0,0,0,0,0,0,0,0,0,0,0,0,8.57143,0,0,0,0,0,0,0,0,0,0,0,0,0,0,0
146,0,10,0,0,0,0,0,0,0,0,0,0,0,0,0,0,0,0,10,0,0,0,0,0,0,0,0,0,0,0,0,0,0,0,0,10,0,0,0,0,0,0,0,0,0,0,0,0,0,0,0,0,10,0,0,0,0,0,0,0,0,0,0,0,0,0,0,0,0,10,0,0,0,0,0,0,0,0,0,0,0,0,0,0,0
147,0,10,0,0,0,0,0,0,0,0,0,0,0,0,0,0,0,0,10,0,0,0,0,0,0,0,0,0,0,0,0,0,0,0,0,10,0,0,0,0,0,0,0,0,0,0,0,0,0,0,0,0,10,0,0,0,0,0,0,0,0,0,0,0,0,0,0,0,0,10,0,0,0,0,0,0,0,0,0,0,0,0,0,0,0
148,0,10,0,0,0,0,0,0,0,0,0,0,0,0,0,0,0,0,10,0,0,0,0,0,0,0,0,0,0,0,0,0,0,0,0,10,0,0,0,0,0,0,0,0,0,0,0,0,0,0,0,0,10,0,0,0,0,0,0,0,0,0,0,0,0,0,0,0,0,10,0,0,0,0,0,0,0,0,0,0,0,0,0,0,0
149,0,11.4286,0,0,0,0,0,0,0,0,0,0,0,0,0,0,0,0,11.4286,0,0,0,0,0,0,0,0,0,0,0,0,0,0,0,0,11.4286,0,0,0,0,0,0,0,0,0,0,0,0,0,0,0,0,11.4286,0,0,0,0,0,0,0,0,0,0,0,0,0,0,0,0,11.4286,0,0,0,0,0,0,0,0,0,0,0,0,0,0,0
150,0,11.4286,0,0,0,0,0,0,0,0,0,0,0,0,0,0,0,0,11.4286,0,0,0,0,0,0,0,0,0,0,0,0,0,0,0,0,11.4286,0,0,0,0,0,0,0,0,0,0,0,0,0,0,0,0,11.4286,0,0,0,0,0,0,0,0,0,0,0,0,0,0,0,0,11.4286,0,0,0,0,0,0,0,0,0,0,0,0,0,0,0
151,0,11.4286,0,0,0,0,0,0,0,0,0,0,0,0,0,0,0,0,11.4286,0,0,0,0,0,0,0,0,0,0,0,0,0,0,0,0,11.4286,0,0,0,0,0,0,0,0,0,0,0,0,0,0,0,0,11.4286,0,0,0,0,0,0,0,0,0,0,0,0,0,0,0,0,11.4286,0,0,0,0,0,0,0,0,0,0,0,0,0,0,0
152,0,12.8571,0,0,0,0,0,0,0,0,0,0,0,0,0,0,0,0,12.8571,0,0,0,0,0,0,0,0,0,0,0,0,0,0,0,0,12.8571,0,0,0,0,0,0,0,0,0,0,0,0,0,0,0,0,12.8571,0,0,0,0,0,0,0,0,0,0,0,0,0,0,0,0,12.8571,0,0,0,0,0,0,0,0,0,0,0,0,0,0,0
153,0,12.8571,0,0,0,0,0,0,0,0,0,0,0,0,0,0,0,0,12.8571,0,0,0,0,0,0,0,0,0,0,0,0,0,0,0,0,12.8571,0,0,0,0,0,0,0,0,0,0,0,0,0,0,0,0,12.8571,0,0,0,0,0,0,0,0,0,0,0,0,0,0,0,0,12.8571,0,0,0,0,0,0,0,0,0,0,0,0,0,0,0
154,0,14.2857,0,0,0,0,0,0,0,0,0,0,0,0,0,0,0,0,14.2857,0,0,0,0,0,0,0,0,0,0,0,0,0,0,0,0,14.2857,0,0,0,0,0,0,0,0,0,0,0,0,0,0,0,0,14.2857,0,0,0,0,0,0,0,0,0,0,0,0,0,0,0,0,14.2857,0,0,0,0,0,0,0,0,0,0,0,0,0,0,0
155,0,14.2857,0,0,0,0,0,0,0,0,0,0,0,0,0,0,0,0,14.2857,0,0,0,0,0,0,0,0,0,0,0,0,0,0,0,0,14.2857,0,0,0,0,0,0,0,0,0,0,0,0,0,0,0,0,14.2857,0,0,0,0,0,0,0,0,0,0,0,0,0,0,0,0,14.2857,0,0,0,0,0,0,0,0,0,0,0,0,0,0,0
156,0,14.2857,0,0,0,0,0,0,0,0,0,0,0,0,0,0,0,0,14.2857,0,0,0,0,0,0,0,0,0,0,0,0,0,0,0,0,14.2857,0,0,0,0,0,0,0,0,0,0,0,0,0,0,0,0,14.2857,0,0,0,0,0,0,0,0,0,0,0,0,0,0,0,0,14.2857,0,0,0,0,0,0,0,0,0,0,0,0,0,0,0
157,0,15.7143,0,0,0,0,0,0,0,0,0,0,0,0,0,0,0,0,15.7143,0,0,0,0,0,0,0,0,0,0,0,0,0,0,0,0,15.7143,0,0,0,0,0,0,0,0,0,0,0,0,0,0,0,0,15.7143,0,0,0,0,0,0,0,0,0,0,0,0,0,0,0,0,15.7143,0,0,0,0,0,0,0,0,0,0,0,0,0,0,0
158,0,15.7143,0,0,0,0,0,0,0,0,0,0,0,0,0,0,0,0,15.7143,0,0,0,0,0,0,0,0,0,0,0,0,0,0,0,0,15.7143,0,0,0,0,0,0,0,0,0,0,0,0,0,0,0,0,15.7143,0,0,0,0,0,0,0,0,0,0,0,0,0,0,0,0,15.7143,0,0,0,0,0,0,0,0,0,0,0,0,0,0,0
159,0,17.1429,0,0,0,0,0,0,0,0,0,0,0,0,0,0,0,0,17.1429,0,0,0,0,0,0,0,0,0,0,0,0,0,0,0,0,17.1429,0,0,0,0,0,0,0,0,0,0,0,0,0,0,0,0,17.1429,0,0,0,0,0,0,0,0,0,0,0,0,0,0,0,0,17.1429,0,0,0,0,0,0,0,0,0,0,0,0,0,0,0
160,0,17.1429,0,0,0,0,0,0,0,0,0,0,0,0,0,0,0,0,17.1429,0,0,0,0,0,0,0,0,0,0,0,0,0,0,0,0,17.1429,0,0,0,0,0,0,0,0,0,0,0,0,0,0,0,0,17.1429,0,0,0,0,0,0,0,0,0,0,0,0,0,0,0,0,17.1429,0,0,0,0,0,0,0,0,0,0,0,0,0,0,0
161,0,17.1429,0,0,0,0,0,0,0,0,0,0,0,0,0,0,0,0,17.1429,0,0,0,0,0,0,0,0,0,0,0,0,0,0,0,0,17.1429,0,0,0,0,0,0,0,0,0,0,0,0,0,0,0,0,17.1429,0,0,0,0,0,0,0,0,0,0,0,0,0,0,0,0,17.1429,0,0,0,0,0,0,0,0,0,0,0,0,0,0,0
162,0,18.5714,0,0,0,0,0,0,0,0,0,0,0,0,0,0,0,0,18.5714,0,0,0,0,0,0,0,0,0,0,0,0,0,0,0,0,18.5714,0,0,0,0,0,0,0,0,0,0,0,0,0,0,0,0,18.5714,0,0,0,0,0,0,0,0,0,0,0,0,0,0,0,0,18.5714,0,0,0,0,0,0,0,0,0,0,0,0,0,0,0
163,0,18.5714,0,0,0,0,0,0,0,0,0,0,0,0,0,0,0,0,18.5714,0,0,0,0,0,0,0,0,0,0,0,0,0,0,0,0,18.5714,0,0,0,0,0,0,0,0,0,0,0,0,0,0,0,0,18.5714,0,0,0,0,0,0,0,0,0,0,0,0,0,0,0,0,18.5714,0,0,0,0,0,0,0,0,0,0,0,0,0,0,0
164,0,18.5714,0,0,0,0,0,0,0,0,0,0,0,0,0,0,0,0,18.5714,0,0,0,0,0,0,0,0,0,0,0,0,0,0,0,0,18.5714,0,0,0,0,0,0,0,0,0,0,0,0,0,0,0,0,18.5714,0,0,0,0,0,0,0,0,0,0,0,0,0,0,0,0,18.5714,0,0,0,0,0,0,0,0,0,0,0,0,0,0,0
165,0,18.5714,0,0,0,0,0,0,0,0,0,0,0,0,0,0,0,0,18.5714,0,0,0,0,0,0,0,0,0,0,0,0,0,0,0,0,18.5714,0,0,0,0,0,0,0,0,0,0,0,0,0,0,0,0,18.5714,0,0,0,0,0,0,0,0,0,0,0,0,0,0,0,0,18.5714,0,0,0,0,0,0,0,0,0,0,0,0,0,0,0
166,0,18.5714,0,0,0,0,0,0,0,0,0,0,0,0,0,0,0,0,18.5714,0,0,0,0,0,0,0,0,0,0,0,0,0,0,0,0,18.5714,0,0,0,0,0,0,0,0,0,0,0,0,0,0,0,0,18.5714,0,0,0,0,0,0,0,0,0,0,0,0,0,0,0,0,18.5714,0,0,0,0,0,0,0,0,0,0,0,0,0,0,0
167,0,20,0,0,0,0,0,0,0,0,0,0,0,0,0,0,0,0,20,0,0,0,0,0,0,0,0,0,0,0,0,0,0,0,0,20,0,0,0,0,0,0,0,0,0,0,0,0,0,0,0,0,20,0,0,0,0,0,0,0,0,0,0,0,0,0,0,0,0,20,0,0,0,0,0,0,0,0,0,0,0,0,0,0,0
168,0,20,0,0,0,0,0,0,0,0,0,0,0,0,0,0,0,0,20,0,0,0,0,0,0,0,0,0,0,0,0,0,0,0,0,20,0,0,0,0,0,0,0,0,0,0,0,0,0,0,0,0,20,0,0,0,0,0,0,0,0,0,0,0,0,0,0,0,0,20,0,0,0,0,0,0,0,0,0,0,0,0,0,0,0
169,0,20,0,0,0,0,0,0,0,0,0,0,0,0,0,0,0,0,20,0,0,0,0,0,0,0,0,0,0,0,0,0,0,0,0,20,0,0,0,0,0,0,0,0,0,0,0,0,0,0,0,0,20,0,0,0,0,0,0,0,0,0,0,0,0,0,0,0,0,20,0,0,0,0,0,0,0,0,0,0,0,0,0,0,0
170,0,20,0,0,0,0,0,0,0,0,0,0,0,0,0,0,0,0,20,0,0,0,0,0,0,0,0,0,0,0,0,0,0,0,0,20,0,0,0,0,0,0,0,0,0,0,0,0,0,0,0,0,20,0,0,0,0,0,0,0,0,0,0,0,0,0,0,0,0,20,0,0,0,0,0,0,0,0,0,0,0,0,0,0,0
171,0,20,0,0,0,0,0,0,0,0,0,0,0,0,0,0,0,0,20,0,0,0,0,0,0,0,0,0,0,0,0,0,0,0,0,20,0,0,0,0,0,0,0,0,0,0,0,0,0,0,0,0,20,0,0,0,0,0,0,0,0,0,0,0,0,0,0,0,0,20,0,0,0,0,0,0,0,0,0,0,0,0,0,0,0
172,0,20,0,0,0,0,0,0,0,0,0,0,0,0,0,0,0,0,20,0,0,0,0,0,0,0,0,0,0,0,0,0,0,0,0,20,0,0,0,0,0,0,0,0,0,0,0,0,0,0,0,0,20,0,0,0,0,0,0,0,0,0,0,0,0,0,0,0,0,20,0,0,0,0,0,0,0,0,0,0,0,0,0,0,0
173,0,0,0,0,0,0,0,0,0,0,0,0,0,0,0,0,0,0,0,0,0,0,0,0,0,0,0,0,0,0,0,0,0,0,0,0,0,0,0,0,0,0,0,0,0,0,0,0,0,0,0,0,0,0,0,0,0,0,0,0,0,0,0,0,0,0,0,0,0,0,0,0,0,0,0,0,0,0,0,0,0,0,0,0,0
174,0,7.14286,0,0,0,0,0,0,0,0,0,0,0,0,0,0,0,0,7.14286,0,0,0,0,0,0,0,0,0,0,0,0,0,0,0,0,7.14286,0,0,0,0,0,0,0,0,0,0,0,0,0,0,0,0,7.14286,0,0,0,0,0,0,0,0,0,0,0,0,0,0,0,0,7.14286,0,0,0,0,0,0,0,0,0,0,0,0,0,0,0
175,0,7.14286,0,0,0,0,0,0,0,0,0,0,0,0,0,0,0,0,7.14286,0,0,0,0,0,0,0,0,0,0,0,0,0,0,0,0,7.14286,0,0,0,0,0,0,0,0,0,0,0,0,0,0,0,0,7.14286,0,0,0,0,0,0,0,0,0,0,0,0,0,0,0,0,7.14286,0,0,0,0,0,0,0,0,0,0,0,0,0,0,0
176,0,7.14286,0,0,0,0,0,0,0,0,0,0,0,0,0,0,0,0,7.14286,0,0,0,0,0,0,0,0,0,0,0,0,0,0,0,0,7.14286,0,0,0,0,0,0,0,0,0,0,0,0,0,0,0,0,7.14286,0,0,0,0,0,0,0,0,0,0,0,0,0,0,0,0,7.14286,0,0,0,0,0,0,0,0,0,0,0,0,0,0,0
177,0,7.14286,0,0,0,0,0,0,0,0,0,0,0,0,0,0,0,0,7.14286,0,0,0,0,0,0,0,0,0,0,0,0,0,0,0,0,7.14286,0,0,0,0,0,0,0,0,0,0,0,0,0,0,0,0,7.14286,0,0,0,0,0,0,0,0,0,0,0,0,0,0,0,0,7.14286,0,0,0,0,0,0,0,0,0,0,0,0,0,0,0
178,0,7.14286,0,0,0,0,0,0,0,0,0,0,0,0,0,0,0,0,7.14286,0,0,0,0,0,0,0,0,0,0,0,0,0,0,0,0,7.14286,0,0,0,0,0,0,0,0,0,0,0,0,0,0,0,0,7.14286,0,0,0,0,0,0,0,0,0,0,0,0,0,0,0,0,7.14286,0,0,0,0,0,0,0,0,0,0,0,0,0,0,0
179,0,8.57143,0,0,0,0,0,0,0,0,0,0,0,0,0,0,0,0,8.57143,0,0,0,0,0,0,0,0,0,0,0,0,0,0,0,0,8.57143,0,0,0,0,0,0,0,0,0,0,0,0,0,0,0,0,8.57143,0,0,0,0,0,0,0,0,0,0,0,0,0,0,0,0,8.57143,0,0,0,0,0,0,0,0,0,0,0,0,0,0,0
180,0,8.57143,0,0,0,0,0,0,0,0,0,0,0,0,0,0,0,0,8.57143,0,0,0,0,0,0,0,0,0,0,0,0,0,0,0,0,8.57143,0,0,0,0,0,0,0,0,0,0,0,0,0,0,0,0,8.57143,0,0,0,0,0,0,0,0,0,0,0,0,0,0,0,0,8.57143,0,0,0,0,0,0,0,0,0,0,0,0,0,0,0
181,0,8.57143,0,0,0,0,0,0,0,0,0,0,0,0,0,0,0,0,8.57143,0,0,0,0,0,0,0,0,0,0,0,0,0,0,0,0,8.57143,0,0,0,0,0,0,0,0,0,0,0,0,0,0,0,0,8.57143,0,0,0,0,0,0,0,0,0,0,0,0,0,0,0,0,8.57143,0,0,0,0,0,0,0,0,0,0,0,0,0,0,0
182,0,8.57143,0,0,0,0,0,0,0,0,0,0,0,0,0,0,0,0,8.57143,0,0,0,0,0,0,0,0,0,0,0,0,0,0,0,0,8.57143,0,0,0,0,0,0,0,0,0,0,0,0,0,0,0,0,8.57143,0,0,0,0,0,0,0,0,0,0,0,0,0,0,0,0,8.57143,0,0,0,0,0,0,0,0,0,0,0,0,0,0,0
183,0,10,0,0,0,0,0,0,0,0,0,0,0,0,0,0,0,0,10,0,0,0,0,0,0,0,0,0,0,0,0,0,0,0,0,10,0,0,0,0,0,0,0,0,0,0,0,0,0,0,0,0,10,0,0,0,0,0,0,0,0,0,0,0,0,0,0,0,0,10,0,0,0,0,0,0,0,0,0,0,0,0,0,0,0
184,0,10,0,0,0,0,0,0,0,0,0,0,0,0,0,0,0,0,10,0,0,0,0,0,0,0,0,0,0,0,0,0,0,0,0,10,0,0,0,0,0,0,0,0,0,0,0,0,0,0,0,0,10,0,0,0,0,0,0,0,0,0,0,0,0,0,0,0,0,10,0,0,0,0,0,0,0,0,0,0,0,0,0,0,0
185,0,10,0,0,0,0,0,0,0,0,0,0,0,0,0,0,0,0,10,0,0,0,0,0,0,0,0,0,0,0,0,0,0,0,0,10,0,0,0,0,0,0,0,0,0,0,0,0,0,0,0,0,10,0,0,0,0,0,0,0,0,0,0,0,0,0,0,0,0,10,0,0,0,0,0,0,0,0,0,0,0,0,0,0,0
186,0,11.4286,0,0,0,0,0,0,0,0,0,0,0,0,0,0,0,0,11.4286,0,0,0,0,0,0,0,0,0,0,0,0,0,0,0,0,11.4286,0,0,0,0,0,0,0,0,0,0,0,0,0,0,0,0,11.4286,0,0,0,0,0,0,0,0,0,0,0,0,0,0,0,0,11.4286,0,0,0,0,0,0,0,0,0,0,0,0,0,0,0
187,0,11.4286,0,0,0,0,0,0,0,0,0,0,0,0,0,0,0,0,11.4286,0,0,0,0,0,0,0,0,0,0,0,0,0,0,0,0,11.4286,0,0,0,0,0,0,0,0,0,0,0,0,0,0,0,0,11.4286,0,0,0,0,0,0,0,0,0,0,0,0,0,0,0,0,11.4286,0,0,0,0,0,0,0,0,0,0,0,0,0,0,0
188,0,11.4286,0,0,0,0,0,0,0,0,0,0,0,0,0,0,0,0,11.4286,0,0,0,0,0,0,0,0,0,0,0,0,0,0,0,0,11.4286,0,0,0,0,0,0,0,0,0,0,0,0,0,0,0,0,11.4286,0,0,0,0,0,0,0,0,0,0,0,0,0,0,0,0,11.4286,0,0,0,0,0,0,0,0,0,0,0,0,0,0,0
189,0,12.8571,0,0,0,0,0,0,0,0,0,0,0,0,0,0,0,0,12.8571,0,0,0,0,0,0,0,0,0,0,0,0,0,0,0,0,12.8571,0,0,0,0,0,0,0,0,0,0,0,0,0,0,0,0,12.8571,0,0,0,0,0,0,0,0,0,0,0,0,0,0,0,0,12.8571,0,0,0,0,0,0,0,0,0,0,0,0,0,0,0
190,0,12.8571,0,0,0,0,0,0,0,0,0,0,0,0,0,0,0,0,12.8571,0,0,0,0,0,0,0,0,0,0,0,0,0,0,0,0,12.8571,0,0,0,0,0,0,0,0,0,0,0,0,0,0,0,0,12.8571,0,0,0,0,0,0,0,0,0,0,0,0,0,0,0,0,12.8571,0,0,0,0,0,0,0,0,0,0,0,0,0,0,0
191,0,14.2857,0,0,0,0,0,0,0,0,0,0,0,0,0,0,0,0,14.2857,0,0,0,0,0,0,0,0,0,0,0,0,0,0,0,0,14.2857,0,0,0,0,0,0,0,0,0,0,0,0,0,0,0,0,14.2857,0,0,0,0,0,0,0,0,0,0,0,0,0,0,0,0,14.2857,0,0,0,0,0,0,0,0,0,0,0,0,0,0,0
192,0,14.2857,0,0,0,0,0,0,0,0,0,0,0,0,0,0,0,0,14.2857,0,0,0,0,0,0,0,0,0,0,0,0,0,0,0,0,14.2857,0,0,0,0,0,0,0,0,0,0,0,0,0,0,0,0,14.2857,0,0,0,0,0,0,0,0,0,0,0,0,0,0,0,0,14.2857,0,0,0,0,0,0,0,0,0,0,0,0,0,0,0
193,0,14.2857,0,0,0,0,0,0,0,0,0,0,0,0,0,0,0,0,14.2857,0,0,0,0,0,0,0,0,0,0,0,0,0,0,0,0,14.2857,0,0,0,0,0,0,0,0,0,0,0,0,0,0,0,0,14.2857,0,0,0,0,0,0,0,0,0,0,0,0,0,0,0,0,14.2857,0,0,0,0,0,0,0,0,0,0,0,0,0,0,0
194,0,15.7143,0,0,0,0,0,0,0,0,0,0,0,0,0,0,0,0,15.7143,0,0,0,0,0,0,0,0,0,0,0,0,0,0,0,0,15.7143,0,0,0,0,0,0,0,0,0,0,0,0,0,0,0,0,15.7143,0,0,0,0,0,0,0,0,0,0,0,0,0,0,0,0,15.7143,0,0,0,0,0,0,0,0,0,0,0,0,0,0,0
195,0,15.7143,0,0,0,0,0,0,0,0,0,0,0,0,0,0,0,0,15.7143,0,0,0,0,0,0,0,0,0,0,0,0,0,0,0,0,15.7143,0,0,0,0,0,0,0,0,0,0,0,0,0,0,0,0,15.7143,0,0,0,0,0,0,0,0,0,0,0,0,0,0,0,0,15.7143,0,0,0,0,0,0,0,0,0,0,0,0,0,0,0
196,0,17.1429,0,0,0,0,0,0,0,0,0,0,0,0,0,0,0,0,17.1429,0,0,0,0,0,0,0,0,0,0,0,0,0,0,0,0,17.1429,0,0,0,0,0,0,0,0,0,0,0,0,0,0,0,0,17.1429,0,0,0,0,0,0,0,0,0,0,0,0,0,0,0,0,17.1429,0,0,0,0,0,0,0,0,0,0,0,0,0,0,0
197,0,17.1429,0,0,0,0,0,0,0,0,0,0,0,0,0,0,0,0,17.1429,0,0,0,0,0,0,0,0,0,0,0,0,0,0,0,0,17.1429,0,0,0,0,0,0,0,0,0,0,0,0,0,0,0,0,17.1429,0,0,0,0,0,0,0,0,0,0,0,0,0,0,0,0,17.1429,0,0,0,0,0,0,0,0,0,0,0,0,0,0,0
198,0,17.1429,0,0,0,0,0,0,0,0,0,0,0,0,0,0,0,0,17.1429,0,0,0,0,0,0,0,0,0,0,0,0,0,0,0,0,17.1429,0,0,0,0,0,0,0,0,0,0,0,0,0,0,0,0,17.1429,0,0,0,0,0,0,0,0,0,0,0,0,0,0,0,0,17.1429,0,0,0,0,0,0,0,0,0,0,0,0,0,0,0
199,0,18.5714,0,0,0,0,0,0,0,0,0,0,0,0,0,0,0,0,18.5714,0,0,0,0,0,0,0,0,0,0,0,0,0,0,0,0,18.5714,0,0,0,0,0,0,0,0,0,0,0,0,0,0,0,0,18.5714,0,0,0,0,0,0,0,0,0,0,0,0,0,0,0,0,18.5714,0,0,0,0,0,0,0,0,0,0,0,0,0,0,0
200,0,18.5714,0,0,0,0,0,0,0,0,0,0,0,0,0,0,0,0,18.5714,0,0,0,0,0,0,0,0,0,0,0,0,0,0,0,0,18.5714,0,0,0,0,0,0,0,0,0,0,0,0,0,0,0,0,18.5714,0,0,0,0,0,0,0,0,0,0,0,0,0,0,0,0,18.5714,0,0,0,0,0,0,0,0,0,0,0,0,0,0,0
201,0,18.5714,0,0,0,0,0,0,0,0,0,0,0,0,0,0,0,0,18.5714,0,0,0,0,0,0,0,0,0,0,0,0,0,0,0,0,18.5714,0,0,0,0,0,0,0,0,0,0,0,0,0,0,0,0,18.5714,0,0,0,0,0,0,0,0,0,0,0,0,0,0,0,0,18.5714,0,0,0,0,0,0,0,0,0,0,0,0,0,0,0
202,0,18.5714,0,0,0,0,0,0,0,0,0,0,0,0,0,0,0,0,18.5714,0,0,0,0,0,0,0,0,0,0,0,0,0,0,0,0,18.5714,0,0,0,0,0,0,0,0,0,0,0,0,0,0,0,0,18.5714,0,0,0,0,0,0,0,0,0,0,0,0,0,0,0,0,18.5714,0,0,0,0,0,0,0,0,0,0,0,0,0,0,0
203,0,18.5714,0,0,0,0,0,0,0,0,0,0,0,0,0,0,0,0,18.5714,0,0,0,0,0,0,0,0,0,0,0,0,0,0,0,0,18.5714,0,0,0,0,0,0,0,0,0,0,0,0,0,0,0,0,18.5714,0,0,0,0,0,0,0,0,0,0,0,0,0,0,0,0,18.5714,0,0,0,0,0,0,0,0,0,0,0,0,0,0,0
204,0,20,0,0,0,0,0,0,0,0,0,0,0,0,0,0,0,0,20,0,0,0,0,0,0,0,0,0,0,0,0,0,0,0,0,20,0,0,0,0,0,0,0,0,0,0,0,0,0,0,0,0,20,0,0,0,0,0,0,0,0,0,0,0,0,0,0,0,0,20,0,0,0,0,0,0,0,0,0,0,0,0,0,0,0
205,0,20,0,0,0,0,0,0,0,0,0,0,0,0,0,0,0,0,20,0,0,0,0,0,0,0,0,0,0,0,0,0,0,0,0,20,0,0,0,0,0,0,0,0,0,0,0,0,0,0,0,0,20,0,0,0,0,0,0,0,0,0,0,0,0,0,0,0,0,20,0,0,0,0,0,0,0,0,0,0,0,0,0,0,0
206,0,20,0,0,0,0,0,0,0,0,0,0,0,0,0,0,0,0,20,0,0,0,0,0,0,0,0,0,0,0,0,0,0,0,0,20,0,0,0,0,0,0,0,0,0,0,0,0,0,0,0,0,20,0,0,0,0,0,0,0,0,0,0,0,0,0,0,0,0,20,0,0,0,0,0,0,0,0,0,0,0,0,0,0,0
207,0,20,0,0,0,0,0,0,0,0,0,0,0,0,0,0,0,0,20,0,0,0,0,0,0,0,0,0,0,0,0,0,0,0,0,20,0,0,0,0,0,0,0,0,0,0,0,0,0,0,0,0,20,0,0,0,0,0,0,0,0,0,0,0,0,0,0,0,0,20,0,0,0,0,0,0,0,0,0,0,0,0,0,0,0
208,0,20,0,0,0,0,0,0,0,0,0,0,0,0,0,0,0,0,20,0,0,0,0,0,0,0,0,0,0,0,0,0,0,0,0,20,0,0,0,0,0,0,0,0,0,0,0,0,0,0,0,0,20,0,0,0,0,0,0,0,0,0,0,0,0,0,0,0,0,20,0,0,0,0,0,0,0,0,0,0,0,0,0,0,0
209,0,20,0,0,0,0,0,0,0,0,0,0,0,0,0,0,0,0,20,0,0,0,0,0,0,0,0,0,0,0,0,0,0,0,0,20,0,0,0,0,0,0,0,0,0,0,0,0,0,0,0,0,20,0,0,0,0,0,0,0,0,0,0,0,0,0,0,0,0,20,0,0,0,0,0,0,0,0,0,0,0,0,0,0,0
210,0,0,0,0,0,0,0,0,0,0,0,0,0,0,0,0,0,0,0,0,0,0,0,0,0,0,0,0,0,0,0,0,0,0,0,0,0,0,0,0,0,0,0,0,0,0,0,0,0,0,0,0,0,0,0,0,0,0,0,0,0,0,0,0,0,0,0,0,0,0,0,0,0,0,0,0,0,0,0,0,0,0,0,0,0
211,0,7.14286,0,0,0,0,0,0,0,0,0,0,0,0,0,0,0,0,7.14286,0,0,0,0,0,0,0,0,0,0,0,0,0,0,0,0,7.14286,0,0,0,0,0,0,0,0,0,0,0,0,0,0,0,0,7.14286,0,0,0,0,0,0,0,0,0,0,0,0,0,0,0,0,7.14286,0,0,0,0,0,0,0,0,0,0,0,0,0,0,0
212,0,7.14286,0,0,0,0,0,0,0,0,0,0,0,0,0,0,0,0,7.14286,0,0,0,0,0,0,0,0,0,0,0,0,0,0,0,0,7.14286,0,0,0,0,0,0,0,0,0,0,0,0,0,0,0,0,7.14286,0,0,0,0,0,0,0,0,0,0,0,0,0,0,0,0,7.14286,0,0,0,0,0,0,0,0,0,0,0,0,0,0,0
213,0,7.14286,0,0,0,0,0,0,0,0,0,0,0,0,0,0,0,0,7.14286,0,0,0,0,0,0,0,0,0,0,0,0,0,0,0,0,7.14286,0,0,0,0,0,0,0,0,0,0,0,0,0,0,0,0,7.14286,0,0,0,0,0,0,0,0,0,0,0,0,0,0,0,0,7.14286,0,0,0,0,0,0,0,0,0,0,0,0,0,0,0
214,0,7.14286,0,0,0,0,0,0,0,0,0,0,0,0,0,0,0,0,7.14286,0,0,0,0,0,0,0,0,0,0,0,0,0,0,0,0,7.14286,0,0,0,0,0,0,0,0,0,0,0,0,0,0,0,0,7.14286,0,0,0,0,0,0,0,0,0,0,0,0,0,0,0,0,7.14286,0,0,0,0,0,0,0,0,0,0,0,0,0,0,0
215,0,7.14286,0,0,0,0,0,0,0,0,0,0,0,0,0,0,0,0,7.14286,0,0,0,0,0,0,0,0,0,0,0,0,0,0,0,0,7.14286,0,0,0,0,0,0,0,0,0,0,0,0,0,0,0,0,7.14286,0,0,0,0,0,0,0,0,0,0,0,0,0,0,0,0,7.14286,0,0,0,0,0,0,0,0,0,0,0,0,0,0,0
216,0,8.57143,0,0,0,0,0,0,0,0,0,0,0,0,0,0,0,0,8.57143,0,0,0,0,0,0,0,0,0,0,0,0,0,0,0,0,8.57143,0,0,0,0,0,0,0,0,0,0,0,0,0,0,0,0,8.57143,0,0,0,0,0,0,0,0,0,0,0,0,0,0,0,0,8.57143,0,0,0,0,0,0,0,0,0,0,0,0,0,0,0
217,0,8.57143,0,0,0,0,0,0,0,0,0,0,0,0,0,0,0,0,8.57143,0,0,0,0,0,0,0,0,0,0,0,0,0,0,0,0,8.57143,0,0,0,0,0,0,0,0,0,0,0,0,0,0,0,0,8.57143,0,0,0,0,0,0,0,0,0,0,0,0,0,0,0,0,8.57143,0,0,0,0,0,0,0,0,0,0,0,0,0,0,0
218,0,8.57143,0,0,0,0,0,0,0,0,0,0,0,0,0,0,0,0,8.57143,0,0,0,0,0,0,0,0,0,0,0,0,0,0,0,0,8.57143,0,0,0,0,0,0,0,0,0,0,0,0,0,0,0,0,8.57143,0,0,0,0,0,0,0,0,0,0,0,0,0,0,0,0,8.57143,0,0,0,0,0,0,0,0,0,0,0,0,0,0,0
219,0,8.57143,0,0,0,0,0,0,0,0,0,0,0,0,0,0,0,0,8.57143,0,0,0,0,0,0,0,0,0,0,0,0,0,0,0,0,8.57143,0,0,0,0,0,0,0,0,0,0,0,0,0,0,0,0,8.57143,0,0,0,0,0,0,0,0,0,0,0,0,0,0,0,0,8.57143,0,0,0,0,0,0,0,0,0,0,0,0,0,0,0
220,0,10,0,0,0,0,0,0,0,0,0,0,0,0,0,0,0,0,10,0,0,0,0,0,0,0,0,0,0,0,0,0,0,0,0,10,0,0,0,0,0,0,0,0,0,0,0,0,0,0,0,0,10,0,0,0,0,0,0,0,0,0,0,0,0,0,0,0,0,10,0,0,0,0,0,0,0,0,0,0,0,0,0,0,0
221,0,10,0,0,0,0,0,0,0,0,0,0,0,0,0,0,0,0,10,0,0,0,0,0,0,0,0,0,0,0,0,0,0,0,0,10,0,0,0,0,0,0,0,0,0,0,0,0,0,0,0,0,10,0,0,0,0,0,0,0,0,0,0,0,0,0,0,0,0,10,0,0,0,0,0,0,0,0,0,0,0,0,0,0,0
222,0,10,0,0,0,0,0,0,0,0,0,0,0,0,0,0,0,0,10,0,0,0,0,0,0,0,0,0,0,0,0,0,0,0,0,10,0,0,0,0,0,0,0,0,0,0,0,0,0,0,0,0,10,0,0,0,0,0,0,0,0,0,0,0,0,0,0,0,0,10,0,0,0,0,0,0,0,0,0,0,0,0,0,0,0
223,0,11.4286,0,0,0,0,0,0,0,0,0,0,0,0,0,0,0,0,11.4286,0,0,0,0,0,0,0,0,0,0,0,0,0,0,0,0,11.4286,0,0,0,0,0,0,0,0,0,0,0,0,0,0,0,0,11.4286,0,0,0,0,0,0,0,0,0,0,0,0,0,0,0,0,11.4286,0,0,0,0,0,0,0,0,0,0,0,0,0,0,0
224,0,11.4286,0,0,0,0,0,0,0,0,0,0,0,0,0,0,0,0,11.4286,0,0,0,0,0,0,0,0,0,0,0,0,0,0,0,0,11.4286,0,0,0,0,0,0,0,0,0,0,0,0,0,0,0,0,11.4286,0,0,0,0,0,0,0,0,0,0,0,0,0,0,0,0,11.4286,0,0,0,0,0,0,0,0,0,0,0,0,0,0,0
225,0,11.4286,0,0,0,0,0,0,0,0,0,0,0,0,0,0,0,0,11.4286,0,0,0,0,0,0,0,0,0,0,0,0,0,0,0,0,11.4286,0,0,0,0,0,0,0,0,0,0,0,0,0,0,0,0,11.4286,0,0,0,0,0,0,0,0,0,0,0,0,0,0,0,0,11.4286,0,0,0,0,0,0,0,0,0,0,0,0,0,0,0
226,0,12.8571,0,0,0,0,0,0,0,0,0,0,0,0,0,0,0,0,12.8571,0,0,0,0,0,0,0,0,0,0,0,0,0,0,0,0,12.8571,0,0,0,0,0,0,0,0,0,0,0,0,0,0,0,0,12.8571,0,0,0,0,0,0,0,0,0,0,0,0,0,0,0,0,12.8571,0,0,0,0,0,0,0,0,0,0,0,0,0,0,0
227,0,12.8571,0,0,0,0,0,0,0,0,0,0,0,0,0,0,0,0,12.8571,0,0,0,0,0,0,0,0,0,0,0,0,0,0,0,0,12.8571,0,0,0,0,0,0,0,0,0,0,0,0,0,0,0,0,12.8571,0,0,0,0,0,0,0,0,0,0,0,0,0,0,0,0,12.8571,0,0,0,0,0,0,0,0,0,0,0,0,0,0,0
228,0,14.2857,0,0,0,0,0,0,0,0,0,0,0,0,0,0,0,0,14.2857,0,0,0,0,0,0,0,0,0,0,0,0,0,0,0,0,14.2857,0,0,0,0,0,0,0,0,0,0,0,0,0,0,0,0,14.2857,0,0,0,0,0,0,0,0,0,0,0,0,0,0,0,0,14.2857,0,0,0,0,0,0,0,0,0,0,0,0,0,0,0
229,0,14.2857,0,0,0,0,0,0,0,0,0,0,0,0,0,0,0,0,14.2857,0,0,0,0,0,0,0,0,0,0,0,0,0,0,0,0,14.2857,0,0,0,0,0,0,0,0,0,0,0,0,0,0,0,0,14.2857,0,0,0,0,0,0,0,0,0,0,0,0,0,0,0,0,14.2857,0,0,0,0,0,0,0,0,0,0,0,0,0,0,0
230,0,14.2857,0,0,0,0,0,0,0,0,0,0,0,0,0,0,0,0,14.2857,0,0,0,0,0,0,0,0,0,0,0,0,0,0,0,0,14.2857,0,0,0,0,0,0,0,0,0,0,0,0,0,0,0,0,14.2857,0,0,0,0,0,0,0,0,0,0,0,0,0,0,0,0,14.2857,0,0,0,0,0,0,0,0,0,0,0,0,0,0,0
231,0,15.7143,0,0,0,0,0,0,0,0,0,0,0,0,0,0,0,0,15.7143,0,0,0,0,0,0,0,0,0,0,0,0,0,0,0,0,15.7143,0,0,0,0,0,0,0,0,0,0,0,0,0,0,0,0,15.7143,0,0,0,0,0,0,0,0,0,0,0,0,0,0,0,0,15.7143,0,0,0,0,0,0,0,0,0,0,0,0,0,0,0
232,0,15.7143,0,0,0,0,0,0,0,0,0,0,0,0,0,0,0,0,15.7143,0,0,0,0,0,0,0,0,0,0,0,0,0,0,0,0,15.7143,0,0,0,0,0,0,0,0,0,0,0,0,0,0,0,0,15.7143,0,0,0,0,0,0,0,0,0,0,0,0,0,0,0,0,15.7143,0,0,0,0,0,0,0,0,0,0,0,0,0,0,0
233,0,17.1429,0,0,0,0,0,0,0,0,0,0,0,0,0,0,0,0,17.1429,0,0,0,0,0,0,0,0,0,0,0,0,0,0,0,0,17.1429,0,0,0,0,0,0,0,0,0,0,0,0,0,0,0,0,17.1429,0,0,0,0,0,0,0,0,0,0,0,0,0,0,0,0,17.1429,0,0,0,0,0,0,0,0,0,0,0,0,0,0,0
234,0,17.1429,0,0,0,0,0,0,0,0,0,0,0,0,0,0,0,0,17.1429,0,0,0,0,0,0,0,0,0,0,0,0,0,0,0,0,17.1429,0,0,0,0,0,0,0,0,0,0,0,0,0,0,0,0,17.1429,0,0,0,0,0,0,0,0,0,0,0,0,0,0,0,0,17.1429,0,0,0,0,0,0,0,0,0,0,0,0,0,0,0
235,0,17.1429,0,0,0,0,0,0,0,0,0,0,0,0,0,0,0,0,17.1429,0,0,0,0,0,0,0,0,0,0,0,0,0,0,0,0,17.1429,0,0,0,0,0,0,0,0,0,0,0,0,0,0,0,0,17.1429,0,0,0,0,0,0,0,0,0,0,0,0,0,0,0,0,17.1429,0,0,0,0,0,0,0,0,0,0,0,0,0,0,0
236,0,18.5714,0,0,0,0,0,0,0,0,0,0,0,0,0,0,0,0,18.5714,0,0,0,0,0,0,0,0,0,0,0,0,0,0,0,0,18.5714,0,0,0,0,0,0,0,0,0,0,0,0,0,0,0,0,18.5714,0,0,0,0,0,0,0,0,0,0,0,0,0,0,0,0,18.5714,0,0,0,0,0,0,0,0,0,0,0,0,0,0,0
237,0,18.5714,0,0,0,0,0,0,0,0,0,0,0,0,0,0,0,0,18.5714,0,0,0,0,0,0,0,0,0,0,0,0,0,0,0,0,18.5714,0,0,0,0,0,0,0,0,0,0,0,0,0,0,0,0,18.5714,0,0,0,0,0,0,0,0,0,0,0,0,0,0,0,0,18.5714,0,0,0,0,0,0,0,0,0,0,0,0,0,0,0
238,0,18.5714,0,0,0,0,0,0,0,0,0,0,0,0,0,0,0,0,18.5714,0,0,0,0,0,0,0,0,0,0,0,0,0,0,0,0,18.5714,0,0,0,0,0,0,0,0,0,0,0,0,0,0,0,0,18.5714,0,0,0,0,0,0,0,0,0,0,0,0,0,0,0,0,18.5714,0,0,0,0,0,0,0,0,0,0,0,0,0,0,0
239,0,18.5714,0,0,0,0,0,0,0,0,0,0,0,0,0,0,0,0,18.5714,0,0,0,0,0,0,0,0,0,0,0,0,0,0,0,0,18.5714,0,0,0,0,0,0,0,0,0,0,0,0,0,0,0,0,18.5714,0,0,0,0,0,0,0,0,0,0,0,0,0,0,0,0,18.5714,0,0,0,0,0,0,0,0,0,0,0,0,0,0,0
240,0,18.5714,0,0,0,0,0,0,0,0,0,0,0,0,0,0,0,0,18.5714,0,0,0,0,0,0,0,0,0,0,0,0,0,0,0,0,18.5714,0,0,0,0,0,0,0,0,0,0,0,0,0,0,0,0,18.5714,0,0,0,0,0,0,0,0,0,0,0,0,0,0,0,0,18.5714,0,0,0,0,0,0,0,0,0,0,0,0,0,0,0
241,0,20,0,0,0,0,0,0,0,0,0,0,0,0,0,0,0,0,20,0,0,0,0,0,0,0,0,0,0,0,0,0,0,0,0,20,0,0,0,0,0,0,0,0,0,0,0,0,0,0,0,0,20,0,0,0,0,0,0,0,0,0,0,0,0,0,0,0,0,20,0,0,0,0,0,0,0,0,0,0,0,0,0,0,0
242,0,20,0,0,0,0,0,0,0,0,0,0,0,0,0,0,0,0,20,0,0,0,0,0,0,0,0,0,0,0,0,0,0,0,0,20,0,0,0,0,0,0,0,0,0,0,0,0,0,0,0,0,20,0,0,0,0,0,0,0,0,0,0,0,0,0,0,0,0,20,0,0,0,0,0,0,0,0,0,0,0,0,0,0,0
243,0,20,0,0,0,0,0,0,0,0,0,0,0,0,0,0,0,0,20,0,0,0,0,0,0,0,0,0,0,0,0,0,0,0,0,20,0,0,0,0,0,0,0,0,0,0,0,0,0,0,0,0,20,0,0,0,0,0,0,0,0,0,0,0,0,0,0,0,0,20,0,0,0,0,0,0,0,0,0,0,0,0,0,0,0
244,0,20,0,0,0,0,0,0,0,0,0,0,0,0,0,0,0,0,20,0,0,0,0,0,0,0,0,0,0,0,0,0,0,0,0,20,0,0,0,0,0,0,0,0,0,0,0,0,0,0,0,0,20,0,0,0,0,0,0,0,0,0,0,0,0,0,0,0,0,20,0,0,0,0,0,0,0,0,0,0,0,0,0,0,0
245,0,20,0,0,0,0,0,0,0,0,0,0,0,0,0,0,0,0,20,0,0,0,0,0,0,0,0,0,0,0,0,0,0,0,0,20,0,0,0,0,0,0,0,0,0,0,0,0,0,0,0,0,20,0,0,0,0,0,0,0,0,0,0,0,0,0,0,0,0,20,0,0,0,0,0,0,0,0,0,0,0,0,0,0,0
246,0,20,0,0,0,0,0,0,0,0,0,0,0,0,0,0,0,0,20,0,0,0,0,0,0,0,0,0,0,0,0,0,0,0,0,20,0,0,0,0,0,0,0,0,0,0,0,0,0,0,0,0,20,0,0,0,0,0,0,0,0,0,0,0,0,0,0,0,0,20,0,0,0,0,0,0,0,0,0,0,0,0,0,0,0
247,0,0,0,0,0,0,0,0,0,0,0,0,0,0,0,0,0,0,0,0,0,0,0,0,0,0,0,0,0,0,0,0,0,0,0,0,0,0,0,0,0,0,0,0,0,0,0,0,0,0,0,0,0,0,0,0,0,0,0,0,0,0,0,0,0,0,0,0,0,0,0,0,0,0,0,0,0,0,0,0,0,0,0,0,0
248,0,7.14286,0,0,0,0,0,0,0,0,0,0,0,0,0,0,0,0,7.14286,0,0,0,0,0,0,0,0,0,0,0,0,0,0,0,0,7.14286,0,0,0,0,0,0,0,0,0,0,0,0,0,0,0,0,7.14286,0,0,0,0,0,0,0,0,0,0,0,0,0,0,0,0,7.14286,0,0,0,0,0,0,0,0,0,0,0,0,0,0,0
249,0,7.14286,0,0,0,0,0,0,0,0,0,0,0,0,0,0,0,0,7.14286,0,0,0,0,0,0,0,0,0,0,0,0,0,0,0,0,7.14286,0,0,0,0,0,0,0,0,0,0,0,0,0,0,0,0,7.14286,0,0,0,0,0,0,0,0,0,0,0,0,0,0,0,0,7.14286,0,0,0,0,0,0,0,0,0,0,0,0,0,0,0
250,0,7.14286,0,0,0,0,0,0,0,0,0,0,0,0,0,0,0,0,7.14286,0,0,0,0,0,0,0,0,0,0,0,0,0,0,0,0,7.14286,0,0,0,0,0,0,0,0,0,0,0,0,0,0,0,0,7.14286,0,0,0,0,0,0,0,0,0,0,0,0,0,0,0,0,7.14286,0,0,0,0,0,0,0,0,0,0,0,0,0,0,0
251,0,7.14286,0,0,0,0,0,0,0,0,0,0,0,0,0,0,0,0,7.14286,0,0,0,0,0,0,0,0,0,0,0,0,0,0,0,0,7.14286,0,0,0,0,0,0,0,0,0,0,0,0,0,0,0,0,7.14286,0,0,0,0,0,0,0,0,0,0,0,0,0,0,0,0,7.14286,0,0,0,0,0,0,0,0,0,0,0,0,0,0,0
252,0,7.14286,0,0,0,0,0,0,0,0,0,0,0,0,0,0,0,0,7.14286,0,0,0,0,0,0,0,0,0,0,0,0,0,0,0,0,7.14286,0,0,0,0,0,0,0,0,0,0,0,0,0,0,0,0,7.14286,0,0,0,0,0,0,0,0,0,0,0,0,0,0,0,0,7.14286,0,0,0,0,0,0,0,0,0,0,0,0,0,0,0
253,0,8.57143,0,0,0,0,0,0,0,0,0,0,0,0,0,0,0,0,8.57143,0,0,0,0,0,0,0,0,0,0,0,0,0,0,0,0,8.57143,0,0,0,0,0,0,0,0,0,0,0,0,0,0,0,0,8.57143,0,0,0,0,0,0,0,0,0,0,0,0,0,0,0,0,8.57143,0,0,0,0,0,0,0,0,0,0,0,0,0,0,0
254,0,8.57143,0,0,0,0,0,0,0,0,0,0,0,0,0,0,0,0,8.57143,0,0,0,0,0,0,0,0,0,0,0,0,0,0,0,0,8.57143,0,0,0,0,0,0,0,0,0,0,0,0,0,0,0,0,8.57143,0,0,0,0,0,0,0,0,0,0,0,0,0,0,0,0,8.57143,0,0,0,0,0,0,0,0,0,0,0,0,0,0,0
255,0,8.57143,0,0,0,0,0,0,0,0,0,0,0,0,0,0,0,0,8.57143,0,0,0,0,0,0,0,0,0,0,0,0,0,0,0,0,8.57143,0,0,0,0,0,0,0,0,0,0,0,0,0,0,0,0,8.57143,0,0,0,0,0,0,0,0,0,0,0,0,0,0,0,0,8.57143,0,0,0,0,0,0,0,0,0,0,0,0,0,0,0
256,0,8.57143,0,0,0,0,0,0,0,0,0,0,0,0,0,0,0,0,8.57143,0,0,0,0,0,0,0,0,0,0,0,0,0,0,0,0,8.57143,0,0,0,0,0,0,0,0,0,0,0,0,0,0,0,0,8.57143,0,0,0,0,0,0,0,0,0,0,0,0,0,0,0,0,8.57143,0,0,0,0,0,0,0,0,0,0,0,0,0,0,0
257,0,10,0,0,0,0,0,0,0,0,0,0,0,0,0,0,0,0,10,0,0,0,0,0,0,0,0,0,0,0,0,0,0,0,0,10,0,0,0,0,0,0,0,0,0,0,0,0,0,0,0,0,10,0,0,0,0,0,0,0,0,0,0,0,0,0,0,0,0,10,0,0,0,0,0,0,0,0,0,0,0,0,0,0,0
258,0,10,0,0,0,0,0,0,0,0,0,0,0,0,0,0,0,0,10,0,0,0,0,0,0,0,0,0,0,0,0,0,0,0,0,10,0,0,0,0,0,0,0,0,0,0,0,0,0,0,0,0,10,0,0,0,0,0,0,0,0,0,0,0,0,0,0,0,0,10,0,0,0,0,0,0,0,0,0,0,0,0,0,0,0
259,0,10,0,0,0,0,0,0,0,0,0,0,0,0,0,0,0,0,10,0,0,0,0,0,0,0,0,0,0,0,0,0,0,0,0,10,0,0,0,0,0,0,0,0,0,0,0,0,0,0,0,0,10,0,0,0,0,0,0,0,0,0,0,0,0,0,0,0,0,10,0,0,0,0,0,0,0,0,0,0,0,0,0,0,0
260,0,11.4286,0,0,0,0,0,0,0,0,0,0,0,0,0,0,0,0,11.4286,0,0,0,0,0,0,0,0,0,0,0,0,0,0,0,0,11.4286,0,0,0,0,0,0,0,0,0,0,0,0,0,0,0,0,11.4286,0,0,0,0,0,0,0,0,0,0,0,0,0,0,0,0,11.4286,0,0,0,0,0,0,0,0,0,0,0,0,0,0,0
261,0,11.4286,0,0,0,0,0,0,0,0,0,0,0,0,0,0,0,0,11.4286,0,0,0,0,0,0,0,0,0,0,0,0,0,0,0,0,11.4286,0,0,0,0,0,0,0,0,0,0,0,0,0,0,0,0,11.4286,0,0,0,0,0,0,0,0,0,0,0,0,0,0,0,0,11.4286,0,0,0,0,0,0,0,0,0,0,0,0,0,0,0
262,0,11.4286,0,0,0,0,0,0,0,0,0,0,0,0,0,0,0,0,11.4286,0,0,0,0,0,0,0,0,0,0,0,0,0,0,0,0,11.4286,0,0,0,0,0,0,0,0,0,0,0,0,0,0,0,0,11.4286,0,0,0,0,0,0,0,0,0,0,0,0,0,0,0,0,11.4286,0,0,0,0,0,0,0,0,0,0,0,0,0,0,0
263,0,12.8571,0,0,0,0,0,0,0,0,0,0,0,0,0,0,0,0,12.8571,0,0,0,0,0,0,0,0,0,0,0,0,0,0,0,0,12.8571,0,0,0,0,0,0,0,0,0,0,0,0,0,0,0,0,12.8571,0,0,0,0,0,0,0,0,0,0,0,0,0,0,0,0,12.8571,0,0,0,0,0,0,0,0,0,0,0,0,0,0,0
264,0,12.8571,0,0,0,0,0,0,0,0,0,0,0,0,0,0,0,0,12.8571,0,0,0,0,0,0,0,0,0,0,0,0,0,0,0,0,12.8571,0,0,0,0,0,0,0,0,0,0,0,0,0,0,0,0,12.8571,0,0,0,0,0,0,0,0,0,0,0,0,0,0,0,0,12.8571,0,0,0,0,0,0,0,0,0,0,0,0,0,0,0
265,0,14.2857,0,0,0,0,0,0,0,0,0,0,0,0,0,0,0,0,14.2857,0,0,0,0,0,0,0,0,0,0,0,0,0,0,0,0,14.2857,0,0,0,0,0,0,0,0,0,0,0,0,0,0,0,0,14.2857,0,0,0,0,0,0,0,0,0,0,0,0,0,0,0,0,14.2857,0,0,0,0,0,0,0,0,0,0,0,0,0,0,0
266,0,14.2857,0,0,0,0,0,0,0,0,0,0,0,0,0,0,0,0,14.2857,0,0,0,0,0,0,0,0,0,0,0,0,0,0,0,0,14.2857,0,0,0,0,0,0,0,0,0,0,0,0,0,0,0,0,14.2857,0,0,0,0,0,0,0,0,0,0,0,0,0,0,0,0,14.2857,0,0,0,0,0,0,0,0,0,0,0,0,0,0,0
267,0,14.2857,0,0,0,0,0,0,0,0,0,0,0,0,0,0,0,0,14.2857,0,0,0,0,0,0,0,0,0,0,0,0,0,0,0,0,14.2857,0,0,0,0,0,0,0,0,0,0,0,0,0,0,0,0,14.2857,0,0,0,0,0,0,0,0,0,0,0,0,0,0,0,0,14.2857,0,0,0,0,0,0,0,0,0,0,0,0,0,0,0
268,0,15.7143,0,0,0,0,0,0,0,0,0,0,0,0,0,0,0,0,15.7143,0,0,0,0,0,0,0,0,0,0,0,0,0,0,0,0,15.7143,0,0,0,0,0,0,0,0,0,0,0,0,0,0,0,0,15.7143,0,0,0,0,0,0,0,0,0,0,0,0,0,0,0,0,15.7143,0,0,0,0,0,0,0,0,0,0,0,0,0,0,0
269,0,15.7143,0,0,0,0,0,0,0,0,0,0,0,0,0,0,0,0,15.7143,0,0,0,0,0,0,0,0,0,0,0,0,0,0,0,0,15.7143,0,0,0,0,0,0,0,0,0,0,0,0,0,0,0,0,15.7143,0,0,0,0,0,0,0,0,0,0,0,0,0,0,0,0,15.7143,0,0,0,0,0,0,0,0,0,0,0,0,0,0,0
270,0,17.1429,0,0,0,0,0,0,0,0,0,0,0,0,0,0,0,0,17.1429,0,0,0,0,0,0,0,0,0,0,0,0,0,0,0,0,17.1429,0,0,0,0,0,0,0,0,0,0,0,0,0,0,0,0,17.1429,0,0,0,0,0,0,0,0,0,0,0,0,0,0,0,0,17.1429,0,0,0,0,0,0,0,0,0,0,0,0,0,0,0
271,0,17.1429,0,0,0,0,0,0,0,0,0,0,0,0,0,0,0,0,17.1429,0,0,0,0,0,0,0,0,0,0,0,0,0,0,0,0,17.1429,0,0,0,0,0,0,0,0,0,0,0,0,0,0,0,0,17.1429,0,0,0,0,0,0,0,0,0,0,0,0,0,0,0,0,17.1429,0,0,0,0,0,0,0,0,0,0,0,0,0,0,0
272,0,17.1429,0,0,0,0,0,0,0,0,0,0,0,0,0,0,0,0,17.1429,0,0,0,0,0,0,0,0,0,0,0,0,0,0,0,0,17.1429,0,0,0,0,0,0,0,0,0,0,0,0,0,0,0,0,17.1429,0,0,0,0,0,0,0,0,0,0,0,0,0,0,0,0,17.1429,0,0,0,0,0,0,0,0,0,0,0,0,0,0,0
273,0,18.5714,0,0,0,0,0,0,0,0,0,0,0,0,0,0,0,0,18.5714,0,0,0,0,0,0,0,0,0,0,0,0,0,0,0,0,18.5714,0,0,0,0,0,0,0,0,0,0,0,0,0,0,0,0,18.5714,0,0,0,0,0,0,0,0,0,0,0,0,0,0,0,0,18.5714,0,0,0,0,0,0,0,0,0,0,0,0,0,0,0
274,0,18.5714,0,0,0,0,0,0,0,0,0,0,0,0,0,0,0,0,18.5714,0,0,0,0,0,0,0,0,0,0,0,0,0,0,0,0,18.5714,0,0,0,0,0,0,0,0,0,0,0,0,0,0,0,0,18.5714,0,0,0,0,0,0,0,0,0,0,0,0,0,0,0,0,18.5714,0,0,0,0,0,0,0,0,0,0,0,0,0,0,0
275,0,18.5714,0,0,0,0,0,0,0,0,0,0,0,0,0,0,0,0,18.5714,0,0,0,0,0,0,0,0,0,0,0,0,0,0,0,0,18.5714,0,0,0,0,0,0,0,0,0,0,0,0,0,0,0,0,18.5714,0,0,0,0,0,0,0,0,0,0,0,0,0,0,0,0,18.5714,0,0,0,0,0,0,0,0,0,0,0,0,0,0,0
276,0,18.5714,0,0,0,0,0,0,0,0,0,0,0,0,0,0,0,0,18.5714,0,0,0,0,0,0,0,0,0,0,0,0,0,0,0,0,18.5714,0,0,0,0,0,0,0,0,0,0,0,0,0,0,0,0,18.5714,0,0,0,0,0,0,0,0,0,0,0,0,0,0,0,0,18.5714,0,0,0,0,0,0,0,0,0,0,0,0,0,0,0
277,0,18.5714,0,0,0,0,0,0,0,0,0,0,0,0,0,0,0,0,18.5714,0,0,0,0,0,0,0,0,0,0,0,0,0,0,0,0,18.5714,0,0,0,0,0,0,0,0,0,0,0,0,0,0,0,0,18.5714,0,0,0,0,0,0,0,0,0,0,0,0,0,0,0,0,18.5714,0,0,0,0,0,0,0,0,0,0,0,0,0,0,0
278,0,20,0,0,0,0,0,0,0,0,0,0,0,0,0,0,0,0,20,0,0,0,0,0,0,0,0,0,0,0,0,0,0,0,0,20,0,0,0,0,0,0,0,0,0,0,0,0,0,0,0,0,20,0,0,0,0,0,0,0,0,0,0,0,0,0,0,0,0,20,0,0,0,0,0,0,0,0,0,0,0,0,0,0,0
279,0,20,0,0,0,0,0,0,0,0,0,0,0,0,0,0,0,0,20,0,0,0,0,0,0,0,0,0,0,0,0,0,0,0,0,20,0,0,0,0,0,0,0,0,0,0,0,0,0,0,0,0,20,0,0,0,0,0,0,0,0,0,0,0,0,0,0,0,0,20,0,0,0,0,0,0,0,0,0,0,0,0,0,0,0
280,0,20,0,0,0,0,0,0,0,0,0,0,0,0,0,0,0,0,20,0,0,0,0,0,0,0,0,0,0,0,0,0,0,0,0,20,0,0,0,0,0,0,0,0,0,0,0,0,0,0,0,0,20,0,0,0,0,0,0,0,0,0,0,0,0,0,0,0,0,20,0,0,0,0,0,0,0,0,0,0,0,0,0,0,0
281,0,20,0,0,0,0,0,0,0,0,0,0,0,0,0,0,0,0,20,0,0,0,0,0,0,0,0,0,0,0,0,0,0,0,0,20,0,0,0,0,0,0,0,0,0,0,0,0,0,0,0,0,20,0,0,0,0,0,0,0,0,0,0,0,0,0,0,0,0,20,0,0,0,0,0,0,0,0,0,0,0,0,0,0,0
282,0,20,0,0,0,0,0,0,0,0,0,0,0,0,0,0,0,0,20,0,0,0,0,0,0,0,0,0,0,0,0,0,0,0,0,20,0,0,0,0,0,0,0,0,0,0,0,0,0,0,0,0,20,0,0,0,0,0,0,0,0,0,0,0,0,0,0,0,0,20,0,0,0,0,0,0,0,0,0,0,0,0,0,0,0
283,0,20,0,0,0,0,0,0,0,0,0,0,0,0,0,0,0,0,20,0,0,0,0,0,0,0,0,0,0,0,0,0,0,0,0,20,0,0,0,0,0,0,0,0,0,0,0,0,0,0,0,0,20,0,0,0,0,0,0,0,0,0,0,0,0,0,0,0,0,20,0,0,0,0,0,0,0,0,0,0,0,0,0,0,0
284,0,0,0,0,0,0,0,0,0,0,0,0,0,0,0,0,0,0,0,0,0,0,0,0,0,0,0,0,0,0,0,0,0,0,0,0,0,0,0,0,0,0,0,0,0,0,0,0,0,0,0,0,0,0,0,0,0,0,0,0,0,0,0,0,0,0,0,0,0,0,0,0,0,0,0,0,0,0,0,0,0,0,0,0,0
285,0,7.14286,0,0,0,0,0,0,0,0,0,0,0,0,0,0,0,0,7.14286,0,0,0,0,0,0,0,0,0,0,0,0,0,0,0,0,7.14286,0,0,0,0,0,0,0,0,0,0,0,0,0,0,0,0,7.14286,0,0,0,0,0,0,0,0,0,0,0,0,0,0,0,0,7.14286,0,0,0,0,0,0,0,0,0,0,0,0,0,0,0
286,0,7.14286,0,0,0,0,0,0,0,0,0,0,0,0,0,0,0,0,7.14286,0,0,0,0,0,0,0,0,0,0,0,0,0,0,0,0,7.14286,0,0,0,0,0,0,0,0,0,0,0,0,0,0,0,0,7.14286,0,0,0,0,0,0,0,0,0,0,0,0,0,0,0,0,7.14286,0,0,0,0,0,0,0,0,0,0,0,0,0,0,0
287,0,7.14286,0,0,0,0,0,0,0,0,0,0,0,0,0,0,0,0,7.14286,0,0,0,0,0,0,0,0,0,0,0,0,0,0,0,0,7.14286,0,0,0,0,0,0,0,0,0,0,0,0,0,0,0,0,7.14286,0,0,0,0,0,0,0,0,0,0,0,0,0,0,0,0,7.14286,0,0,0,0,0,0,0,0,0,0,0,0,0,0,0
288,0,7.14286,0,0,0,0,0,0,0,0,0,0,0,0,0,0,0,0,7.14286,0,0,0,0,0,0,0,0,0,0,0,0,0,0,0,0,7.14286,0,0,0,0,0,0,0,0,0,0,0,0,0,0,0,0,7.14286,0,0,0,0,0,0,0,0,0,0,0,0,0,0,0,0,7.14286,0,0,0,0,0,0,0,0,0,0,0,0,0,0,0
289,0,7.14286,0,0,0,0,0,0,0,0,0,0,0,0,0,0,0,0,7.14286,0,0,0,0,0,0,0,0,0,0,0,0,0,0,0,0,7.14286,0,0,0,0,0,0,0,0,0,0,0,0,0,0,0,0,7.14286,0,0,0,0,0,0,0,0,0,0,0,0,0,0,0,0,7.14286,0,0,0,0,0,0,0,0,0,0,0,0,0,0,0
290,0,8.57143,0,0,0,0,0,0,0,0,0,0,0,0,0,0,0,0,8.57143,0,0,0,0,0,0,0,0,0,0,0,0,0,0,0,0,8.57143,0,0,0,0,0,0,0,0,0,0,0,0,0,0,0,0,8.57143,0,0,0,0,0,0,0,0,0,0,0,0,0,0,0,0,8.57143,0,0,0,0,0,0,0,0,0,0,0,0,0,0,0
291,0,8.57143,0,0,0,0,0,0,0,0,0,0,0,0,0,0,0,0,8.57143,0,0,0,0,0,0,0,0,0,0,0,0,0,0,0,0,8.57143,0,0,0,0,0,0,0,0,0,0,0,0,0,0,0,0,8.57143,0,0,0,0,0,0,0,0,0,0,0,0,0,0,0,0,8.57143,0,0,0,0,0,0,0,0,0,0,0,0,0,0,0
292,0,8.57143,0,0,0,0,0,0,0,0,0,0,0,0,0,0,0,0,8.57143,0,0,0,0,0,0,0,0,0,0,0,0,0,0,0,0,8.57143,0,0,0,0,0,0,0,0,0,0,0,0,0,0,0,0,8.57143,0,0,0,0,0,0,0,0,0,0,0,0,0,0,0,0,8.57143,0,0,0,0,0,0,0,0,0,0,0,0,0,0,0
293,0,8.57143,0,0,0,0,0,0,0,0,0,0,0,0,0,0,0,0,8.57143,0,0,0,0,0,0,0,0,0,0,0,0,0,0,0,0,8.57143,0,0,0,0,0,0,0,0,0,0,0,0,0,0,0,0,8.57143,0,0,0,0,0,0,0,0,0,0,0,0,0,0,0,0,8.57143,0,0,0,0,0,0,0,0,0,0,0,0,0,0,0
294,0,10,0,0,0,0,0,0,0,0,0,0,0,0,0,0,0,0,10,0,0,0,0,0,0,0,0,0,0,0,0,0,0,0,0,10,0,0,0,0,0,0,0,0,0,0,0,0,0,0,0,0,10,0,0,0,0,0,0,0,0,0,0,0,0,0,0,0,0,10,0,0,0,0,0,0,0,0,0,0,0,0,0,0,0
295,0,10,0,0,0,0,0,0,0,0,0,0,0,0,0,0,0,0,10,0,0,0,0,0,0,0,0,0,0,0,0,0,0,0,0,10,0,0,0,0,0,0,0,0,0,0,0,0,0,0,0,0,10,0,0,0,0,0,0,0,0,0,0,0,0,0,0,0,0,10,0,0,0,0,0,0,0,0,0,0,0,0,0,0,0
296,0,10,0,0,0,0,0,0,0,0,0,0,0,0,0,0,0,0,10,0,0,0,0,0,0,0,0,0,0,0,0,0,0,0,0,10,0,0,0,0,0,0,0,0,0,0,0,0,0,0,0,0,10,0,0,0,0,0,0,0,0,0,0,0,0,0,0,0,0,10,0,0,0,0,0,0,0,0,0,0,0,0,0,0,0
297,0,11.4286,0,0,0,0,0,0,0,0,0,0,0,0,0,0,0,0,11.4286,0,0,0,0,0,0,0,0,0,0,0,0,0,0,0,0,11.4286,0,0,0,0,0,0,0,0,0,0,0,0,0,0,0,0,11.4286,0,0,0,0,0,0,0,0,0,0,0,0,0,0,0,0,11.4286,0,0,0,0,0,0,0,0,0,0,0,0,0,0,0
298,0,11.4286,0,0,0,0,0,0,0,0,0,0,0,0,0,0,0,0,11.4286,0,0,0,0,0,0,0,0,0,0,0,0,0,0,0,0,11.4286,0,0,0,0,0,0,0,0,0,0,0,0,0,0,0,0,11.4286,0,0,0,0,0,0,0,0,0,0,0,0,0,0,0,0,11.4286,0,0,0,0,0,0,0,0,0,0,0,0,0,0,0
299,0,11.4286,0,0,0,0,0,0,0,0,0,0,0,0,0,0,0,0,11.4286,0,0,0,0,0,0,0,0,0,0,0,0,0,0,0,0,11.4286,0,0,0,0,0,0,0,0,0,0,0,0,0,0,0,0,11.4286,0,0,0,0,0,0,0,0,0,0,0,0,0,0,0,0,11.4286,0,0,0,0,0,0,0,0,0,0,0,0,0,0,0
300,0,12.8571,0,0,0,0,0,0,0,0,0,0,0,0,0,0,0,0,12.8571,0,0,0,0,0,0,0,0,0,0,0,0,0,0,0,0,12.8571,0,0,0,0,0,0,0,0,0,0,0,0,0,0,0,0,12.8571,0,0,0,0,0,0,0,0,0,0,0,0,0,0,0,0,12.8571,0,0,0,0,0,0,0,0,0,0,0,0,0,0,0
301,0,12.8571,0,0,0,0,0,0,0,0,0,0,0,0,0,0,0,0,12.8571,0,0,0,0,0,0,0,0,0,0,0,0,0,0,0,0,12.8571,0,0,0,0,0,0,0,0,0,0,0,0,0,0,0,0,12.8571,0,0,0,0,0,0,0,0,0,0,0,0,0,0,0,0,12.8571,0,0,0,0,0,0,0,0,0,0,0,0,0,0,0
302,0,14.2857,0,0,0,0,0,0,0,0,0,0,0,0,0,0,0,0,14.2857,0,0,0,0,0,0,0,0,0,0,0,0,0,0,0,0,14.2857,0,0,0,0,0,0,0,0,0,0,0,0,0,0,0,0,14.2857,0,0,0,0,0,0,0,0,0,0,0,0,0,0,0,0,14.2857,0,0,0,0,0,0,0,0,0,0,0,0,0,0,0
303,0,14.2857,0,0,0,0,0,0,0,0,0,0,0,0,0,0,0,0,14.2857,0,0,0,0,0,0,0,0,0,0,0,0,0,0,0,0,14.2857,0,0,0,0,0,0,0,0,0,0,0,0,0,0,0,0,14.2857,0,0,0,0,0,0,0,0,0,0,0,0,0,0,0,0,14.2857,0,0,0,0,0,0,0,0,0,0,0,0,0,0,0
304,0,14.2857,0,0,0,0,0,0,0,0,0,0,0,0,0,0,0,0,14.2857,0,0,0,0,0,0,0,0,0,0,0,0,0,0,0,0,14.2857,0,0,0,0,0,0,0,0,0,0,0,0,0,0,0,0,14.2857,0,0,0,0,0,0,0,0,0,0,0,0,0,0,0,0,14.2857,0,0,0,0,0,0,0,0,0,0,0,0,0,0,0
305,0,15.7143,0,0,0,0,0,0,0,0,0,0,0,0,0,0,0,0,15.7143,0,0,0,0,0,0,0,0,0,0,0,0,0,0,0,0,15.7143,0,0,0,0,0,0,0,0,0,0,0,0,0,0,0,0,15.7143,0,0,0,0,0,0,0,0,0,0,0,0,0,0,0,0,15.7143,0,0,0,0,0,0,0,0,0,0,0,0,0,0,0
306,0,15.7143,0,0,0,0,0,0,0,0,0,0,0,0,0,0,0,0,15.7143,0,0,0,0,0,0,0,0,0,0,0,0,0,0,0,0,15.7143,0,0,0,0,0,0,0,0,0,0,0,0,0,0,0,0,15.7143,0,0,0,0,0,0,0,0,0,0,0,0,0,0,0,0,15.7143,0,0,0,0,0,0,0,0,0,0,0,0,0,0,0
307,0,17.1429,0,0,0,0,0,0,0,0,0,0,0,0,0,0,0,0,17.1429,0,0,0,0,0,0,0,0,0,0,0,0,0,0,0,0,17.1429,0,0,0,0,0,0,0,0,0,0,0,0,0,0,0,0,17.1429,0,0,0,0,0,0,0,0,0,0,0,0,0,0,0,0,17.1429,0,0,0,0,0,0,0,0,0,0,0,0,0,0,0
308,0,17.1429,0,0,0,0,0,0,0,0,0,0,0,0,0,0,0,0,17.1429,0,0,0,0,0,0,0,0,0,0,0,0,0,0,0,0,17.1429,0,0,0,0,0,0,0,0,0,0,0,0,0,0,0,0,17.1429,0,0,0,0,0,0,0,0,0,0,0,0,0,0,0,0,17.1429,0,0,0,0,0,0,0,0,0,0,0,0,0,0,0
309,0,17.1429,0,0,0,0,0,0,0,0,0,0,0,0,0,0,0,0,17.1429,0,0,0,0,0,0,0,0,0,0,0,0,0,0,0,0,17.1429,0,0,0,0,0,0,0,0,0,0,0,0,0,0,0,0,17.1429,0,0,0,0,0,0,0,0,0,0,0,0,0,0,0,0,17.1429,0,0,0,0,0,0,0,0,0,0,0,0,0,0,0
310,0,18.5714,0,0,0,0,0,0,0,0,0,0,0,0,0,0,0,0,18.5714,0,0,0,0,0,0,0,0,0,0,0,0,0,0,0,0,18.5714,0,0,0,0,0,0,0,0,0,0,0,0,0,0,0,0,18.5714,0,0,0,0,0,0,0,0,0,0,0,0,0,0,0,0,18.5714,0,0,0,0,0,0,0,0,0,0,0,0,0,0,0
311,0,18.5714,0,0,0,0,0,0,0,0,0,0,0,0,0,0,0,0,18.5714,0,0,0,0,0,0,0,0,0,0,0,0,0,0,0,0,18.5714,0,0,0,0,0,0,0,0,0,0,0,0,0,0,0,0,18.5714,0,0,0,0,0,0,0,0,0,0,0,0,0,0,0,0,18.5714,0,0,0,0,0,0,0,0,0,0,0,0,0,0,0
312,0,18.5714,0,0,0,0,0,0,0,0,0,0,0,0,0,0,0,0,18.5714,0,0,0,0,0,0,0,0,0,0,0,0,0,0,0,0,18.5714,0,0,0,0,0,0,0,0,0,0,0,0,0,0,0,0,18.5714,0,0,0,0,0,0,0,0,0,0,0,0,0,0,0,0,18.5714,0,0,0,0,0,0,0,0,0,0,0,0,0,0,0
313,0,18.5714,0,0,0,0,0,0,0,0,0,0,0,0,0,0,0,0,18.5714,0,0,0,0,0,0,0,0,0,0,0,0,0,0,0,0,18.5714,0,0,0,0,0,0,0,0,0,0,0,0,0,0,0,0,18.5714,0,0,0,0,0,0,0,0,0,0,0,0,0,0,0,0,18.5714,0,0,0,0,0,0,0,0,0,0,0,0,0,0,0
314,0,18.5714,0,0,0,0,0,0,0,0,0,0,0,0,0,0,0,0,18.5714,0,0,0,0,0,0,0,0,0,0,0,0,0,0,0,0,18.5714,0,0,0,0,0,0,0,0,0,0,0,0,0,0,0,0,18.5714,0,0,0,0,0,0,0,0,0,0,0,0,0,0,0,0,18.5714,0,0,0,0,0,0,0,0,0,0,0,0,0,0,0
315,0,20,0,0,0,0,0,0,0,0,0,0,0,0,0,0,0,0,20,0,0,0,0,0,0,0,0,0,0,0,0,0,0,0,0,20,0,0,0,0,0,0,0,0,0,0,0,0,0,0,0,0,20,0,0,0,0,0,0,0,0,0,0,0,0,0,0,0,0,20,0,0,0,0,0,0,0,0,0,0,0,0,0,0,0
316,0,20,0,0,0,0,0,0,0,0,0,0,0,0,0,0,0,0,20,0,0,0,0,0,0,0,0,0,0,0,0,0,0,0,0,20,0,0,0,0,0,0,0,0,0,0,0,0,0,0,0,0,20,0,0,0,0,0,0,0,0,0,0,0,0,0,0,0,0,20,0,0,0,0,0,0,0,0,0,0,0,0,0,0,0
317,0,20,0,0,0,0,0,0,0,0,0,0,0,0,0,0,0,0,20,0,0,0,0,0,0,0,0,0,0,0,0,0,0,0,0,20,0,0,0,0,0,0,0,0,0,0,0,0,0,0,0,0,20,0,0,0,0,0,0,0,0,0,0,0,0,0,0,0,0,20,0,0,0,0,0,0,0,0,0,0,0,0,0,0,0
318,0,20,0,0,0,0,0,0,0,0,0,0,0,0,0,0,0,0,20,0,0,0,0,0,0,0,0,0,0,0,0,0,0,0,0,20,0,0,0,0,0,0,0,0,0,0,0,0,0,0,0,0,20,0,0,0,0,0,0,0,0,0,0,0,0,0,0,0,0,20,0,0,0,0,0,0,0,0,0,0,0,0,0,0,0
319,0,20,0,0,0,0,0,0,0,0,0,0,0,0,0,0,0,0,20,0,0,0,0,0,0,0,0,0,0,0,0,0,0,0,0,20,0,0,0,0,0,0,0,0,0,0,0,0,0,0,0,0,20,0,0,0,0,0,0,0,0,0,0,0,0,0,0,0,0,20,0,0,0,0,0,0,0,0,0,0,0,0,0,0,0
320,0,20,0,0,0,0,0,0,0,0,0,0,0,0,0,0,0,0,20,0,0,0,0,0,0,0,0,0,0,0,0,0,0,0,0,20,0,0,0,0,0,0,0,0,0,0,0,0,0,0,0,0,20,0,0,0,0,0,0,0,0,0,0,0,0,0,0,0,0,20,0,0,0,0,0,0,0,0,0,0,0,0,0,0,0
321,0,0,0,0,0,0,0,0,0,0,0,0,0,0,0,0,0,0,0,0,0,0,0,0,0,0,0,0,0,0,0,0,0,0,0,0,0,0,0,0,0,0,0,0,0,0,0,0,0,0,0,0,0,0,0,0,0,0,0,0,0,0,0,0,0,0,0,0,0,0,0,0,0,0,0,0,0,0,0,0,0,0,0,0,0
322,0,7.14286,0,0,0,0,0,0,0,0,0,0,0,0,0,0,0,0,7.14286,0,0,0,0,0,0,0,0,0,0,0,0,0,0,0,0,7.14286,0,0,0,0,0,0,0,0,0,0,0,0,0,0,0,0,7.14286,0,0,0,0,0,0,0,0,0,0,0,0,0,0,0,0,7.14286,0,0,0,0,0,0,0,0,0,0,0,0,0,0,0
323,0,7.14286,0,0,0,0,0,0,0,0,0,0,0,0,0,0,0,0,7.14286,0,0,0,0,0,0,0,0,0,0,0,0,0,0,0,0,7.14286,0,0,0,0,0,0,0,0,0,0,0,0,0,0,0,0,7.14286,0,0,0,0,0,0,0,0,0,0,0,0,0,0,0,0,7.14286,0,0,0,0,0,0,0,0,0,0,0,0,0,0,0
324,0,7.14286,0,0,0,0,0,0,0,0,0,0,0,0,0,0,0,0,7.14286,0,0,0,0,0,0,0,0,0,0,0,0,0,0,0,0,7.14286,0,0,0,0,0,0,0,0,0,0,0,0,0,0,0,0,7.14286,0,0,0,0,0,0,0,0,0,0,0,0,0,0,0,0,7.14286,0,0,0,0,0,0,0,0,0,0,0,0,0,0,0
325,0,7.14286,0,0,0,0,0,0,0,0,0,0,0,0,0,0,0,0,7.14286,0,0,0,0,0,0,0,0,0,0,0,0,0,0,0,0,7.14286,0,0,0,0,0,0,0,0,0,0,0,0,0,0,0,0,7.14286,0,0,0,0,0,0,0,0,0,0,0,0,0,0,0,0,7.14286,0,0,0,0,0,0,0,0,0,0,0,0,0,0,0
326,0,7.14286,0,0,0,0,0,0,0,0,0,0,0,0,0,0,0,0,7.14286,0,0,0,0,0,0,0,0,0,0,0,0,0,0,0,0,7.14286,0,0,0,0,0,0,0,0,0,0,0,0,0,0,0,0,7.14286,0,0,0,0,0,0,0,0,0,0,0,0,0,0,0,0,7.14286,0,0,0,0,0,0,0,0,0,0,0,0,0,0,0
327,0,8.57143,0,0,0,0,0,0,0,0,0,0,0,0,0,0,0,0,8.57143,0,0,0,0,0,0,0,0,0,0,0,0,0,0,0,0,8.57143,0,0,0,0,0,0,0,0,0,0,0,0,0,0,0,0,8.57143,0,0,0,0,0,0,0,0,0,0,0,0,0,0,0,0,8.57143,0,0,0,0,0,0,0,0,0,0,0,0,0,0,0
328,0,8.57143,0,0,0,0,0,0,0,0,0,0,0,0,0,0,0,0,8.57143,0,0,0,0,0,0,0,0,0,0,0,0,0,0,0,0,8.57143,0,0,0,0,0,0,0,0,0,0,0,0,0,0,0,0,8.57143,0,0,0,0,0,0,0,0,0,0,0,0,0,0,0,0,8.57143,0,0,0,0,0,0,0,0,0,0,0,0,0,0,0
329,0,8.57143,0,0,0,0,0,0,0,0,0,0,0,0,0,0,0,0,8.57143,0,0,0,0,0,0,0,0,0,0,0,0,0,0,0,0,8.57143,0,0,0,0,0,0,0,0,0,0,0,0,0,0,0,0,8.57143,0,0,0,0,0,0,0,0,0,0,0,0,0,0,0,0,8.57143,0,0,0,0,0,0,0,0,0,0,0,0,0,0,0
330,0,8.57143,0,0,0,0,0,0,0,0,0,0,0,0,0,0,0,0,8.57143,0,0,0,0,0,0,0,0,0,0,0,0,0,0,0,0,8.57143,0,0,0,0,0,0,0,0,0,0,0,0,0,0,0,0,8.57143,0,0,0,0,0,0,0,0,0,0,0,0,0,0,0,0,8.57143,0,0,0,0,0,0,0,0,0,0,0,0,0,0,0
331,0,10,0,0,0,0,0,0,0,0,0,0,0,0,0,0,0,0,10,0,0,0,0,0,0,0,0,0,0,0,0,0,0,0,0,10,0,0,0,0,0,0,0,0,0,0,0,0,0,0,0,0,10,0,0,0,0,0,0,0,0,0,0,0,0,0,0,0,0,10,0,0,0,0,0,0,0,0,0,0,0,0,0,0,0
332,0,10,0,0,0,0,0,0,0,0,0,0,0,0,0,0,0,0,10,0,0,0,0,0,0,0,0,0,0,0,0,0,0,0,0,10,0,0,0,0,0,0,0,0,0,0,0,0,0,0,0,0,10,0,0,0,0,0,0,0,0,0,0,0,0,0,0,0,0,10,0,0,0,0,0,0,0,0,0,0,0,0,0,0,0
333,0,10,0,0,0,0,0,0,0,0,0,0,0,0,0,0,0,0,10,0,0,0,0,0,0,0,0,0,0,0,0,0,0,0,0,10,0,0,0,0,0,0,0,0,0,0,0,0,0,0,0,0,10,0,0,0,0,0,0,0,0,0,0,0,0,0,0,0,0,10,0,0,0,0,0,0,0,0,0,0,0,0,0,0,0
334,0,11.4286,0,0,0,0,0,0,0,0,0,0,0,0,0,0,0,0,11.4286,0,0,0,0,0,0,0,0,0,0,0,0,0,0,0,0,11.4286,0,0,0,0,0,0,0,0,0,0,0,0,0,0,0,0,11.4286,0,0,0,0,0,0,0,0,0,0,0,0,0,0,0,0,11.4286,0,0,0,0,0,0,0,0,0,0,0,0,0,0,0
335,0,11.4286,0,0,0,0,0,0,0,0,0,0,0,0,0,0,0,0,11.4286,0,0,0,0,0,0,0,0,0,0,0,0,0,0,0,0,11.4286,0,0,0,0,0,0,0,0,0,0,0,0,0,0,0,0,11.4286,0,0,0,0,0,0,0,0,0,0,0,0,0,0,0,0,11.4286,0,0,0,0,0,0,0,0,0,0,0,0,0,0,0
336,0,11.4286,0,0,0,0,0,0,0,0,0,0,0,0,0,0,0,0,11.4286,0,0,0,0,0,0,0,0,0,0,0,0,0,0,0,0,11.4286,0,0,0,0,0,0,0,0,0,0,0,0,0,0,0,0,11.4286,0,0,0,0,0,0,0,0,0,0,0,0,0,0,0,0,11.4286,0,0,0,0,0,0,0,0,0,0,0,0,0,0,0
337,0,12.8571,0,0,0,0,0,0,0,0,0,0,0,0,0,0,0,0,12.8571,0,0,0,0,0,0,0,0,0,0,0,0,0,0,0,0,12.8571,0,0,0,0,0,0,0,0,0,0,0,0,0,0,0,0,12.8571,0,0,0,0,0,0,0,0,0,0,0,0,0,0,0,0,12.8571,0,0,0,0,0,0,0,0,0,0,0,0,0,0,0
338,0,12.8571,0,0,0,0,0,0,0,0,0,0,0,0,0,0,0,0,12.8571,0,0,0,0,0,0,0,0,0,0,0,0,0,0,0,0,12.8571,0,0,0,0,0,0,0,0,0,0,0,0,0,0,0,0,12.8571,0,0,0,0,0,0,0,0,0,0,0,0,0,0,0,0,12.8571,0,0,0,0,0,0,0,0,0,0,0,0,0,0,0
339,0,14.2857,0,0,0,0,0,0,0,0,0,0,0,0,0,0,0,0,14.2857,0,0,0,0,0,0,0,0,0,0,0,0,0,0,0,0,14.2857,0,0,0,0,0,0,0,0,0,0,0,0,0,0,0,0,14.2857,0,0,0,0,0,0,0,0,0,0,0,0,0,0,0,0,14.2857,0,0,0,0,0,0,0,0,0,0,0,0,0,0,0
340,0,14.2857,0,0,0,0,0,0,0,0,0,0,0,0,0,0,0,0,14.2857,0,0,0,0,0,0,0,0,0,0,0,0,0,0,0,0,14.2857,0,0,0,0,0,0,0,0,0,0,0,0,0,0,0,0,14.2857,0,0,0,0,0,0,0,0,0,0,0,0,0,0,0,0,14.2857,0,0,0,0,0,0,0,0,0,0,0,0,0,0,0
341,0,14.2857,0,0,0,0,0,0,0,0,0,0,0,0,0,0,0,0,14.2857,0,0,0,0,0,0,0,0,0,0,0,0,0,0,0,0,14.2857,0,0,0,0,0,0,0,0,0,0,0,0,0,0,0,0,14.2857,0,0,0,0,0,0,0,0,0,0,0,0,0,0,0,0,14.2857,0,0,0,0,0,0,0,0,0,0,0,0,0,0,0
342,0,15.7143,0,0,0,0,0,0,0,0,0,0,0,0,0,0,0,0,15.7143,0,0,0,0,0,0,0,0,0,0,0,0,0,0,0,0,15.7143,0,0,0,0,0,0,0,0,0,0,0,0,0,0,0,0,15.7143,0,0,0,0,0,0,0,0,0,0,0,0,0,0,0,0,15.7143,0,0,0,0,0,0,0,0,0,0,0,0,0,0,0
343,0,15.7143,0,0,0,0,0,0,0,0,0,0,0,0,0,0,0,0,15.7143,0,0,0,0,0,0,0,0,0,0,0,0,0,0,0,0,15.7143,0,0,0,0,0,0,0,0,0,0,0,0,0,0,0,0,15.7143,0,0,0,0,0,0,0,0,0,0,0,0,0,0,0,0,15.7143,0,0,0,0,0,0,0,0,0,0,0,0,0,0,0
344,0,17.1429,0,0,0,0,0,0,0,0,0,0,0,0,0,0,0,0,17.1429,0,0,0,0,0,0,0,0,0,0,0,0,0,0,0,0,17.1429,0,0,0,0,0,0,0,0,0,0,0,0,0,0,0,0,17.1429,0,0,0,0,0,0,0,0,0,0,0,0,0,0,0,0,17.1429,0,0,0,0,0,0,0,0,0,0,0,0,0,0,0
345,0,17.1429,0,0,0,0,0,0,0,0,0,0,0,0,0,0,0,0,17.1429,0,0,0,0,0,0,0,0,0,0,0,0,0,0,0,0,17.1429,0,0,0,0,0,0,0,0,0,0,0,0,0,0,0,0,17.1429,0,0,0,0,0,0,0,0,0,0,0,0,0,0,0,0,17.1429,0,0,0,0,0,0,0,0,0,0,0,0,0,0,0
346,0,17.1429,0,0,0,0,0,0,0,0,0,0,0,0,0,0,0,0,17.1429,0,0,0,0,0,0,0,0,0,0,0,0,0,0,0,0,17.1429,0,0,0,0,0,0,0,0,0,0,0,0,0,0,0,0,17.1429,0,0,0,0,0,0,0,0,0,0,0,0,0,0,0,0,17.1429,0,0,0,0,0,0,0,0,0,0,0,0,0,0,0
347,0,18.5714,0,0,0,0,0,0,0,0,0,0,0,0,0,0,0,0,18.5714,0,0,0,0,0,0,0,0,0,0,0,0,0,0,0,0,18.5714,0,0,0,0,0,0,0,0,0,0,0,0,0,0,0,0,18.5714,0,0,0,0,0,0,0,0,0,0,0,0,0,0,0,0,18.5714,0,0,0,0,0,0,0,0,0,0,0,0,0,0,0
348,0,18.5714,0,0,0,0,0,0,0,0,0,0,0,0,0,0,0,0,18.5714,0,0,0,0,0,0,0,0,0,0,0,0,0,0,0,0,18.5714,0,0,0,0,0,0,0,0,0,0,0,0,0,0,0,0,18.5714,0,0,0,0,0,0,0,0,0,0,0,0,0,0,0,0,18.5714,0,0,0,0,0,0,0,0,0,0,0,0,0,0,0
349,0,18.5714,0,0,0,0,0,0,0,0,0,0,0,0,0,0,0,0,18.5714,0,0,0,0,0,0,0,0,0,0,0,0,0,0,0,0,18.5714,0,0,0,0,0,0,0,0,0,0,0,0,0,0,0,0,18.5714,0,0,0,0,0,0,0,0,0,0,0,0,0,0,0,0,18.5714,0,0,0,0,0,0,0,0,0,0,0,0,0,0,0
350,0,18.5714,0,0,0,0,0,0,0,0,0,0,0,0,0,0,0,0,18.5714,0,0,0,0,0,0,0,0,0,0,0,0,0,0,0,0,18.5714,0,0,0,0,0,0,0,0,0,0,0,0,0,0,0,0,18.5714,0,0,0,0,0,0,0,0,0,0,0,0,0,0,0,0,18.5714,0,0,0,0,0,0,0,0,0,0,0,0,0,0,0
351,0,18.5714,0,0,0,0,0,0,0,0,0,0,0,0,0,0,0,0,18.5714,0,0,0,0,0,0,0,0,0,0,0,0,0,0,0,0,18.5714,0,0,0,0,0,0,0,0,0,0,0,0,0,0,0,0,18.5714,0,0,0,0,0,0,0,0,0,0,0,0,0,0,0,0,18.5714,0,0,0,0,0,0,0,0,0,0,0,0,0,0,0
352,0,20,0,0,0,0,0,0,0,0,0,0,0,0,0,0,0,0,20,0,0,0,0,0,0,0,0,0,0,0,0,0,0,0,0,20,0,0,0,0,0,0,0,0,0,0,0,0,0,0,0,0,20,0,0,0,0,0,0,0,0,0,0,0,0,0,0,0,0,20,0,0,0,0,0,0,0,0,0,0,0,0,0,0,0
353,0,20,0,0,0,0,0,0,0,0,0,0,0,0,0,0,0,0,20,0,0,0,0,0,0,0,0,0,0,0,0,0,0,0,0,20,0,0,0,0,0,0,0,0,0,0,0,0,0,0,0,0,20,0,0,0,0,0,0,0,0,0,0,0,0,0,0,0,0,20,0,0,0,0,0,0,0,0,0,0,0,0,0,0,0
354,0,20,0,0,0,0,0,0,0,0,0,0,0,0,0,0,0,0,20,0,0,0,0,0,0,0,0,0,0,0,0,0,0,0,0,20,0,0,0,0,0,0,0,0,0,0,0,0,0,0,0,0,20,0,0,0,0,0,0,0,0,0,0,0,0,0,0,0,0,20,0,0,0,0,0,0,0,0,0,0,0,0,0,0,0
355,0,20,0,0,0,0,0,0,0,0,0,0,0,0,0,0,0,0,20,0,0,0,0,0,0,0,0,0,0,0,0,0,0,0,0,20,0,0,0,0,0,0,0,0,0,0,0,0,0,0,0,0,20,0,0,0,0,0,0,0,0,0,0,0,0,0,0,0,0,20,0,0,0,0,0,0,0,0,0,0,0,0,0,0,0
356,0,20,0,0,0,0,0,0,0,0,0,0,0,0,0,0,0,0,20,0,0,0,0,0,0,0,0,0,0,0,0,0,0,0,0,20,0,0,0,0,0,0,0,0,0,0,0,0,0,0,0,0,20,0,0,0,0,0,0,0,0,0,0,0,0,0,0,0,0,20,0,0,0,0,0,0,0,0,0,0,0,0,0,0,0
357,0,20,0,0,0,0,0,0,0,0,0,0,0,0,0,0,0,0,20,0,0,0,0,0,0,0,0,0,0,0,0,0,0,0,0,20,0,0,0,0,0,0,0,0,0,0,0,0,0,0,0,0,20,0,0,0,0,0,0,0,0,0,0,0,0,0,0,0,0,20,0,0,0,0,0,0,0,0,0,0,0,0,0,0,0
358,0,0,0,0,0,0,0,0,0,0,0,0,0,0,0,0,0,0,0,0,0,0,0,0,0,0,0,0,0,0,0,0,0,0,0,0,0,0,0,0,0,0,0,0,0,0,0,0,0,0,0,0,0,0,0,0,0,0,0,0,0,0,0,0,0,0,0,0,0,0,0,0,0,0,0,0,0,0,0,0,0,0,0,0,0
359,0,7.14286,0,0,0,0,0,0,0,0,0,0,0,0,0,0,0,0,7.14286,0,0,0,0,0,0,0,0,0,0,0,0,0,0,0,0,7.14286,0,0,0,0,0,0,0,0,0,0,0,0,0,0,0,0,7.14286,0,0,0,0,0,0,0,0,0,0,0,0,0,0,0,0,7.14286,0,0,0,0,0,0,0,0,0,0,0,0,0,0,0
360,0,7.14286,0,0,0,0,0,0,0,0,0,0,0,0,0,0,0,0,7.14286,0,0,0,0,0,0,0,0,0,0,0,0,0,0,0,0,7.14286,0,0,0,0,0,0,0,0,0,0,0,0,0,0,0,0,7.14286,0,0,0,0,0,0,0,0,0,0,0,0,0,0,0,0,7.14286,0,0,0,0,0,0,0,0,0,0,0,0,0,0,0
361,0,7.14286,0,0,0,0,0,0,0,0,0,0,0,0,0,0,0,0,7.14286,0,0,0,0,0,0,0,0,0,0,0,0,0,0,0,0,7.14286,0,0,0,0,0,0,0,0,0,0,0,0,0,0,0,0,7.14286,0,0,0,0,0,0,0,0,0,0,0,0,0,0,0,0,7.14286,0,0,0,0,0,0,0,0,0,0,0,0,0,0,0
362,0,7.14286,0,0,0,0,0,0,0,0,0,0,0,0,0,0,0,0,7.14286,0,0,0,0,0,0,0,0,0,0,0,0,0,0,0,0,7.14286,0,0,0,0,0,0,0,0,0,0,0,0,0,0,0,0,7.14286,0,0,0,0,0,0,0,0,0,0,0,0,0,0,0,0,7.14286,0,0,0,0,0,0,0,0,0,0,0,0,0,0,0
363,0,7.14286,0,0,0,0,0,0,0,0,0,0,0,0,0,0,0,0,7.14286,0,0,0,0,0,0,0,0,0,0,0,0,0,0,0,0,7.14286,0,0,0,0,0,0,0,0,0,0,0,0,0,0,0,0,7.14286,0,0,0,0,0,0,0,0,0,0,0,0,0,0,0,0,7.14286,0,0,0,0,0,0,0,0,0,0,0,0,0,0,0
364,0,8.57143,0,0,0,0,0,0,0,0,0,0,0,0,0,0,0,0,8.57143,0,0,0,0,0,0,0,0,0,0,0,0,0,0,0,0,8.57143,0,0,0,0,0,0,0,0,0,0,0,0,0,0,0,0,8.57143,0,0,0,0,0,0,0,0,0,0,0,0,0,0,0,0,8.57143,0,0,0,0,0,0,0,0,0,0,0,0,0,0,0
365,0,8.57143,0,0,0,0,0,0,0,0,0,0,0,0,0,0,0,0,8.57143,0,0,0,0,0,0,0,0,0,0,0,0,0,0,0,0,8.57143,0,0,0,0,0,0,0,0,0,0,0,0,0,0,0,0,8.57143,0,0,0,0,0,0,0,0,0,0,0,0,0,0,0,0,8.57143,0,0,0,0,0,0,0,0,0,0,0,0,0,0,0
366,0,8.57143,0,0,0,0,0,0,0,0,0,0,0,0,0,0,0,0,8.57143,0,0,0,0,0,0,0,0,0,0,0,0,0,0,0,0,8.57143,0,0,0,0,0,0,0,0,0,0,0,0,0,0,0,0,8.57143,0,0,0,0,0,0,0,0,0,0,0,0,0,0,0,0,8.57143,0,0,0,0,0,0,0,0,0,0,0,0,0,0,0
367,0,8.57143,0,0,0,0,0,0,0,0,0,0,0,0,0,0,0,0,8.57143,0,0,0,0,0,0,0,0,0,0,0,0,0,0,0,0,8.57143,0,0,0,0,0,0,0,0,0,0,0,0,0,0,0,0,8.57143,0,0,0,0,0,0,0,0,0,0,0,0,0,0,0,0,8.57143,0,0,0,0,0,0,0,0,0,0,0,0,0,0,0
368,0,10,0,0,0,0,0,0,0,0,0,0,0,0,0,0,0,0,10,0,0,0,0,0,0,0,0,0,0,0,0,0,0,0,0,10,0,0,0,0,0,0,0,0,0,0,0,0,0,0,0,0,10,0,0,0,0,0,0,0,0,0,0,0,0,0,0,0,0,10,0,0,0,0,0,0,0,0,0,0,0,0,0,0,0
369,0,10,0,0,0,0,0,0,0,0,0,0,0,0,0,0,0,0,10,0,0,0,0,0,0,0,0,0,0,0,0,0,0,0,0,10,0,0,0,0,0,0,0,0,0,0,0,0,0,0,0,0,10,0,0,0,0,0,0,0,0,0,0,0,0,0,0,0,0,10,0,0,0,0,0,0,0,0,0,0,0,0,0,0,0
370,0,10,0,0,0,0,0,0,0,0,0,0,0,0,0,0,0,0,10,0,0,0,0,0,0,0,0,0,0,0,0,0,0,0,0,10,0,0,0,0,0,0,0,0,0,0,0,0,0,0,0,0,10,0,0,0,0,0,0,0,0,0,0,0,0,0,0,0,0,10,0,0,0,0,0,0,0,0,0,0,0,0,0,0,0
371,0,11.4286,0,0,0,0,0,0,0,0,0,0,0,0,0,0,0,0,11.4286,0,0,0,0,0,0,0,0,0,0,0,0,0,0,0,0,11.4286,0,0,0,0,0,0,0,0,0,0,0,0,0,0,0,0,11.4286,0,0,0,0,0,0,0,0,0,0,0,0,0,0,0,0,11.4286,0,0,0,0,0,0,0,0,0,0,0,0,0,0,0
372,0,11.4286,0,0,0,0,0,0,0,0,0,0,0,0,0,0,0,0,11.4286,0,0,0,0,0,0,0,0,0,0,0,0,0,0,0,0,11.4286,0,0,0,0,0,0,0,0,0,0,0,0,0,0,0,0,11.4286,0,0,0,0,0,0,0,0,0,0,0,0,0,0,0,0,11.4286,0,0,0,0,0,0,0,0,0,0,0,0,0,0,0
373,0,11.4286,0,0,0,0,0,0,0,0,0,0,0,0,0,0,0,0,11.4286,0,0,0,0,0,0,0,0,0,0,0,0,0,0,0,0,11.4286,0,0,0,0,0,0,0,0,0,0,0,0,0,0,0,0,11.4286,0,0,0,0,0,0,0,0,0,0,0,0,0,0,0,0,11.4286,0,0,0,0,0,0,0,0,0,0,0,0,0,0,0
374,0,12.8571,0,0,0,0,0,0,0,0,0,0,0,0,0,0,0,0,12.8571,0,0,0,0,0,0,0,0,0,0,0,0,0,0,0,0,12.8571,0,0,0,0,0,0,0,0,0,0,0,0,0,0,0,0,12.8571,0,0,0,0,0,0,0,0,0,0,0,0,0,0,0,0,12.8571,0,0,0,0,0,0,0,0,0,0,0,0,0,0,0
375,0,12.8571,0,0,0,0,0,0,0,0,0,0,0,0,0,0,0,0,12.8571,0,0,0,0,0,0,0,0,0,0,0,0,0,0,0,0,12.8571,0,0,0,0,0,0,0,0,0,0,0,0,0,0,0,0,12.8571,0,0,0,0,0,0,0,0,0,0,0,0,0,0,0,0,12.8571,0,0,0,0,0,0,0,0,0,0,0,0,0,0,0
376,0,14.2857,0,0,0,0,0,0,0,0,0,0,0,0,0,0,0,0,14.2857,0,0,0,0,0,0,0,0,0,0,0,0,0,0,0,0,14.2857,0,0,0,0,0,0,0,0,0,0,0,0,0,0,0,0,14.2857,0,0,0,0,0,0,0,0,0,0,0,0,0,0,0,0,14.2857,0,0,0,0,0,0,0,0,0,0,0,0,0,0,0
377,0,14.2857,0,0,0,0,0,0,0,0,0,0,0,0,0,0,0,0,14.2857,0,0,0,0,0,0,0,0,0,0,0,0,0,0,0,0,14.2857,0,0,0,0,0,0,0,0,0,0,0,0,0,0,0,0,14.2857,0,0,0,0,0,0,0,0,0,0,0,0,0,0,0,0,14.2857,0,0,0,0,0,0,0,0,0,0,0,0,0,0,0
378,0,14.2857,0,0,0,0,0,0,0,0,0,0,0,0,0,0,0,0,14.2857,0,0,0,0,0,0,0,0,0,0,0,0,0,0,0,0,14.2857,0,0,0,0,0,0,0,0,0,0,0,0,0,0,0,0,14.2857,0,0,0,0,0,0,0,0,0,0,0,0,0,0,0,0,14.2857,0,0,0,0,0,0,0,0,0,0,0,0,0,0,0
379,0,15.7143,0,0,0,0,0,0,0,0,0,0,0,0,0,0,0,0,15.7143,0,0,0,0,0,0,0,0,0,0,0,0,0,0,0,0,15.7143,0,0,0,0,0,0,0,0,0,0,0,0,0,0,0,0,15.7143,0,0,0,0,0,0,0,0,0,0,0,0,0,0,0,0,15.7143,0,0,0,0,0,0,0,0,0,0,0,0,0,0,0
380,0,15.7143,0,0,0,0,0,0,0,0,0,0,0,0,0,0,0,0,15.7143,0,0,0,0,0,0,0,0,0,0,0,0,0,0,0,0,15.7143,0,0,0,0,0,0,0,0,0,0,0,0,0,0,0,0,15.7143,0,0,0,0,0,0,0,0,0,0,0,0,0,0,0,0,15.7143,0,0,0,0,0,0,0,0,0,0,0,0,0,0,0
381,0,17.1429,0,0,0,0,0,0,0,0,0,0,0,0,0,0,0,0,17.1429,0,0,0,0,0,0,0,0,0,0,0,0,0,0,0,0,17.1429,0,0,0,0,0,0,0,0,0,0,0,0,0,0,0,0,17.1429,0,0,0,0,0,0,0,0,0,0,0,0,0,0,0,0,17.1429,0,0,0,0,0,0,0,0,0,0,0,0,0,0,0
382,0,17.1429,0,0,0,0,0,0,0,0,0,0,0,0,0,0,0,0,17.1429,0,0,0,0,0,0,0,0,0,0,0,0,0,0,0,0,17.1429,0,0,0,0,0,0,0,0,0,0,0,0,0,0,0,0,17.1429,0,0,0,0,0,0,0,0,0,0,0,0,0,0,0,0,17.1429,0,0,0,0,0,0,0,0,0,0,0,0,0,0,0
383,0,17.1429,0,0,0,0,0,0,0,0,0,0,0,0,0,0,0,0,17.1429,0,0,0,0,0,0,0,0,0,0,0,0,0,0,0,0,17.1429,0,0,0,0,0,0,0,0,0,0,0,0,0,0,0,0,17.1429,0,0,0,0,0,0,0,0,0,0,0,0,0,0,0,0,17.1429,0,0,0,0,0,0,0,0,0,0,0,0,0,0,0
384,0,18.5714,0,0,0,0,0,0,0,0,0,0,0,0,0,0,0,0,18.5714,0,0,0,0,0,0,0,0,0,0,0,0,0,0,0,0,18.5714,0,0,0,0,0,0,0,0,0,0,0,0,0,0,0,0,18.5714,0,0,0,0,0,0,0,0,0,0,0,0,0,0,0,0,18.5714,0,0,0,0,0,0,0,0,0,0,0,0,0,0,0
385,0,18.5714,0,0,0,0,0,0,0,0,0,0,0,0,0,0,0,0,18.5714,0,0,0,0,0,0,0,0,0,0,0,0,0,0,0,0,18.5714,0,0,0,0,0,0,0,0,0,0,0,0,0,0,0,0,18.5714,0,0,0,0,0,0,0,0,0,0,0,0,0,0,0,0,18.5714,0,0,0,0,0,0,0,0,0,0,0,0,0,0,0
386,0,18.5714,0,0,0,0,0,0,0,0,0,0,0,0,0,0,0,0,18.5714,0,0,0,0,0,0,0,0,0,0,0,0,0,0,0,0,18.5714,0,0,0,0,0,0,0,0,0,0,0,0,0,0,0,0,18.5714,0,0,0,0,0,0,0,0,0,0,0,0,0,0,0,0,18.5714,0,0,0,0,0,0,0,0,0,0,0,0,0,0,0
387,0,18.5714,0,0,0,0,0,0,0,0,0,0,0,0,0,0,0,0,18.5714,0,0,0,0,0,0,0,0,0,0,0,0,0,0,0,0,18.5714,0,0,0,0,0,0,0,0,0,0,0,0,0,0,0,0,18.5714,0,0,0,0,0,0,0,0,0,0,0,0,0,0,0,0,18.5714,0,0,0,0,0,0,0,0,0,0,0,0,0,0,0
388,0,18.5714,0,0,0,0,0,0,0,0,0,0,0,0,0,0,0,0,18.5714,0,0,0,0,0,0,0,0,0,0,0,0,0,0,0,0,18.5714,0,0,0,0,0,0,0,0,0,0,0,0,0,0,0,0,18.5714,0,0,0,0,0,0,0,0,0,0,0,0,0,0,0,0,18.5714,0,0,0,0,0,0,0,0,0,0,0,0,0,0,0
389,0,20,0,0,0,0,0,0,0,0,0,0,0,0,0,0,0,0,20,0,0,0,0,0,0,0,0,0,0,0,0,0,0,0,0,20,0,0,0,0,0,0,0,0,0,0,0,0,0,0,0,0,20,0,0,0,0,0,0,0,0,0,0,0,0,0,0,0,0,20,0,0,0,0,0,0,0,0,0,0,0,0,0,0,0
390,0,20,0,0,0,0,0,0,0,0,0,0,0,0,0,0,0,0,20,0,0,0,0,0,0,0,0,0,0,0,0,0,0,0,0,20,0,0,0,0,0,0,0,0,0,0,0,0,0,0,0,0,20,0,0,0,0,0,0,0,0,0,0,0,0,0,0,0,0,20,0,0,0,0,0,0,0,0,0,0,0,0,0,0,0
391,0,20,0,0,0,0,0,0,0,0,0,0,0,0,0,0,0,0,20,0,0,0,0,0,0,0,0,0,0,0,0,0,0,0,0,20,0,0,0,0,0,0,0,0,0,0,0,0,0,0,0,0,20,0,0,0,0,0,0,0,0,0,0,0,0,0,0,0,0,20,0,0,0,0,0,0,0,0,0,0,0,0,0,0,0
392,0,20,0,0,0,0,0,0,0,0,0,0,0,0,0,0,0,0,20,0,0,0,0,0,0,0,0,0,0,0,0,0,0,0,0,20,0,0,0,0,0,0,0,0,0,0,0,0,0,0,0,0,20,0,0,0,0,0,0,0,0,0,0,0,0,0,0,0,0,20,0,0,0,0,0,0,0,0,0,0,0,0,0,0,0
393,0,20,0,0,0,0,0,0,0,0,0,0,0,0,0,0,0,0,20,0,0,0,0,0,0,0,0,0,0,0,0,0,0,0,0,20,0,0,0,0,0,0,0,0,0,0,0,0,0,0,0,0,20,0,0,0,0,0,0,0,0,0,0,0,0,0,0,0,0,20,0,0,0,0,0,0,0,0,0,0,0,0,0,0,0
394,0,20,0,0,0,0,0,0,0,0,0,0,0,0,0,0,0,0,20,0,0,0,0,0,0,0,0,0,0,0,0,0,0,0,0,20,0,0,0,0,0,0,0,0,0,0,0,0,0,0,0,0,20,0,0,0,0,0,0,0,0,0,0,0,0,0,0,0,0,20,0,0,0,0,0,0,0,0,0,0,0,0,0,0,0
395,0,0,0,0,0,0,0,0,0,0,0,0,0,0,0,0,0,0,0,0,0,0,0,0,0,0,0,0,0,0,0,0,0,0,0,0,0,0,0,0,0,0,0,0,0,0,0,0,0,0,0,0,0,0,0,0,0,0,0,0,0,0,0,0,0,0,0,0,0,0,0,0,0,0,0,0,0,0,0,0,0,0,0,0,0
396,0,7.14286,0,0,0,0,0,0,0,0,0,0,0,0,0,0,0,0,7.14286,0,0,0,0,0,0,0,0,0,0,0,0,0,0,0,0,7.14286,0,0,0,0,0,0,0,0,0,0,0,0,0,0,0,0,7.14286,0,0,0,0,0,0,0,0,0,0,0,0,0,0,0,0,7.14286,0,0,0,0,0,0,0,0,0,0,0,0,0,0,0
397,0,7.14286,0,0,0,0,0,0,0,0,0,0,0,0,0,0,0,0,7.14286,0,0,0,0,0,0,0,0,0,0,0,0,0,0,0,0,7.14286,0,0,0,0,0,0,0,0,0,0,0,0,0,0,0,0,7.14286,0,0,0,0,0,0,0,0,0,0,0,0,0,0,0,0,7.14286,0,0,0,0,0,0,0,0,0,0,0,0,0,0,0
398,0,7.14286,0,0,0,0,0,0,0,0,0,0,0,0,0,0,0,0,7.14286,0,0,0,0,0,0,0,0,0,0,0,0,0,0,0,0,7.14286,0,0,0,0,0,0,0,0,0,0,0,0,0,0,0,0,7.14286,0,0,0,0,0,0,0,0,0,0,0,0,0,0,0,0,7.14286,0,0,0,0,0,0,0,0,0,0,0,0,0,0,0
399,0,7.14286,0,0,0,0,0,0,0,0,0,0,0,0,0,0,0,0,7.14286,0,0,0,0,0,0,0,0,0,0,0,0,0,0,0,0,7.14286,0,0,0,0,0,0,0,0,0,0,0,0,0,0,0,0,7.14286,0,0,0,0,0,0,0,0,0,0,0,0,0,0,0,0,7.14286,0,0,0,0,0,0,0,0,0,0,0,0,0,0,0
400,0,7.14286,0,0,0,0,0,0,0,0,0,0,0,0,0,0,0,0,7.14286,0,0,0,0,0,0,0,0,0,0,0,0,0,0,0,0,7.14286,0,0,0,0,0,0,0,0,0,0,0,0,0,0,0,0,7.14286,0,0,0,0,0,0,0,0,0,0,0,0,0,0,0,0,7.14286,0,0,0,0,0,0,0,0,0,0,0,0,0,0,0
401,0,8.57143,0,0,0,0,0,0,0,0,0,0,0,0,0,0,0,0,8.57143,0,0,0,0,0,0,0,0,0,0,0,0,0,0,0,0,8.57143,0,0,0,0,0,0,0,0,0,0,0,0,0,0,0,0,8.57143,0,0,0,0,0,0,0,0,0,0,0,0,0,0,0,0,8.57143,0,0,0,0,0,0,0,0,0,0,0,0,0,0,0
402,0,8.57143,0,0,0,0,0,0,0,0,0,0,0,0,0,0,0,0,8.57143,0,0,0,0,0,0,0,0,0,0,0,0,0,0,0,0,8.57143,0,0,0,0,0,0,0,0,0,0,0,0,0,0,0,0,8.57143,0,0,0,0,0,0,0,0,0,0,0,0,0,0,0,0,8.57143,0,0,0,0,0,0,0,0,0,0,0,0,0,0,0
403,0,8.57143,0,0,0,0,0,0,0,0,0,0,0,0,0,0,0,0,8.57143,0,0,0,0,0,0,0,0,0,0,0,0,0,0,0,0,8.57143,0,0,0,0,0,0,0,0,0,0,0,0,0,0,0,0,8.57143,0,0,0,0,0,0,0,0,0,0,0,0,0,0,0,0,8.57143,0,0,0,0,0,0,0,0,0,0,0,0,0,0,0
404,0,8.57143,0,0,0,0,0,0,0,0,0,0,0,0,0,0,0,0,8.57143,0,0,0,0,0,0,0,0,0,0,0,0,0,0,0,0,8.57143,0,0,0,0,0,0,0,0,0,0,0,0,0,0,0,0,8.57143,0,0,0,0,0,0,0,0,0,0,0,0,0,0,0,0,8.57143,0,0,0,0,0,0,0,0,0,0,0,0,0,0,0
405,0,10,0,0,0,0,0,0,0,0,0,0,0,0,0,0,0,0,10,0,0,0,0,0,0,0,0,0,0,0,0,0,0,0,0,10,0,0,0,0,0,0,0,0,0,0,0,0,0,0,0,0,10,0,0,0,0,0,0,0,0,0,0,0,0,0,0,0,0,10,0,0,0,0,0,0,0,0,0,0,0,0,0,0,0
406,0,10,0,0,0,0,0,0,0,0,0,0,0,0,0,0,0,0,10,0,0,0,0,0,0,0,0,0,0,0,0,0,0,0,0,10,0,0,0,0,0,0,0,0,0,0,0,0,0,0,0,0,10,0,0,0,0,0,0,0,0,0,0,0,0,0,0,0,0,10,0,0,0,0,0,0,0,0,0,0,0,0,0,0,0
407,0,10,0,0,0,0,0,0,0,0,0,0,0,0,0,0,0,0,10,0,0,0,0,0,0,0,0,0,0,0,0,0,0,0,0,10,0,0,0,0,0,0,0,0,0,0,0,0,0,0,0,0,10,0,0,0,0,0,0,0,0,0,0,0,0,0,0,0,0,10,0,0,0,0,0,0,0,0,0,0,0,0,0,0,0
408,0,11.4286,0,0,0,0,0,0,0,0,0,0,0,0,0,0,0,0,11.4286,0,0,0,0,0,0,0,0,0,0,0,0,0,0,0,0,11.4286,0,0,0,0,0,0,0,0,0,0,0,0,0,0,0,0,11.4286,0,0,0,0,0,0,0,0,0,0,0,0,0,0,0,0,11.4286,0,0,0,0,0,0,0,0,0,0,0,0,0,0,0
409,0,11.4286,0,0,0,0,0,0,0,0,0,0,0,0,0,0,0,0,11.4286,0,0,0,0,0,0,0,0,0,0,0,0,0,0,0,0,11.4286,0,0,0,0,0,0,0,0,0,0,0,0,0,0,0,0,11.4286,0,0,0,0,0,0,0,0,0,0,0,0,0,0,0,0,11.4286,0,0,0,0,0,0,0,0,0,0,0,0,0,0,0
410,0,11.4286,0,0,0,0,0,0,0,0,0,0,0,0,0,0,0,0,11.4286,0,0,0,0,0,0,0,0,0,0,0,0,0,0,0,0,11.4286,0,0,0,0,0,0,0,0,0,0,0,0,0,0,0,0,11.4286,0,0,0,0,0,0,0,0,0,0,0,0,0,0,0,0,11.4286,0,0,0,0,0,0,0,0,0,0,0,0,0,0,0
411,0,12.8571,0,0,0,0,0,0,0,0,0,0,0,0,0,0,0,0,12.8571,0,0,0,0,0,0,0,0,0,0,0,0,0,0,0,0,12.8571,0,0,0,0,0,0,0,0,0,0,0,0,0,0,0,0,12.8571,0,0,0,0,0,0,0,0,0,0,0,0,0,0,0,0,12.8571,0,0,0,0,0,0,0,0,0,0,0,0,0,0,0
412,0,12.8571,0,0,0,0,0,0,0,0,0,0,0,0,0,0,0,0,12.8571,0,0,0,0,0,0,0,0,0,0,0,0,0,0,0,0,12.8571,0,0,0,0,0,0,0,0,0,0,0,0,0,0,0,0,12.8571,0,0,0,0,0,0,0,0,0,0,0,0,0,0,0,0,12.8571,0,0,0,0,0,0,0,0,0,0,0,0,0,0,0
413,0,14.2857,0,0,0,0,0,0,0,0,0,0,0,0,0,0,0,0,14.2857,0,0,0,0,0,0,0,0,0,0,0,0,0,0,0,0,14.2857,0,0,0,0,0,0,0,0,0,0,0,0,0,0,0,0,14.2857,0,0,0,0,0,0,0,0,0,0,0,0,0,0,0,0,14.2857,0,0,0,0,0,0,0,0,0,0,0,0,0,0,0
414,0,14.2857,0,0,0,0,0,0,0,0,0,0,0,0,0,0,0,0,14.2857,0,0,0,0,0,0,0,0,0,0,0,0,0,0,0,0,14.2857,0,0,0,0,0,0,0,0,0,0,0,0,0,0,0,0,14.2857,0,0,0,0,0,0,0,0,0,0,0,0,0,0,0,0,14.2857,0,0,0,0,0,0,0,0,0,0,0,0,0,0,0
415,0,14.2857,0,0,0,0,0,0,0,0,0,0,0,0,0,0,0,0,14.2857,0,0,0,0,0,0,0,0,0,0,0,0,0,0,0,0,14.2857,0,0,0,0,0,0,0,0,0,0,0,0,0,0,0,0,14.2857,0,0,0,0,0,0,0,0,0,0,0,0,0,0,0,0,14.2857,0,0,0,0,0,0,0,0,0,0,0,0,0,0,0
416,0,15.7143,0,0,0,0,0,0,0,0,0,0,0,0,0,0,0,0,15.7143,0,0,0,0,0,0,0,0,0,0,0,0,0,0,0,0,15.7143,0,0,0,0,0,0,0,0,0,0,0,0,0,0,0,0,15.7143,0,0,0,0,0,0,0,0,0,0,0,0,0,0,0,0,15.7143,0,0,0,0,0,0,0,0,0,0,0,0,0,0,0
417,0,15.7143,0,0,0,0,0,0,0,0,0,0,0,0,0,0,0,0,15.7143,0,0,0,0,0,0,0,0,0,0,0,0,0,0,0,0,15.7143,0,0,0,0,0,0,0,0,0,0,0,0,0,0,0,0,15.7143,0,0,0,0,0,0,0,0,0,0,0,0,0,0,0,0,15.7143,0,0,0,0,0,0,0,0,0,0,0,0,0,0,0
418,0,17.1429,0,0,0,0,0,0,0,0,0,0,0,0,0,0,0,0,17.1429,0,0,0,0,0,0,0,0,0,0,0,0,0,0,0,0,17.1429,0,0,0,0,0,0,0,0,0,0,0,0,0,0,0,0,17.1429,0,0,0,0,0,0,0,0,0,0,0,0,0,0,0,0,17.1429,0,0,0,0,0,0,0,0,0,0,0,0,0,0,0
419,0,17.1429,0,0,0,0,0,0,0,0,0,0,0,0,0,0,0,0,17.1429,0,0,0,0,0,0,0,0,0,0,0,0,0,0,0,0,17.1429,0,0,0,0,0,0,0,0,0,0,0,0,0,0,0,0,17.1429,0,0,0,0,0,0,0,0,0,0,0,0,0,0,0,0,17.1429,0,0,0,0,0,0,0,0,0,0,0,0,0,0,0
420,0,17.1429,0,0,0,0,0,0,0,0,0,0,0,0,0,0,0,0,17.1429,0,0,0,0,0,0,0,0,0,0,0,0,0,0,0,0,17.1429,0,0,0,0,0,0,0,0,0,0,0,0,0,0,0,0,17.1429,0,0,0,0,0,0,0,0,0,0,0,0,0,0,0,0,17.1429,0,0,0,0,0,0,0,0,0,0,0,0,0,0,0
421,0,18.5714,0,0,0,0,0,0,0,0,0,0,0,0,0,0,0,0,18.5714,0,0,0,0,0,0,0,0,0,0,0,0,0,0,0,0,18.5714,0,0,0,0,0,0,0,0,0,0,0,0,0,0,0,0,18.5714,0,0,0,0,0,0,0,0,0,0,0,0,0,0,0,0,18.5714,0,0,0,0,0,0,0,0,0,0,0,0,0,0,0
422,0,18.5714,0,0,0,0,0,0,0,0,0,0,0,0,0,0,0,0,18.5714,0,0,0,0,0,0,0,0,0,0,0,0,0,0,0,0,18.5714,0,0,0,0,0,0,0,0,0,0,0,0,0,0,0,0,18.5714,0,0,0,0,0,0,0,0,0,0,0,0,0,0,0,0,18.5714,0,0,0,0,0,0,0,0,0,0,0,0,0,0,0
423,0,18.5714,0,0,0,0,0,0,0,0,0,0,0,0,0,0,0,0,18.5714,0,0,0,0,0,0,0,0,0,0,0,0,0,0,0,0,18.5714,0,0,0,0,0,0,0,0,0,0,0,0,0,0,0,0,18.5714,0,0,0,0,0,0,0,0,0,0,0,0,0,0,0,0,18.5714,0,0,0,0,0,0,0,0,0,0,0,0,0,0,0
424,0,18.5714,0,0,0,0,0,0,0,0,0,0,0,0,0,0,0,0,18.5714,0,0,0,0,0,0,0,0,0,0,0,0,0,0,0,0,18.5714,0,0,0,0,0,0,0,0,0,0,0,0,0,0,0,0,18.5714,0,0,0,0,0,0,0,0,0,0,0,0,0,0,0,0,18.5714,0,0,0,0,0,0,0,0,0,0,0,0,0,0,0
425,0,18.5714,0,0,0,0,0,0,0,0,0,0,0,0,0,0,0,0,18.5714,0,0,0,0,0,0,0,0,0,0,0,0,0,0,0,0,18.5714,0,0,0,0,0,0,0,0,0,0,0,0,0,0,0,0,18.5714,0,0,0,0,0,0,0,0,0,0,0,0,0,0,0,0,18.5714,0,0,0,0,0,0,0,0,0,0,0,0,0,0,0
426,0,20,0,0,0,0,0,0,0,0,0,0,0,0,0,0,0,0,20,0,0,0,0,0,0,0,0,0,0,0,0,0,0,0,0,20,0,0,0,0,0,0,0,0,0,0,0,0,0,0,0,0,20,0,0,0,0,0,0,0,0,0,0,0,0,0,0,0,0,20,0,0,0,0,0,0,0,0,0,0,0,0,0,0,0
427,0,20,0,0,0,0,0,0,0,0,0,0,0,0,0,0,0,0,20,0,0,0,0,0,0,0,0,0,0,0,0,0,0,0,0,20,0,0,0,0,0,0,0,0,0,0,0,0,0,0,0,0,20,0,0,0,0,0,0,0,0,0,0,0,0,0,0,0,0,20,0,0,0,0,0,0,0,0,0,0,0,0,0,0,0
428,0,20,0,0,0,0,0,0,0,0,0,0,0,0,0,0,0,0,20,0,0,0,0,0,0,0,0,0,0,0,0,0,0,0,0,20,0,0,0,0,0,0,0,0,0,0,0,0,0,0,0,0,20,0,0,0,0,0,0,0,0,0,0,0,0,0,0,0,0,20,0,0,0,0,0,0,0,0,0,0,0,0,0,0,0
429,0,20,0,0,0,0,0,0,0,0,0,0,0,0,0,0,0,0,20,0,0,0,0,0,0,0,0,0,0,0,0,0,0,0,0,20,0,0,0,0,0,0,0,0,0,0,0,0,0,0,0,0,20,0,0,0,0,0,0,0,0,0,0,0,0,0,0,0,0,20,0,0,0,0,0,0,0,0,0,0,0,0,0,0,0
430,0,20,0,0,0,0,0,0,0,0,0,0,0,0,0,0,0,0,20,0,0,0,0,0,0,0,0,0,0,0,0,0,0,0,0,20,0,0,0,0,0,0,0,0,0,0,0,0,0,0,0,0,20,0,0,0,0,0,0,0,0,0,0,0,0,0,0,0,0,20,0,0,0,0,0,0,0,0,0,0,0,0,0,0,0
431,0,20,0,0,0,0,0,0,0,0,0,0,0,0,0,0,0,0,20,0,0,0,0,0,0,0,0,0,0,0,0,0,0,0,0,20,0,0,0,0,0,0,0,0,0,0,0,0,0,0,0,0,20,0,0,0,0,0,0,0,0,0,0,0,0,0,0,0,0,20,0,0,0,0,0,0,0,0,0,0,0,0,0,0,0
432,0,0,0,0,0,0,0,0,0,0,0,0,0,0,0,0,0,0,0,0,0,0,0,0,0,0,0,0,0,0,0,0,0,0,0,0,0,0,0,0,0,0,0,0,0,0,0,0,0,0,0,0,0,0,0,0,0,0,0,0,0,0,0,0,0,0,0,0,0,0,0,0,0,0,0,0,0,0,0,0,0,0,0,0,0
433,0,7.14286,0,0,0,0,0,0,0,0,0,0,0,0,0,0,0,0,7.14286,0,0,0,0,0,0,0,0,0,0,0,0,0,0,0,0,7.14286,0,0,0,0,0,0,0,0,0,0,0,0,0,0,0,0,7.14286,0,0,0,0,0,0,0,0,0,0,0,0,0,0,0,0,7.14286,0,0,0,0,0,0,0,0,0,0,0,0,0,0,0
434,0,7.14286,0,0,0,0,0,0,0,0,0,0,0,0,0,0,0,0,7.14286,0,0,0,0,0,0,0,0,0,0,0,0,0,0,0,0,7.14286,0,0,0,0,0,0,0,0,0,0,0,0,0,0,0,0,7.14286,0,0,0,0,0,0,0,0,0,0,0,0,0,0,0,0,7.14286,0,0,0,0,0,0,0,0,0,0,0,0,0,0,0
435,0,7.14286,0,0,0,0,0,0,0,0,0,0,0,0,0,0,0,0,7.14286,0,0,0,0,0,0,0,0,0,0,0,0,0,0,0,0,7.14286,0,0,0,0,0,0,0,0,0,0,0,0,0,0,0,0,7.14286,0,0,0,0,0,0,0,0,0,0,0,0,0,0,0,0,7.14286,0,0,0,0,0,0,0,0,0,0,0,0,0,0,0
436,0,7.14286,0,0,0,0,0,0,0,0,0,0,0,0,0,0,0,0,7.14286,0,0,0,0,0,0,0,0,0,0,0,0,0,0,0,0,7.14286,0,0,0,0,0,0,0,0,0,0,0,0,0,0,0,0,7.14286,0,0,0,0,0,0,0,0,0,0,0,0,0,0,0,0,7.14286,0,0,0,0,0,0,0,0,0,0,0,0,0,0,0
437,0,7.14286,0,0,0,0,0,0,0,0,0,0,0,0,0,0,0,0,7.14286,0,0,0,0,0,0,0,0,0,0,0,0,0,0,0,0,7.14286,0,0,0,0,0,0,0,0,0,0,0,0,0,0,0,0,7.14286,0,0,0,0,0,0,0,0,0,0,0,0,0,0,0,0,7.14286,0,0,0,0,0,0,0,0,0,0,0,0,0,0,0
438,0,8.57143,0,0,0,0,0,0,0,0,0,0,0,0,0,0,0,0,8.57143,0,0,0,0,0,0,0,0,0,0,0,0,0,0,0,0,8.57143,0,0,0,0,0,0,0,0,0,0,0,0,0,0,0,0,8.57143,0,0,0,0,0,0,0,0,0,0,0,0,0,0,0,0,8.57143,0,0,0,0,0,0,0,0,0,0,0,0,0,0,0
439,0,8.57143,0,0,0,0,0,0,0,0,0,0,0,0,0,0,0,0,8.57143,0,0,0,0,0,0,0,0,0,0,0,0,0,0,0,0,8.57143,0,0,0,0,0,0,0,0,0,0,0,0,0,0,0,0,8.57143,0,0,0,0,0,0,0,0,0,0,0,0,0,0,0,0,8.57143,0,0,0,0,0,0,0,0,0,0,0,0,0,0,0
440,0,8.57143,0,0,0,0,0,0,0,0,0,0,0,0,0,0,0,0,8.57143,0,0,0,0,0,0,0,0,0,0,0,0,0,0,0,0,8.57143,0,0,0,0,0,0,0,0,0,0,0,0,0,0,0,0,8.57143,0,0,0,0,0,0,0,0,0,0,0,0,0,0,0,0,8.57143,0,0,0,0,0,0,0,0,0,0,0,0,0,0,0
441,0,8.57143,0,0,0,0,0,0,0,0,0,0,0,0,0,0,0,0,8.57143,0,0,0,0,0,0,0,0,0,0,0,0,0,0,0,0,8.57143,0,0,0,0,0,0,0,0,0,0,0,0,0,0,0,0,8.57143,0,0,0,0,0,0,0,0,0,0,0,0,0,0,0,0,8.57143,0,0,0,0,0,0,0,0,0,0,0,0,0,0,0
442,0,10,0,0,0,0,0,0,0,0,0,0,0,0,0,0,0,0,10,0,0,0,0,0,0,0,0,0,0,0,0,0,0,0,0,10,0,0,0,0,0,0,0,0,0,0,0,0,0,0,0,0,10,0,0,0,0,0,0,0,0,0,0,0,0,0,0,0,0,10,0,0,0,0,0,0,0,0,0,0,0,0,0,0,0
443,0,10,0,0,0,0,0,0,0,0,0,0,0,0,0,0,0,0,10,0,0,0,0,0,0,0,0,0,0,0,0,0,0,0,0,10,0,0,0,0,0,0,0,0,0,0,0,0,0,0,0,0,10,0,0,0,0,0,0,0,0,0,0,0,0,0,0,0,0,10,0,0,0,0,0,0,0,0,0,0,0,0,0,0,0
444,0,10,0,0,0,0,0,0,0,0,0,0,0,0,0,0,0,0,10,0,0,0,0,0,0,0,0,0,0,0,0,0,0,0,0,10,0,0,0,0,0,0,0,0,0,0,0,0,0,0,0,0,10,0,0,0,0,0,0,0,0,0,0,0,0,0,0,0,0,10,0,0,0,0,0,0,0,0,0,0,0,0,0,0,0
445,0,11.4286,0,0,0,0,0,0,0,0,0,0,0,0,0,0,0,0,11.4286,0,0,0,0,0,0,0,0,0,0,0,0,0,0,0,0,11.4286,0,0,0,0,0,0,0,0,0,0,0,0,0,0,0,0,11.4286,0,0,0,0,0,0,0,0,0,0,0,0,0,0,0,0,11.4286,0,0,0,0,0,0,0,0,0,0,0,0,0,0,0
446,0,11.4286,0,0,0,0,0,0,0,0,0,0,0,0,0,0,0,0,11.4286,0,0,0,0,0,0,0,0,0,0,0,0,0,0,0,0,11.4286,0,0,0,0,0,0,0,0,0,0,0,0,0,0,0,0,11.4286,0,0,0,0,0,0,0,0,0,0,0,0,0,0,0,0,11.4286,0,0,0,0,0,0,0,0,0,0,0,0,0,0,0
447,0,11.4286,0,0,0,0,0,0,0,0,0,0,0,0,0,0,0,0,11.4286,0,0,0,0,0,0,0,0,0,0,0,0,0,0,0,0,11.4286,0,0,0,0,0,0,0,0,0,0,0,0,0,0,0,0,11.4286,0,0,0,0,0,0,0,0,0,0,0,0,0,0,0,0,11.4286,0,0,0,0,0,0,0,0,0,0,0,0,0,0,0
448,0,12.8571,0,0,0,0,0,0,0,0,0,0,0,0,0,0,0,0,12.8571,0,0,0,0,0,0,0,0,0,0,0,0,0,0,0,0,12.8571,0,0,0,0,0,0,0,0,0,0,0,0,0,0,0,0,12.8571,0,0,0,0,0,0,0,0,0,0,0,0,0,0,0,0,12.8571,0,0,0,0,0,0,0,0,0,0,0,0,0,0,0
449,0,12.8571,0,0,0,0,0,0,0,0,0,0,0,0,0,0,0,0,12.8571,0,0,0,0,0,0,0,0,0,0,0,0,0,0,0,0,12.8571,0,0,0,0,0,0,0,0,0,0,0,0,0,0,0,0,12.8571,0,0,0,0,0,0,0,0,0,0,0,0,0,0,0,0,12.8571,0,0,0,0,0,0,0,0,0,0,0,0,0,0,0
450,0,14.2857,0,0,0,0,0,0,0,0,0,0,0,0,0,0,0,0,14.2857,0,0,0,0,0,0,0,0,0,0,0,0,0,0,0,0,14.2857,0,0,0,0,0,0,0,0,0,0,0,0,0,0,0,0,14.2857,0,0,0,0,0,0,0,0,0,0,0,0,0,0,0,0,14.2857,0,0,0,0,0,0,0,0,0,0,0,0,0,0,0
451,0,14.2857,0,0,0,0,0,0,0,0,0,0,0,0,0,0,0,0,14.2857,0,0,0,0,0,0,0,0,0,0,0,0,0,0,0,0,14.2857,0,0,0,0,0,0,0,0,0,0,0,0,0,0,0,0,14.2857,0,0,0,0,0,0,0,0,0,0,0,0,0,0,0,0,14.2857,0,0,0,0,0,0,0,0,0,0,0,0,0,0,0
452,0,14.2857,0,0,0,0,0,0,0,0,0,0,0,0,0,0,0,0,14.2857,0,0,0,0,0,0,0,0,0,0,0,0,0,0,0,0,14.2857,0,0,0,0,0,0,0,0,0,0,0,0,0,0,0,0,14.2857,0,0,0,0,0,0,0,0,0,0,0,0,0,0,0,0,14.2857,0,0,0,0,0,0,0,0,0,0,0,0,0,0,0
453,0,15.7143,0,0,0,0,0,0,0,0,0,0,0,0,0,0,0,0,15.7143,0,0,0,0,0,0,0,0,0,0,0,0,0,0,0,0,15.7143,0,0,0,0,0,0,0,0,0,0,0,0,0,0,0,0,15.7143,0,0,0,0,0,0,0,0,0,0,0,0,0,0,0,0,15.7143,0,0,0,0,0,0,0,0,0,0,0,0,0,0,0
454,0,15.7143,0,0,0,0,0,0,0,0,0,0,0,0,0,0,0,0,15.7143,0,0,0,0,0,0,0,0,0,0,0,0,0,0,0,0,15.7143,0,0,0,0,0,0,0,0,0,0,0,0,0,0,0,0,15.7143,0,0,0,0,0,0,0,0,0,0,0,0,0,0,0,0,15.7143,0,0,0,0,0,0,0,0,0,0,0,0,0,0,0
455,0,17.1429,0,0,0,0,0,0,0,0,0,0,0,0,0,0,0,0,17.1429,0,0,0,0,0,0,0,0,0,0,0,0,0,0,0,0,17.1429,0,0,0,0,0,0,0,0,0,0,0,0,0,0,0,0,17.1429,0,0,0,0,0,0,0,0,0,0,0,0,0,0,0,0,17.1429,0,0,0,0,0,0,0,0,0,0,0,0,0,0,0
456,0,17.1429,0,0,0,0,0,0,0,0,0,0,0,0,0,0,0,0,17.1429,0,0,0,0,0,0,0,0,0,0,0,0,0,0,0,0,17.1429,0,0,0,0,0,0,0,0,0,0,0,0,0,0,0,0,17.1429,0,0,0,0,0,0,0,0,0,0,0,0,0,0,0,0,17.1429,0,0,0,0,0,0,0,0,0,0,0,0,0,0,0
457,0,17.1429,0,0,0,0,0,0,0,0,0,0,0,0,0,0,0,0,17.1429,0,0,0,0,0,0,0,0,0,0,0,0,0,0,0,0,17.1429,0,0,0,0,0,0,0,0,0,0,0,0,0,0,0,0,17.1429,0,0,0,0,0,0,0,0,0,0,0,0,0,0,0,0,17.1429,0,0,0,0,0,0,0,0,0,0,0,0,0,0,0
458,0,18.5714,0,0,0,0,0,0,0,0,0,0,0,0,0,0,0,0,18.5714,0,0,0,0,0,0,0,0,0,0,0,0,0,0,0,0,18.5714,0,0,0,0,0,0,0,0,0,0,0,0,0,0,0,0,18.5714,0,0,0,0,0,0,0,0,0,0,0,0,0,0,0,0,18.5714,0,0,0,0,0,0,0,0,0,0,0,0,0,0,0
459,0,18.5714,0,0,0,0,0,0,0,0,0,0,0,0,0,0,0,0,18.5714,0,0,0,0,0,0,0,0,0,0,0,0,0,0,0,0,18.5714,0,0,0,0,0,0,0,0,0,0,0,0,0,0,0,0,18.5714,0,0,0,0,0,0,0,0,0,0,0,0,0,0,0,0,18.5714,0,0,0,0,0,0,0,0,0,0,0,0,0,0,0
460,0,18.5714,0,0,0,0,0,0,0,0,0,0,0,0,0,0,0,0,18.5714,0,0,0,0,0,0,0,0,0,0,0,0,0,0,0,0,18.5714,0,0,0,0,0,0,0,0,0,0,0,0,0,0,0,0,18.5714,0,0,0,0,0,0,0,0,0,0,0,0,0,0,0,0,18.5714,0,0,0,0,0,0,0,0,0,0,0,0,0,0,0
461,0,18.5714,0,0,0,0,0,0,0,0,0,0,0,0,0,0,0,0,18.5714,0,0,0,0,0,0,0,0,0,0,0,0,0,0,0,0,18.5714,0,0,0,0,0,0,0,0,0,0,0,0,0,0,0,0,18.5714,0,0,0,0,0,0,0,0,0,0,0,0,0,0,0,0,18.5714,0,0,0,0,0,0,0,0,0,0,0,0,0,0,0
462,0,18.5714,0,0,0,0,0,0,0,0,0,0,0,0,0,0,0,0,18.5714,0,0,0,0,0,0,0,0,0,0,0,0,0,0,0,0,18.5714,0,0,0,0,0,0,0,0,0,0,0,0,0,0,0,0,18.5714,0,0,0,0,0,0,0,0,0,0,0,0,0,0,0,0,18.5714,0,0,0,0,0,0,0,0,0,0,0,0,0,0,0
463,0,20,0,0,0,0,0,0,0,0,0,0,0,0,0,0,0,0,20,0,0,0,0,0,0,0,0,0,0,0,0,0,0,0,0,20,0,0,0,0,0,0,0,0,0,0,0,0,0,0,0,0,20,0,0,0,0,0,0,0,0,0,0,0,0,0,0,0,0,20,0,0,0,0,0,0,0,0,0,0,0,0,0,0,0
464,0,20,0,0,0,0,0,0,0,0,0,0,0,0,0,0,0,0,20,0,0,0,0,0,0,0,0,0,0,0,0,0,0,0,0,20,0,0,0,0,0,0,0,0,0,0,0,0,0,0,0,0,20,0,0,0,0,0,0,0,0,0,0,0,0,0,0,0,0,20,0,0,0,0,0,0,0,0,0,0,0,0,0,0,0
465,0,20,0,0,0,0,0,0,0,0,0,0,0,0,0,0,0,0,20,0,0,0,0,0,0,0,0,0,0,0,0,0,0,0,0,20,0,0,0,0,0,0,0,0,0,0,0,0,0,0,0,0,20,0,0,0,0,0,0,0,0,0,0,0,0,0,0,0,0,20,0,0,0,0,0,0,0,0,0,0,0,0,0,0,0
466,0,20,0,0,0,0,0,0,0,0,0,0,0,0,0,0,0,0,20,0,0,0,0,0,0,0,0,0,0,0,0,0,0,0,0,20,0,0,0,0,0,0,0,0,0,0,0,0,0,0,0,0,20,0,0,0,0,0,0,0,0,0,0,0,0,0,0,0,0,20,0,0,0,0,0,0,0,0,0,0,0,0,0,0,0
467,0,20,0,0,0,0,0,0,0,0,0,0,0,0,0,0,0,0,20,0,0,0,0,0,0,0,0,0,0,0,0,0,0,0,0,20,0,0,0,0,0,0,0,0,0,0,0,0,0,0,0,0,20,0,0,0,0,0,0,0,0,0,0,0,0,0,0,0,0,20,0,0,0,0,0,0,0,0,0,0,0,0,0,0,0
468,0,0,0,0,0,0,0,0,0,0,0,0,0,0,0,0,0,0,0,0,0,0,0,0,0,0,0,0,0,0,0,0,0,0,0,0,0,0,0,0,0,0,0,0,0,0,0,0,0,0,0,0,0,0,0,0,0,0,0,0,0,0,0,0,0,0,0,0,0,0,0,0,0,0,0,0,0,0,0,0,0,0,0,0,0
469,0,7.14286,0,0,0,0,0,0,0,0,0,0,0,0,0,0,0,0,7.14286,0,0,0,0,0,0,0,0,0,0,0,0,0,0,0,0,7.14286,0,0,0,0,0,0,0,0,0,0,0,0,0,0,0,0,7.14286,0,0,0,0,0,0,0,0,0,0,0,0,0,0,0,0,7.14286,0,0,0,0,0,0,0,0,0,0,0,0,0,0,0
470,0,7.14286,0,0,0,0,0,0,0,0,0,0,0,0,0,0,0,0,7.14286,0,0,0,0,0,0,0,0,0,0,0,0,0,0,0,0,7.14286,0,0,0,0,0,0,0,0,0,0,0,0,0,0,0,0,7.14286,0,0,0,0,0,0,0,0,0,0,0,0,0,0,0,0,7.14286,0,0,0,0,0,0,0,0,0,0,0,0,0,0,0
471,0,7.14286,0,0,0,0,0,0,0,0,0,0,0,0,0,0,0,0,7.14286,0,0,0,0,0,0,0,0,0,0,0,0,0,0,0,0,7.14286,0,0,0,0,0,0,0,0,0,0,0,0,0,0,0,0,7.14286,0,0,0,0,0,0,0,0,0,0,0,0,0,0,0,0,7.14286,0,0,0,0,0,0,0,0,0,0,0,0,0,0,0
472,0,8.57143,0,0,0,0,0,0,0,0,0,0,0,0,0,0,0,0,8.57143,0,0,0,0,0,0,0,0,0,0,0,0,0,0,0,0,8.57143,0,0,0,0,0,0,0,0,0,0,0,0,0,0,0,0,8.57143,0,0,0,0,0,0,0,0,0,0,0,0,0,0,0,0,8.57143,0,0,0,0,0,0,0,0,0,0,0,0,0,0,0
473,0,8.57143,0,0,0,0,0,0,0,0,0,0,0,0,0,0,0,0,8.57143,0,0,0,0,0,0,0,0,0,0,0,0,0,0,0,0,8.57143,0,0,0,0,0,0,0,0,0,0,0,0,0,0,0,0,8.57143,0,0,0,0,0,0,0,0,0,0,0,0,0,0,0,0,8.57143,0,0,0,0,0,0,0,0,0,0,0,0,0,0,0
474,0,8.57143,0,0,0,0,0,0,0,0,0,0,0,0,0,0,0,0,8.57143,0,0,0,0,0,0,0,0,0,0,0,0,0,0,0,0,8.57143,0,0,0,0,0,0,0,0,0,0,0,0,0,0,0,0,8.57143,0,0,0,0,0,0,0,0,0,0,0,0,0,0,0,0,8.57143,0,0,0,0,0,0,0,0,0,0,0,0,0,0,0
475,0,8.57143,0,0,0,0,0,0,0,0,0,0,0,0,0,0,0,0,8.57143,0,0,0,0,0,0,0,0,0,0,0,0,0,0,0,0,8.57143,0,0,0,0,0,0,0,0,0,0,0,0,0,0,0,0,8.57143,0,0,0,0,0,0,0,0,0,0,0,0,0,0,0,0,8.57143,0,0,0,0,0,0,0,0,0,0,0,0,0,0,0
476,0,10,0,0,0,0,0,0,0,0,0,0,0,0,0,0,0,0,10,0,0,0,0,0,0,0,0,0,0,0,0,0,0,0,0,10,0,0,0,0,0,0,0,0,0,0,0,0,0,0,0,0,10,0,0,0,0,0,0,0,0,0,0,0,0,0,0,0,0,10,0,0,0,0,0,0,0,0,0,0,0,0,0,0,0
477,0,10,0,0,0,0,0,0,0,0,0,0,0,0,0,0,0,0,10,0,0,0,0,0,0,0,0,0,0,0,0,0,0,0,0,10,0,0,0,0,0,0,0,0,0,0,0,0,0,0,0,0,10,0,0,0,0,0,0,0,0,0,0,0,0,0,0,0,0,10,0,0,0,0,0,0,0,0,0,0,0,0,0,0,0
478,0,10,0,0,0,0,0,0,0,0,0,0,0,0,0,0,0,0,10,0,0,0,0,0,0,0,0,0,0,0,0,0,0,0,0,10,0,0,0,0,0,0,0,0,0,0,0,0,0,0,0,0,10,0,0,0,0,0,0,0,0,0,0,0,0,0,0,0,0,10,0,0,0,0,0,0,0,0,0,0,0,0,0,0,0
479,0,11.4286,0,0,0,0,0,0,0,0,0,0,0,0,0,0,0,0,11.4286,0,0,0,0,0,0,0,0,0,0,0,0,0,0,0,0,11.4286,0,0,0,0,0,0,0,0,0,0,0,0,0,0,0,0,11.4286,0,0,0,0,0,0,0,0,0,0,0,0,0,0,0,0,11.4286,0,0,0,0,0,0,0,0,0,0,0,0,0,0,0
480,0,11.4286,0,0,0,0,0,0,0,0,0,0,0,0,0,0,0,0,11.4286,0,0,0,0,0,0,0,0,0,0,0,0,0,0,0,0,11.4286,0,0,0,0,0,0,0,0,0,0,0,0,0,0,0,0,11.4286,0,0,0,0,0,0,0,0,0,0,0,0,0,0,0,0,11.4286,0,0,0,0,0,0,0,0,0,0,0,0,0,0,0
481,0,11.4286,0,0,0,0,0,0,0,0,0,0,0,0,0,0,0,0,11.4286,0,0,0,0,0,0,0,0,0,0,0,0,0,0,0,0,11.4286,0,0,0,0,0,0,0,0,0,0,0,0,0,0,0,0,11.4286,0,0,0,0,0,0,0,0,0,0,0,0,0,0,0,0,11.4286,0,0,0,0,0,0,0,0,0,0,0,0,0,0,0
482,0,12.8571,0,0,0,0,0,0,0,0,0,0,0,0,0,0,0,0,12.8571,0,0,0,0,0,0,0,0,0,0,0,0,0,0,0,0,12.8571,0,0,0,0,0,0,0,0,0,0,0,0,0,0,0,0,12.8571,0,0,0,0,0,0,0,0,0,0,0,0,0,0,0,0,12.8571,0,0,0,0,0,0,0,0,0,0,0,0,0,0,0
483,0,12.8571,0,0,0,0,0,0,0,0,0,0,0,0,0,0,0,0,12.8571,0,0,0,0,0,0,0,0,0,0,0,0,0,0,0,0,12.8571,0,0,0,0,0,0,0,0,0,0,0,0,0,0,0,0,12.8571,0,0,0,0,0,0,0,0,0,0,0,0,0,0,0,0,12.8571,0,0,0,0,0,0,0,0,0,0,0,0,0,0,0
484,0,14.2857,0,0,0,0,0,0,0,0,0,0,0,0,0,0,0,0,14.2857,0,0,0,0,0,0,0,0,0,0,0,0,0,0,0,0,14.2857,0,0,0,0,0,0,0,0,0,0,0,0,0,0,0,0,14.2857,0,0,0,0,0,0,0,0,0,0,0,0,0,0,0,0,14.2857,0,0,0,0,0,0,0,0,0,0,0,0,0,0,0
485,0,14.2857,0,0,0,0,0,0,0,0,0,0,0,0,0,0,0,0,14.2857,0,0,0,0,0,0,0,0,0,0,0,0,0,0,0,0,14.2857,0,0,0,0,0,0,0,0,0,0,0,0,0,0,0,0,14.2857,0,0,0,0,0,0,0,0,0,0,0,0,0,0,0,0,14.2857,0,0,0,0,0,0,0,0,0,0,0,0,0,0,0
486,0,14.2857,0,0,0,0,0,0,0,0,0,0,0,0,0,0,0,0,14.2857,0,0,0,0,0,0,0,0,0,0,0,0,0,0,0,0,14.2857,0,0,0,0,0,0,0,0,0,0,0,0,0,0,0,0,14.2857,0,0,0,0,0,0,0,0,0,0,0,0,0,0,0,0,14.2857,0,0,0,0,0,0,0,0,0,0,0,0,0,0,0
487,0,15.7143,0,0,0,0,0,0,0,0,0,0,0,0,0,0,0,0,15.7143,0,0,0,0,0,0,0,0,0,0,0,0,0,0,0,0,15.7143,0,0,0,0,0,0,0,0,0,0,0,0,0,0,0,0,15.7143,0,0,0,0,0,0,0,0,0,0,0,0,0,0,0,0,15.7143,0,0,0,0,0,0,0,0,0,0,0,0,0,0,0
488,0,15.7143,0,0,0,0,0,0,0,0,0,0,0,0,0,0,0,0,15.7143,0,0,0,0,0,0,0,0,0,0,0,0,0,0,0,0,15.7143,0,0,0,0,0,0,0,0,0,0,0,0,0,0,0,0,15.7143,0,0,0,0,0,0,0,0,0,0,0,0,0,0,0,0,15.7143,0,0,0,0,0,0,0,0,0,0,0,0,0,0,0
489,0,17.1429,0,0,0,0,0,0,0,0,0,0,0,0,0,0,0,0,17.1429,0,0,0,0,0,0,0,0,0,0,0,0,0,0,0,0,17.1429,0,0,0,0,0,0,0,0,0,0,0,0,0,0,0,0,17.1429,0,0,0,0,0,0,0,0,0,0,0,0,0,0,0,0,17.1429,0,0,0,0,0,0,0,0,0,0,0,0,0,0,0
490,0,17.1429,0,0,0,0,0,0,0,0,0,0,0,0,0,0,0,0,17.1429,0,0,0,0,0,0,0,0,0,0,0,0,0,0,0,0,17.1429,0,0,0,0,0,0,0,0,0,0,0,0,0,0,0,0,17.1429,0,0,0,0,0,0,0,0,0,0,0,0,0,0,0,0,17.1429,0,0,0,0,0,0,0,0,0,0,0,0,0,0,0
491,0,17.1429,0,0,0,0,0,0,0,0,0,0,0,0,0,0,0,0,17.1429,0,0,0,0,0,0,0,0,0,0,0,0,0,0,0,0,17.1429,0,0,0,0,0,0,0,0,0,0,0,0,0,0,0,0,17.1429,0,0,0,0,0,0,0,0,0,0,0,0,0,0,0,0,17.1429,0,0,0,0,0,0,0,0,0,0,0,0,0,0,0
492,0,18.5714,0,0,0,0,0,0,0,0,0,0,0,0,0,0,0,0,18.5714,0,0,0,0,0,0,0,0,0,0,0,0,0,0,0,0,18.5714,0,0,0,0,0,0,0,0,0,0,0,0,0,0,0,0,18.5714,0,0,0,0,0,0,0,0,0,0,0,0,0,0,0,0,18.5714,0,0,0,0,0,0,0,0,0,0,0,0,0,0,0
493,0,18.5714,0,0,0,0,0,0,0,0,0,0,0,0,0,0,0,0,18.5714,0,0,0,0,0,0,0,0,0,0,0,0,0,0,0,0,18.5714,0,0,0,0,0,0,0,0,0,0,0,0,0,0,0,0,18.5714,0,0,0,0,0,0,0,0,0,0,0,0,0,0,0,0,18.5714,0,0,0,0,0,0,0,0,0,0,0,0,0,0,0
494,0,18.5714,0,0,0,0,0,0,0,0,0,0,0,0,0,0,0,0,18.5714,0,0,0,0,0,0,0,0,0,0,0,0,0,0,0,0,18.5714,0,0,0,0,0,0,0,0,0,0,0,0,0,0,0,0,18.5714,0,0,0,0,0,0,0,0,0,0,0,0,0,0,0,0,18.5714,0,0,0,0,0,0,0,0,0,0,0,0,0,0,0
495,0,18.5714,0,0,0,0,0,0,0,0,0,0,0,0,0,0,0,0,18.5714,0,0,0,0,0,0,0,0,0,0,0,0,0,0,0,0,18.5714,0,0,0,0,0,0,0,0,0,0,0,0,0,0,0,0,18.5714,0,0,0,0,0,0,0,0,0,0,0,0,0,0,0,0,18.5714,0,0,0,0,0,0,0,0,0,0,0,0,0,0,0
496,0,18.5714,0,0,0,0,0,0,0,0,0,0,0,0,0,0,0,0,18.5714,0,0,0,0,0,0,0,0,0,0,0,0,0,0,0,0,18.5714,0,0,0,0,0,0,0,0,0,0,0,0,0,0,0,0,18.5714,0,0,0,0,0,0,0,0,0,0,0,0,0,0,0,0,18.5714,0,0,0,0,0,0,0,0,0,0,0,0,0,0,0
497,0,20,0,0,0,0,0,0,0,0,0,0,0,0,0,0,0,0,20,0,0,0,0,0,0,0,0,0,0,0,0,0,0,0,0,20,0,0,0,0,0,0,0,0,0,0,0,0,0,0,0,0,20,0,0,0,0,0,0,0,0,0,0,0,0,0,0,0,0,20,0,0,0,0,0,0,0,0,0,0,0,0,0,0,0
498,0,20,0,0,0,0,0,0,0,0,0,0,0,0,0,0,0,0,20,0,0,0,0,0,0,0,0,0,0,0,0,0,0,0,0,20,0,0,0,0,0,0,0,0,0,0,0,0,0,0,0,0,20,0,0,0,0,0,0,0,0,0,0,0,0,0,0,0,0,20,0,0,0,0,0,0,0,0,0,0,0,0,0,0,0
499,0,20,0,0,0,0,0,0,0,0,0,0,0,0,0,0,0,0,20,0,0,0,0,0,0,0,0,0,0,0,0,0,0,0,0,20,0,0,0,0,0,0,0,0,0,0,0,0,0,0,0,0,20,0,0,0,0,0,0,0,0,0,0,0,0,0,0,0,0,20,0,0,0,0,0,0,0,0,0,0,0,0,0,0,0
500,0,20,0,0,0,0,0,0,0,0,0,0,0,0,0,0,0,0,20,0,0,0,0,0,0,0,0,0,0,0,0,0,0,0,0,20,0,0,0,0,0,0,0,0,0,0,0,0,0,0,0,0,20,0,0,0,0,0,0,0,0,0,0,0,0,0,0,0,0,20,0,0,0,0,0,0,0,0,0,0,0,0,0,0,0
