step,0,1,2,3
0,1.56255,-1.5,6.06255,1.1251
1,1.57575,-1.5,6.07575,1.1515
2,1.58868,-1.5,6.08868,1.17737
3,1.60136,-1.5,6.10136,1.20272
4,1.61377,-1.5,6.11377,1.22755
5,1.62593,-1.5,6.12593,1.25186
6,1.63784,-1.5,6.13784,1.27568
7,1.6495,-1.5,6.1495,1.29899
8,1.66091,-1.5,6.16091,1.32182
9,1.67208,-1.5,6.17208,1.34416
10,1.68301,-1.5,6.18301,1.36603
11,1.69371,-1.5,6.19371,1.38743
12,1.70419,-1.5,6.20419,1.40837
13,1.71443,-1.5,6.21443,1.42886
14,1.72446,-1.5,6.22446,1.44891
15,1.73427,-1.5,6.23427,1.46853
16,1.74386,-1.5,6.24386,1.48772
17,1.75325,-1.5,6.25325,1.5065
18,1.76243,-1.5,6.26243,1.52486
19,1.77141,-1.5,6.27141,1.54283
20,1.7802,-1.5,6.2802,1.5604
21,1.78879,-1.5,6.28879,1.57759
22,1.7972,-1.5,6.2972,1.5944
23,1.80542,-1.5,6.30542,1.61084
24,1.81346,-1.5,6.31346,1.62692
25,1.82132,-1.5,6.32132,1.64264
26,1.82901,-1.5,6.32901,1.65802
27,1.83653,-1.5,6.33653,1.67307
28,1.84389,-1.5,6.34389,1.68778
29,1.85108,-1.5,6.35108,1.70216
30,1.85812,-1.5,6.35812,1.71623
31,1.86499,-1.5,6.36499,1.72999
32,1.87172,-1.5,6.37172,1.74344
33,1.8783,-1.5,6.3783,1.7566
34,1.88473,-1.5,6.38473,1.76947
35,1.89103,-1.5,6.39103,1.78205
36,1.89718,-1.5,6.39718,1.79436
37,1.9032,-1.5,6.4032,1.80639
38,1.90908,-1.5,6.40908,1.81816
39,1.91484,-1.5,6.41484,1.82967
40,1.92046,-1.5,6.42046,1.84093
41,1.92597,-1.5,6.42597,1.85193
42,1.93135,-1.5,6.43135,1.8627
43,1.93661,-1.5,6.43661,1.87322
44,1.94176,-1.5,6.44176,1.88352
45,1.94679,-1.5,6.44679,1.89358
46,1.95171,-1.5,6.45171,1.90343
47,1.95653,-1.5,6.45653,1.91306
48,1.96124,-1.5,6.46124,1.92248
49,1.96584,-1.5,6.46584,1.93169
50,1.97035,-1.5,6.47035,1.94069
51,1.97475,-1.5,6.47475,1.9495
52,1.97906,-1.5,6.47906,1.95812
53,1.98327,-1.5,6.48327,1.96654
54,1.98739,-1.5,6.48739,1.97478
55,1.99142,-1.5,6.49142,1.98284
56,1.99536,-1.5,6.49536,1.99072
57,1.99921,-1.5,6.49921,1.99843
58,2.00298,-1.5,6.50298,2.00597
59,2.00667,-1.5,6.50667,2.01334
60,2.01027,-1.5,6.51027,2.02055
61,2.0138,-1.5,6.5138,2.0276
62,2.01725,-1.5,6.51725,2.03449
63,2.02062,-1.5,6.52062,2.04123
64,2.02391,-1.5,6.52391,2.04783
65,2.02714,-1.5,6.52714,2.05427
66,2.03029,-1.5,6.53029,2.06058
67,2.03337,-1.5,6.53337,2.06674
68,2.03639,-1.5,6.53639,2.07277
69,2.03934,-1.5,6.53934,2.07867
70,2.04222,-1.5,6.54222,2.08444
71,2.04504,-1.5,6.54504,2.09008
72,2.0478,-1.5,6.5478,2.09559
73,2.05049,-1.5,6.55049,2.10098
74,2.05313,-1.5,6.55313,2.10626
75,2.05571,-1.5,6.55571,2.11141
76,2.05823,-1.5,6.55823,2.11646
77,2.0607,-1.5,6.5607,2.12139
78,2.06311,-1.5,6.56311,2.12621
79,2.06546,-1.5,6.56546,2.13092
80,2.06776,-1.5,6.56776,2.13553
81,2.07001,-1.5,6.57001,2.14003
82,2.07221,-1.5,6.57221,2.14442
83,2.07433,-1.5,6.57433,2.14867
84,2.07634,-1.5,6.57634,2.15268
85,2.07824,-1.5,6.57824,2.15648
86,2.07997,-1.5,6.57997,2.15993
87,2.08161,-1.5,6.58161,2.16323
88,2.08319,-1.5,6.58319,2.16637
89,2.08469,-1.5,6.58469,2.16937
90,2.08611,-1.5,6.58611,2.17223
91,2.08747,-1.5,6.58747,2.17495
92,2.08877,-1.5,6.58877,2.17754
93,2.08994,-1.5,6.58994,2.17987
94,2.09098,-1.5,6.59098,2.18196
95,2.09185,-1.5,6.59185,2.18369
96,2.09262,-1.5,6.59262,2.18524
97,2.09325,-1.5,6.59325,2.18649
98,2.09381,-1.5,6.59381,2.18763
99,2.09426,-1.5,6.59426,2.18853
100,2.09468,-1.5,6.59468,2.18936
101,2.09506,-1.5,6.59506,2.19011
102,2.0954,-1.5,6.5954,2.1908
103,2.09571,-1.5,6.59571,2.19143
104,2.096,-1.5,6.596,2.19199
105,2.09625,-1.5,6.59625,2.1925
106,2.09641,-1.5,6.59641,2.19283
107,2.0965,-1.5,6.5965,2.19299
108,2.09645,-1.5,6.59645,2.19289
109,2.09629,-1.5,6.59629,2.19257
110,2.0961,-1.5,6.5961,2.19219
111,2.09587,-1.5,6.59587,2.19175
112,2.09562,-1.5,6.59562,2.19125
113,2.09529,-1.5,6.59529,2.19058
114,2.09495,-1.5,6.59495,2.18991
115,2.09461,-1.5,6.59461,2.18923
116,2.09427,-1.5,6.59427,2.18854
117,2.09392,-1.5,6.59392,2.18784
118,2.09356,-1.5,6.59356,2.18713
119,2.09316,-1.5,6.59316,2.18631
120,2.09269,-1.5,6.59269,2.18539
121,2.09213,-1.5,6.59213,2.18425
122,2.09152,-1.5,6.59152,2.18305
123,2.09084,-1.5,6.59084,2.18168
124,2.09014,-1.5,6.59014,2.18028
125,2.08939,-1.5,6.58939,2.17877
126,2.08864,-1.5,6.58864,2.17728
127,2.0879,-1.5,6.5879,2.17579
128,2.08716,-1.5,6.58716,2.17432
129,2.08643,-1.5,6.58643,2.17286
130,2.08571,-1.5,6.58571,2.17142
131,2.08494,-1.5,6.58494,2.16988
132,2.08419,-1.5,6.58419,2.16837
133,2.08346,-1.5,6.58346,2.16691
134,2.08274,-1.5,6.58274,2.16549
135,2.08205,-1.5,6.58205,2.1641
136,2.08137,-1.5,6.58137,2.16274
137,2.08071,-1.5,6.58071,2.16142
138,2.08006,-1.5,6.58006,2.16013
139,2.07943,-1.5,6.57943,2.15886
140,2.07882,-1.5,6.57882,2.15763
141,2.07821,-1.5,6.57821,2.15643
142,2.07762,-1.5,6.57762,2.15525
143,2.07705,-1.5,6.57705,2.1541
144,2.07648,-1.5,6.57648,2.15297
145,2.07593,-1.5,6.57593,2.15186
146,2.07539,-1.5,6.57539,2.15078
147,2.07486,-1.5,6.57486,2.14972
148,2.07434,-1.5,6.57434,2.14868
149,2.07383,-1.5,6.57383,2.14766
150,2.07333,-1.5,6.57333,2.14666
151,2.07284,-1.5,6.57284,2.14568
152,2.07231,-1.5,6.57231,2.14462
153,2.07174,-1.5,6.57174,2.14348
154,2.07109,-1.5,6.57109,2.14217
155,2.07041,-1.5,6.57041,2.14083
156,2.06967,-1.5,6.56967,2.13934
157,2.06892,-1.5,6.56892,2.13784
158,2.06816,-1.5,6.56816,2.13632
159,2.06739,-1.5,6.56739,2.13479
160,2.06657,-1.5,6.56657,2.13315
161,2.06577,-1.5,6.56577,2.13154
162,2.06497,-1.5,6.56497,2.12995
163,2.06419,-1.5,6.56419,2.12838
164,2.06342,-1.5,6.56342,2.12683
165,2.06265,-1.5,6.56265,2.12531
166,2.06185,-1.5,6.56185,2.12369
167,2.061,-1.5,6.561,2.122
168,2.06017,-1.5,6.56017,2.12034
169,2.05935,-1.5,6.55935,2.11871
170,2.0585,-1.5,6.5585,2.11701
171,2.05762,-1.5,6.55762,2.11525
172,2.05667,-1.5,6.55667,2.11333
173,2.0557,-1.5,6.5557,2.11139
174,2.05466,-1.5,6.55466,2.10932
175,2.05362,-1.5,6.55362,2.10723
176,2.05251,-1.5,6.55251,2.10503
177,2.05141,-1.5,6.55141,2.10283
178,2.05032,-1.5,6.55032,2.10063
179,2.04917,-1.5,6.54917,2.09835
180,2.04804,-1.5,6.54804,2.09608
181,2.04692,-1.5,6.54692,2.09383
182,2.04575,-1.5,6.54575,2.09149
183,2.04459,-1.5,6.54459,2.08918
184,2.04344,-1.5,6.54344,2.08688
185,2.0423,-1.5,6.5423,2.0846
186,2.04113,-1.5,6.54113,2.08225
187,2.03997,-1.5,6.53997,2.07994
188,2.03883,-1.5,6.53883,2.07767
189,2.03771,-1.5,6.53771,2.07543
190,2.03661,-1.5,6.53661,2.07323
191,2.03548,-1.5,6.53548,2.07095
192,2.03435,-1.5,6.53435,2.06871
193,2.03324,-1.5,6.53324,2.06649
194,2.03215,-1.5,6.53215,2.06429
195,2.03106,-1.5,6.53106,2.06212
196,2.02993,-1.5,6.52993,2.05987
197,2.02883,-1.5,6.52883,2.05765
198,2.02773,-1.5,6.52773,2.05547
199,2.02665,-1.5,6.52665,2.05331
200,2.02559,-1.5,6.52559,2.05118
201,2.02454,-1.5,6.52454,2.04907
202,2.02345,-1.5,6.52345,2.04691
203,2.02238,-1.5,6.52238,2.04477
204,2.02133,-1.5,6.52133,2.04265
205,2.02028,-1.5,6.52028,2.04056
206,2.01925,-1.5,6.51925,2.03849
207,2.01822,-1.5,6.51822,2.03644
208,2.01716,-1.5,6.51716,2.03432
209,2.01611,-1.5,6.51611,2.03221
210,2.01506,-1.5,6.51506,2.03012
211,2.01402,-1.5,6.51402,2.02805
212,2.01299,-1.5,6.51299,2.02599
213,2.01193,-1.5,6.51193,2.02385
214,2.01087,-1.5,6.51087,2.02174
215,2.00983,-1.5,6.50983,2.01966
216,2.0088,-1.5,6.5088,2.01759
217,2.00778,-1.5,6.50778,2.01555
218,2.00672,-1.5,6.50672,2.01343
219,2.00566,-1.5,6.50566,2.01131
220,2.0046,-1.5,6.5046,2.0092
221,2.00355,-1.5,6.50355,2.00709
222,2.00245,-1.5,6.50245,2.00489
223,2.00135,-1.5,6.50135,2.0027
224,2.00025,-1.5,6.50025,2.0005
225,1.99911,-1.5,6.49911,1.99823
226,1.99797,-1.5,6.49797,1.99595
227,1.99683,-1.5,6.49683,1.99366
228,1.99564,-1.5,6.49564,1.99127
229,1.99443,-1.5,6.49443,1.98887
230,1.99318,-1.5,6.49318,1.98636
231,1.99191,-1.5,6.49191,1.98383
232,1.99067,-1.5,6.49067,1.98135
233,1.98946,-1.5,6.48946,1.97892
234,1.98827,-1.5,6.48827,1.97654
235,1.9871,-1.5,6.4871,1.9742
236,1.98595,-1.5,6.48595,1.9719
237,1.98482,-1.5,6.48482,1.96965
238,1.98372,-1.5,6.48372,1.96743
239,1.98263,-1.5,6.48263,1.96525
240,1.98156,-1.5,6.48156,1.96311
241,1.9805,-1.5,6.4805,1.96101
242,1.97947,-1.5,6.47947,1.95894
243,1.97845,-1.5,6.47845,1.9569
244,1.97745,-1.5,6.47745,1.95489
245,1.97646,-1.5,6.47646,1.95291
246,1.97544,-1.5,6.47544,1.95087
247,1.97439,-1.5,6.47439,1.94877
248,1.97334,-1.5,6.47334,1.94668
249,1.97226,-1.5,6.47226,1.94452
250,1.97118,-1.5,6.47118,1.94236
251,1.9701,-1.5,6.4701,1.94021
252,1.96903,-1.5,6.46903,1.93806
253,1.96791,-1.5,6.46791,1.93583
254,1.96678,-1.5,6.46678,1.93357
255,1.96564,-1.5,6.46564,1.93129
256,1.96445,-1.5,6.46445,1.92889
257,1.96323,-1.5,6.46323,1.92646
258,1.96203,-1.5,6.46203,1.92407
259,1.96085,-1.5,6.46085,1.92171
260,1.95969,-1.5,6.45969,1.91938
261,1.95854,-1.5,6.45854,1.91708
262,1.95736,-1.5,6.45736,1.91473
263,1.95618,-1.5,6.45618,1.91236
264,1.955,-1.5,6.455,1.91
265,1.95377,-1.5,6.45377,1.90754
266,1.95253,-1.5,6.45253,1.90505
267,1.95131,-1.5,6.45131,1.90262
268,1.95011,-1.5,6.45011,1.90022
269,1.94894,-1.5,6.44894,1.89787
270,1.94778,-1.5,6.44778,1.89556
271,1.94665,-1.5,6.44665,1.89329
272,1.94553,-1.5,6.44553,1.89106
273,1.94444,-1.5,6.44444,1.88887
274,1.94336,-1.5,6.44336,1.88672
275,1.9423,-1.5,6.4423,1.8846
276,1.94126,-1.5,6.44126,1.88251
277,1.94023,-1.5,6.44023,1.88046
278,1.93922,-1.5,6.43922,1.87844
279,1.93822,-1.5,6.43822,1.87645
280,1.93724,-1.5,6.43724,1.87449
281,1.93628,-1.5,6.43628,1.87255
282,1.93532,-1.5,6.43532,1.87065
283,1.93439,-1.5,6.43439,1.86877
284,1.93346,-1.5,6.43346,1.86692
285,1.93255,-1.5,6.43255,1.86509
286,1.93164,-1.5,6.43164,1.86329
287,1.93075,-1.5,6.43075,1.86151
288,1.92988,-1.5,6.42988,1.85975
289,1.92901,-1.5,6.42901,1.85802
290,1.92815,-1.5,6.42815,1.8563
291,1.9273,-1.5,6.4273,1.85461
292,1.92647,-1.5,6.42647,1.85294
293,1.92564,-1.5,6.42564,1.85128
294,1.92482,-1.5,6.42482,1.84964
295,1.92401,-1.5,6.42401,1.84803
296,1.92321,-1.5,6.42321,1.84643
297,1.92242,-1.5,6.42242,1.84484
298,1.92164,-1.5,6.42164,1.84327
299,1.92086,-1.5,6.42086,1.84172
300,1.92009,-1.5,6.42009,1.84018
301,1.91933,-1.5,6.41933,1.83866
302,1.91858,-1.5,6.41858,1.83716
303,1.91783,-1.5,6.41783,1.83566
304,1.91709,-1.5,6.41709,1.83418
305,1.91636,-1.5,6.41636,1.83271
306,1.91563,-1.5,6.41563,1.83126
307,1.91491,-1.5,6.41491,1.82982
308,1.91419,-1.5,6.41419,1.82839
309,1.91348,-1.5,6.41348,1.82697
310,1.91278,-1.5,6.41278,1.82556
311,1.91208,-1.5,6.41208,1.82416
312,1.91139,-1.5,6.41139,1.82278
313,1.9107,-1.5,6.4107,1.8214
314,1.91002,-1.5,6.41002,1.82004
315,1.90934,-1.5,6.40934,1.81868
316,1.90867,-1.5,6.40867,1.81733
317,1.908,-1.5,6.408,1.816
318,1.90733,-1.5,6.40733,1.81467
319,1.90667,-1.5,6.40667,1.81335
320,1.90602,-1.5,6.40602,1.81203
321,1.90537,-1.5,6.40537,1.81073
322,1.90472,-1.5,6.40472,1.80943
323,1.90407,-1.5,6.40407,1.80815
324,1.90343,-1.5,6.40343,1.80687
325,1.9028,-1.5,6.4028,1.80559
326,1.90216,-1.5,6.40216,1.80432
327,1.90153,-1.5,6.40153,1.80307
328,1.90091,-1.5,6.40091,1.80181
329,1.90028,-1.5,6.40028,1.80057
330,1.89966,-1.5,6.39966,1.79933
331,1.89905,-1.5,6.39905,1.79809
332,1.89843,-1.5,6.39843,1.79686
333,1.89782,-1.5,6.39782,1.79564
334,1.89721,-1.5,6.39721,1.79442
335,1.89661,-1.5,6.39661,1.79321
336,1.896,-1.5,6.396,1.79201
337,1.8954,-1.5,6.3954,1.79081
338,1.89481,-1.5,6.39481,1.78961
339,1.89421,-1.5,6.39421,1.78842
340,1.89362,-1.5,6.39362,1.78724
341,1.89303,-1.5,6.39303,1.78606
342,1.89244,-1.5,6.39244,1.78488
343,1.89185,-1.5,6.39185,1.78371
344,1.89127,-1.5,6.39127,1.78254
345,1.89069,-1.5,6.39069,1.78138
346,1.89011,-1.5,6.39011,1.78022
347,1.88953,-1.5,6.38953,1.77907
348,1.88896,-1.5,6.38896,1.77792
349,1.88839,-1.5,6.38839,1.77677
350,1.88782,-1.5,6.38782,1.77563
351,1.88725,-1.5,6.38725,1.77449
352,1.88668,-1.5,6.38668,1.77336
353,1.88611,-1.5,6.38611,1.77223
354,1.88555,-1.5,6.38555,1.7711
355,1.88499,-1.5,6.38499,1.76998
356,1.88443,-1.5,6.38443,1.76886
357,1.88387,-1.5,6.38387,1.76774
358,1.88331,-1.5,6.38331,1.76663
359,1.88276,-1.5,6.38276,1.76552
360,1.88221,-1.5,6.38221,1.76441
361,1.88165,-1.5,6.38165,1.76331
362,1.8811,-1.5,6.3811,1.76221
363,1.88055,-1.5,6.38055,1.76111
364,1.88001,-1.5,6.38001,1.76001
365,1.87946,-1.5,6.37946,1.75892
366,1.87892,-1.5,6.37892,1.75783
367,1.87837,-1.5,6.37837,1.75675
368,1.87783,-1.5,6.37783,1.75566
369,1.87729,-1.5,6.37729,1.75458
370,1.87675,-1.5,6.37675,1.7535
371,1.87621,-1.5,6.37621,1.75243
372,1.87568,-1.5,6.37568,1.75136
373,1.87514,-1.5,6.37514,1.75029
374,1.87461,-1.5,6.37461,1.74922
375,1.87408,-1.5,6.37408,1.74815
376,1.87355,-1.5,6.37355,1.74709
377,1.87302,-1.5,6.37302,1.74603
378,1.87249,-1.5,6.37249,1.74497
379,1.87196,-1.5,6.37196,1.74392
380,1.87143,-1.5,6.37143,1.74287
381,1.87091,-1.5,6.37091,1.74182
382,1.87038,-1.5,6.37038,1.74077
383,1.86986,-1.5,6.36986,1.73972
384,1.86934,-1.5,6.36934,1.73868
385,1.86882,-1.5,6.36882,1.73764
386,1.8683,-1.5,6.3683,1.7366
387,1.86778,-1.5,6.36778,1.73556
388,1.86726,-1.5,6.36726,1.73453
389,1.86675,-1.5,6.36675,1.73349
390,1.86623,-1.5,6.36623,1.73246
391,1.86572,-1.5,6.36572,1.73143
392,1.8652,-1.5,6.3652,1.73041
393,1.86469,-1.5,6.36469,1.72938
394,1.86418,-1.5,6.36418,1.72836
395,1.86367,-1.5,6.36367,1.72734
396,1.86316,-1.5,6.36316,1.72632
397,1.86265,-1.5,6.36265,1.72531
398,1.86215,-1.5,6.36215,1.72429
399,1.86164,-1.5,6.36164,1.72328
400,1.86114,-1.5,6.36114,1.72227
401,1.86063,-1.5,6.36063,1.72126
402,1.86013,-1.5,6.36013,1.72026
403,1.85963,-1.5,6.35963,1.71925
404,1.85912,-1.5,6.35912,1.71825
405,1.85862,-1.5,6.35862,1.71725
406,1.85813,-1.5,6.35813,1.71625
407,1.85763,-1.5,6.35763,1.71525
408,1.85713,-1.5,6.35713,1.71426
409,1.85663,-1.5,6.35663,1.71327
410,1.85614,-1.5,6.35614,1.71228
411,1.85564,-1.5,6.35564,1.71129
412,1.85515,-1.5,6.35515,1.7103
413,1.85466,-1.5,6.35466,1.70931
414,1.85417,-1.5,6.35417,1.70833
415,1.85367,-1.5,6.35367,1.70735
416,1.85318,-1.5,6.35318,1.70637
417,1.8527,-1.5,6.3527,1.70539
418,1.85221,-1.5,6.35221,1.70442
419,1.85172,-1.5,6.35172,1.70344
420,1.85123,-1.5,6.35123,1.70247
421,1.85075,-1.5,6.35075,1.7015
422,1.85026,-1.5,6.35026,1.70053
423,1.84978,-1.5,6.34978,1.69956
424,1.8493,-1.5,6.3493,1.6986
425,1.84882,-1.5,6.34882,1.69763
426,1.84834,-1.5,6.34834,1.69667
427,1.84786,-1.5,6.34786,1.69571
428,1.84738,-1.5,6.34738,1.69475
429,1.8469,-1.5,6.3469,1.6938
430,1.84642,-1.5,6.34642,1.69284
431,1.84595,-1.5,6.34595,1.69189
432,1.84547,-1.5,6.34547,1.69094
433,1.845,-1.5,6.345,1.68999
434,1.84452,-1.5,6.34452,1.68905
435,1.84405,-1.5,6.34405,1.6881
436,1.84358,-1.5,6.34358,1.68716
437,1.84311,-1.5,6.34311,1.68622
438,1.84264,-1.5,6.34264,1.68528
439,1.84217,-1.5,6.34217,1.68434
440,1.8417,-1.5,6.3417,1.6834
441,1.84123,-1.5,6.34123,1.68247
442,1.84077,-1.5,6.34077,1.68154
443,1.8403,-1.5,6.3403,1.6806
444,1.83984,-1.5,6.33984,1.67968
445,1.83937,-1.5,6.33937,1.67875
446,1.83891,-1.5,6.33891,1.67782
447,1.83845,-1.5,6.33845,1.6769
448,1.83799,-1.5,6.33799,1.67598
449,1.83753,-1.5,6.33753,1.67506
450,1.83707,-1.5,6.33707,1.67414
451,1.83661,-1.5,6.33661,1.67322
452,1.83615,-1.5,6.33615,1.67231
453,1.8357,-1.5,6.3357,1.6714
454,1.83524,-1.5,6.33524,1.67049
455,1.83479,-1.5,6.33479,1.66958
456,1.83434,-1.5,6.33434,1.66867
457,1.83388,-1.5,6.33388,1.66777
458,1.83343,-1.5,6.33343,1.66686
459,1.83298,-1.5,6.33298,1.66596
460,1.83253,-1.5,6.33253,1.66506
461,1.83208,-1.5,6.33208,1.66416
462,1.83163,-1.5,6.33163,1.66327
463,1.83119,-1.5,6.33119,1.66237
464,1.83074,-1.5,6.33074,1.66148
465,1.8303,-1.5,6.3303,1.66059
466,1.82985,-1.5,6.32985,1.6597
467,1.82941,-1.5,6.32941,1.65881
468,1.82896,-1.5,6.32896,1.65793
469,1.82852,-1.5,6.32852,1.65705
470,1.82808,-1.5,6.32808,1.65617
471,1.82764,-1.5,6.32764,1.65529
472,1.8272,-1.5,6.3272,1.65441
473,1.82677,-1.5,6.32677,1.65353
474,1.82633,-1.5,6.32633,1.65266
475,1.82589,-1.5,6.32589,1.65179
476,1.82546,-1.5,6.32546,1.65092
477,1.82503,-1.5,6.32503,1.65005
478,1.82459,-1.5,6.32459,1.64918
479,1.82416,-1.5,6.32416,1.64832
480,1.82373,-1.5,6.32373,1.64746
481,1.8233,-1.5,6.3233,1.6466
482,1.82287,-1.5,6.32287,1.64574
483,1.82244,-1.5,6.32244,1.64488
484,1.82201,-1.5,6.32201,1.64403
485,1.82159,-1.5,6.32159,1.64318
486,1.82116,-1.5,6.32116,1.64232
487,1.82074,-1.5,6.32074,1.64148
488,1.82031,-1.5,6.32031,1.64063
489,1.81989,-1.5,6.31989,1.63978
490,1.81947,-1.5,6.31947,1.63894
491,1.81905,-1.5,6.31905,1.6381
492,1.81863,-1.5,6.31863,1.63726
493,1.81821,-1.5,6.31821,1.63642
494,1.81779,-1.5,6.31779,1.63559
495,1.81738,-1.5,6.31738,1.63475
496,1.81696,-1.5,6.31696,1.63392
497,1.81655,-1.5,6.31655,1.63309
498,1.81613,-1.5,6.31613,1.63227
499,1.81572,-1.5,6.31572,1.63144
500,1.81531,-1.5,6.31531,1.63062
501,1.8149,-1.5,6.3149,1.62979
502,1.81449,-1.5,6.31449,1.62898
503,1.81408,-1.5,6.31408,1.62816
504,1.81367,-1.5,6.31367,1.62734
505,1.81326,-1.5,6.31326,1.62653
506,1.81286,-1.5,6.31286,1.62572
507,1.81245,-1.5,6.31245,1.62491
508,1.81205,-1.5,6.31205,1.6241
509,1.81165,-1.5,6.31165,1.62329
510,1.81124,-1.5,6.31124,1.62249
511,1.81084,-1.5,6.31084,1.62169
512,1.81044,-1.5,6.31044,1.62089
513,1.81004,-1.5,6.31004,1.62009
514,1.80965,-1.5,6.30965,1.61929
515,1.80925,-1.5,6.30925,1.6185
516,1.80885,-1.5,6.30885,1.61771
517,1.80846,-1.5,6.30846,1.61692
518,1.80807,-1.5,6.30807,1.61613
519,1.80767,-1.5,6.30767,1.61534
520,1.80728,-1.5,6.30728,1.61456
521,1.80689,-1.5,6.30689,1.61378
522,1.8065,-1.5,6.3065,1.613
523,1.80611,-1.5,6.30611,1.61222
524,1.80572,-1.5,6.30572,1.61145
525,1.80534,-1.5,6.30534,1.61067
526,1.80495,-1.5,6.30495,1.6099
527,1.80457,-1.5,6.30457,1.60913
528,1.80418,-1.5,6.30418,1.60836
529,1.8038,-1.5,6.3038,1.6076
530,1.80342,-1.5,6.30342,1.60684
531,1.80304,-1.5,6.30304,1.60607
532,1.80266,-1.5,6.30266,1.60531
533,1.80228,-1.5,6.30228,1.60456
534,1.8019,-1.5,6.3019,1.6038
535,1.80152,-1.5,6.30152,1.60305
536,1.80115,-1.5,6.30115,1.6023
537,1.80077,-1.5,6.30077,1.60155
538,1.8004,-1.5,6.3004,1.6008
539,1.80003,-1.5,6.30003,1.60006
540,1.79966,-1.5,6.29966,1.59931
541,1.79929,-1.5,6.29929,1.59857
542,1.79892,-1.5,6.29892,1.59783
543,1.79855,-1.5,6.29855,1.5971
544,1.79818,-1.5,6.29818,1.59636
545,1.79782,-1.5,6.29782,1.59563
546,1.79745,-1.5,6.29745,1.5949
547,1.79709,-1.5,6.29709,1.59417
548,1.79672,-1.5,6.29672,1.59345
549,1.79636,-1.5,6.29636,1.59272
550,1.796,-1.5,6.296,1.592
551,1.79564,-1.5,6.29564,1.59128
552,1.79528,-1.5,6.29528,1.59056
553,1.79492,-1.5,6.29492,1.58984
554,1.79457,-1.5,6.29457,1.58913
555,1.79421,-1.5,6.29421,1.58842
556,1.79385,-1.5,6.29385,1.58771
557,1.7935,-1.5,6.2935,1.587
558,1.79315,-1.5,6.29315,1.5863
559,1.7928,-1.5,6.2928,1.58559
560,1.79245,-1.5,6.29245,1.58489
561,1.7921,-1.5,6.2921,1.58419
562,1.79175,-1.5,6.29175,1.58349
563,1.7914,-1.5,6.2914,1.5828
564,1.79105,-1.5,6.29105,1.58211
565,1.79071,-1.5,6.29071,1.58142
566,1.79036,-1.5,6.29036,1.58073
567,1.79002,-1.5,6.29002,1.58004
568,1.78968,-1.5,6.28968,1.57936
569,1.78934,-1.5,6.28934,1.57867
570,1.789,-1.5,6.289,1.57799
571,1.78866,-1.5,6.28866,1.57731
572,1.78832,-1.5,6.28832,1.57664
573,1.78798,-1.5,6.28798,1.57596
574,1.78765,-1.5,6.28765,1.57529
575,1.78731,-1.5,6.28731,1.57462
576,1.78698,-1.5,6.28698,1.57395
577,1.78664,-1.5,6.28664,1.57329
578,1.78631,-1.5,6.28631,1.57262
579,1.78598,-1.5,6.28598,1.57196
580,1.78565,-1.5,6.28565,1.5713
581,1.78532,-1.5,6.28532,1.57065
582,1.785,-1.5,6.285,1.56999
583,1.78467,-1.5,6.28467,1.56934
584,1.78434,-1.5,6.28434,1.56869
585,1.78402,-1.5,6.28402,1.56804
586,1.7837,-1.5,6.2837,1.56739
587,1.78337,-1.5,6.28337,1.56675
588,1.78305,-1.5,6.28305,1.5661
589,1.78273,-1.5,6.28273,1.56546
590,1.78241,-1.5,6.28241,1.56482
591,1.78209,-1.5,6.28209,1.56419
592,1.78178,-1.5,6.28178,1.56355
593,1.78146,-1.5,6.28146,1.56292
594,1.78115,-1.5,6.28115,1.56229
595,1.78083,-1.5,6.28083,1.56166
596,1.78052,-1.5,6.28052,1.56104
597,1.78021,-1.5,6.28021,1.56041
598,1.7799,-1.5,6.2799,1.55979
599,1.77959,-1.5,6.27959,1.55917
600,1.77928,-1.5,6.27928,1.55855
601,1.77897,-1.5,6.27897,1.55794
602,1.77866,-1.5,6.27866,1.55732
603,1.77836,-1.5,6.27836,1.55671
604,1.77805,-1.5,6.27805,1.5561
605,1.77775,-1.5,6.27775,1.5555
606,1.77745,-1.5,6.27745,1.55489
607,1.77714,-1.5,6.27714,1.55429
608,1.77684,-1.5,6.27684,1.55369
609,1.77654,-1.5,6.27654,1.55309
610,1.77625,-1.5,6.27625,1.55249
611,1.77595,-1.5,6.27595,1.5519
612,1.77565,-1.5,6.27565,1.5513
613,1.77536,-1.5,6.27536,1.55071
614,1.77506,-1.5,6.27506,1.55012
615,1.77477,-1.5,6.27477,1.54954
616,1.77448,-1.5,6.27448,1.54895
617,1.77419,-1.5,6.27419,1.54837
618,1.7739,-1.5,6.2739,1.54779
619,1.77361,-1.5,6.27361,1.54721
620,1.77332,-1.5,6.27332,1.54664
621,1.77303,-1.5,6.27303,1.54606
622,1.77274,-1.5,6.27274,1.54549
623,1.77246,-1.5,6.27246,1.54492
624,1.77218,-1.5,6.27218,1.54435
625,1.77189,-1.5,6.27189,1.54379
626,1.77161,-1.5,6.27161,1.54322
627,1.77133,-1.5,6.27133,1.54266
628,1.77105,-1.5,6.27105,1.5421
629,1.77077,-1.5,6.27077,1.54154
630,1.77049,-1.5,6.27049,1.54099
631,1.77022,-1.5,6.27022,1.54043
632,1.76994,-1.5,6.26994,1.53988
633,1.76967,-1.5,6.26967,1.53933
634,1.76939,-1.5,6.26939,1.53878
635,1.76912,-1.5,6.26912,1.53824
636,1.76885,-1.5,6.26885,1.5377
637,1.76858,-1.5,6.26858,1.53715
638,1.76831,-1.5,6.26831,1.53661
639,1.76804,-1.5,6.26804,1.53608
640,1.76777,-1.5,6.26777,1.53554
641,1.7675,-1.5,6.2675,1.53501
642,1.76724,-1.5,6.26724,1.53448
643,1.76697,-1.5,6.26697,1.53395
644,1.76671,-1.5,6.26671,1.53342
645,1.76645,-1.5,6.26645,1.53289
646,1.76619,-1.5,6.26619,1.53237
647,1.76592,-1.5,6.26592,1.53185
648,1.76566,-1.5,6.26566,1.53133
649,1.76541,-1.5,6.26541,1.53081
650,1.76515,-1.5,6.26515,1.5303
651,1.76489,-1.5,6.26489,1.52978
652,1.76464,-1.5,6.26464,1.52927
653,1.76438,-1.5,6.26438,1.52876
654,1.76413,-1.5,6.26413,1.52825
655,1.76387,-1.5,6.26387,1.52775
656,1.76362,-1.5,6.26362,1.52725
657,1.76337,-1.5,6.26337,1.52674
658,1.76312,-1.5,6.26312,1.52624
659,1.76287,-1.5,6.26287,1.52575
660,1.76263,-1.5,6.26263,1.52525
661,1.76238,-1.5,6.26238,1.52476
662,1.76213,-1.5,6.26213,1.52427
663,1.76189,-1.5,6.26189,1.52378
664,1.76164,-1.5,6.26164,1.52329
665,1.7614,-1.5,6.2614,1.5228
666,1.76116,-1.5,6.26116,1.52232
667,1.76092,-1.5,6.26092,1.52184
668,1.76068,-1.5,6.26068,1.52136
669,1.76044,-1.5,6.26044,1.52088
670,1.7602,-1.5,6.2602,1.5204
671,1.75996,-1.5,6.25996,1.51993
672,1.75973,-1.5,6.25973,1.51945
673,1.75949,-1.5,6.25949,1.51898
674,1.75926,-1.5,6.25926,1.51851
675,1.75902,-1.5,6.25902,1.51805
676,1.75879,-1.5,6.25879,1.51758
677,1.75856,-1.5,6.25856,1.51712
678,1.75833,-1.5,6.25833,1.51666
679,1.7581,-1.5,6.2581,1.5162
680,1.75787,-1.5,6.25787,1.51574
681,1.75764,-1.5,6.25764,1.51529
682,1.75742,-1.5,6.25742,1.51483
683,1.75719,-1.5,6.25719,1.51438
684,1.75697,-1.5,6.25697,1.51393
685,1.75674,-1.5,6.25674,1.51348
686,1.75652,-1.5,6.25652,1.51304
687,1.7563,-1.5,6.2563,1.51259
688,1.75608,-1.5,6.25608,1.51215
689,1.75586,-1.5,6.25586,1.51171
690,1.75564,-1.5,6.25564,1.51127
691,1.75542,-1.5,6.25542,1.51084
692,1.7552,-1.5,6.2552,1.5104
693,1.75498,-1.5,6.25498,1.50997
694,1.75477,-1.5,6.25477,1.50954
695,1.75455,-1.5,6.25455,1.50911
696,1.75434,-1.5,6.25434,1.50868
697,1.75413,-1.5,6.25413,1.50825
698,1.75392,-1.5,6.25392,1.50783
699,1.7537,-1.5,6.2537,1.50741
700,1.75349,-1.5,6.25349,1.50699
701,1.75328,-1.5,6.25328,1.50657
702,1.75308,-1.5,6.25308,1.50615
703,1.75287,-1.5,6.25287,1.50574
704,1.75266,-1.5,6.25266,1.50532
705,1.75246,-1.5,6.25246,1.50491
706,1.75225,-1.5,6.25225,1.5045
707,1.75205,-1.5,6.25205,1.5041
708,1.75185,-1.5,6.25185,1.50369
709,1.75164,-1.5,6.25164,1.50329
710,1.75144,-1.5,6.25144,1.50288
711,1.75124,-1.5,6.25124,1.50248
712,1.75104,-1.5,6.25104,1.50208
713,1.75084,-1.5,6.25084,1.50169
714,1.75065,-1.5,6.25065,1.50129
715,1.75045,-1.5,6.25045,1.5009
716,1.75025,-1.5,6.25025,1.50051
717,1.75006,-1.5,6.25006,1.50012
718,1.74986,-1.5,6.24986,1.49973
719,1.74967,-1.5,6.24967,1.49934
720,1.74948,-1.5,6.24948,1.49896
721,1.74929,-1.5,6.24929,1.49857
722,1.7491,-1.5,6.2491,1.49819
723,1.74891,-1.5,6.24891,1.49781
724,1.74872,-1.5,6.24872,1.49743
725,1.74853,-1.5,6.24853,1.49706
726,1.74834,-1.5,6.24834,1.49668
727,1.74815,-1.5,6.24815,1.49631
728,1.74797,-1.5,6.24797,1.49594
729,1.74778,-1.5,6.24778,1.49557
730,1.7476,-1.5,6.2476,1.4952
731,1.74742,-1.5,6.24742,1.49483
732,1.74723,-1.5,6.24723,1.49447
733,1.74705,-1.5,6.24705,1.49411
734,1.74687,-1.5,6.24687,1.49374
735,1.74669,-1.5,6.24669,1.49338
736,1.74651,-1.5,6.24651,1.49303
737,1.74633,-1.5,6.24633,1.49267
738,1.74616,-1.5,6.24616,1.49231
739,1.74598,-1.5,6.24598,1.49196
740,1.74581,-1.5,6.24581,1.49161
741,1.74563,-1.5,6.24563,1.49126
742,1.74546,-1.5,6.24546,1.49091
743,1.74528,-1.5,6.24528,1.49057
744,1.74511,-1.5,6.24511,1.49022
745,1.74494,-1.5,6.24494,1.48988
746,1.74477,-1.5,6.24477,1.48954
747,1.7446,-1.5,6.2446,1.4892
748,1.74443,-1.5,6.24443,1.48886
749,1.74426,-1.5,6.24426,1.48852
750,1.74409,-1.5,6.24409,1.48818
751,1.74393,-1.5,6.24393,1.48785
752,1.74376,-1.5,6.24376,1.48752
753,1.74359,-1.5,6.24359,1.48719
754,1.74343,-1.5,6.24343,1.48686
755,1.74327,-1.5,6.24327,1.48653
756,1.7431,-1.5,6.2431,1.4862
757,1.74294,-1.5,6.24294,1.48588
758,1.74278,-1.5,6.24278,1.48556
759,1.74262,-1.5,6.24262,1.48524
760,1.74246,-1.5,6.24246,1.48492
761,1.7423,-1.5,6.2423,1.4846
762,1.74214,-1.5,6.24214,1.48428
763,1.74198,-1.5,6.24198,1.48396
764,1.74183,-1.5,6.24183,1.48365
765,1.74167,-1.5,6.24167,1.48334
766,1.74151,-1.5,6.24151,1.48303
767,1.74136,-1.5,6.24136,1.48272
768,1.74121,-1.5,6.24121,1.48241
769,1.74105,-1.5,6.24105,1.4821
770,1.7409,-1.5,6.2409,1.4818
771,1.74075,-1.5,6.24075,1.4815
772,1.7406,-1.5,6.2406,1.48119
773,1.74045,-1.5,6.24045,1.48089
774,1.7403,-1.5,6.2403,1.4806
775,1.74015,-1.5,6.24015,1.4803
776,1.74,-1.5,6.24,1.48
777,1.73985,-1.5,6.23985,1.47971
778,1.73971,-1.5,6.23971,1.47941
779,1.73956,-1.5,6.23956,1.47912
780,1.73942,-1.5,6.23942,1.47883
781,1.73927,-1.5,6.23927,1.47854
782,1.73913,-1.5,6.23913,1.47826
783,1.73899,-1.5,6.23899,1.47797
784,1.73884,-1.5,6.23884,1.47769
785,1.7387,-1.5,6.2387,1.4774
786,1.73856,-1.5,6.23856,1.47712
787,1.73842,-1.5,6.23842,1.47684
788,1.73828,-1.5,6.23828,1.47656
789,1.73814,-1.5,6.23814,1.47628
790,1.738,-1.5,6.238,1.47601
791,1.73787,-1.5,6.23787,1.47573
792,1.73773,-1.5,6.23773,1.47546
793,1.73759,-1.5,6.23759,1.47519
794,1.73746,-1.5,6.23746,1.47492
795,1.73732,-1.5,6.23732,1.47465
796,1.73719,-1.5,6.23719,1.47438
797,1.73706,-1.5,6.23706,1.47411
798,1.73692,-1.5,6.23692,1.47385
799,1.73679,-1.5,6.23679,1.47358
800,1.73666,-1.5,6.23666,1.47332
801,1.73653,-1.5,6.23653,1.47306
802,1.7364,-1.5,6.2364,1.4728
803,1.73627,-1.5,6.23627,1.47254
804,1.73614,-1.5,6.23614,1.47228
805,1.73601,-1.5,6.23601,1.47203
806,1.73589,-1.5,6.23589,1.47177
807,1.73576,-1.5,6.23576,1.47152
808,1.73563,-1.5,6.23563,1.47127
809,1.73551,-1.5,6.23551,1.47102
810,1.73538,-1.5,6.23538,1.47077
811,1.73526,-1.5,6.23526,1.47052
812,1.73514,-1.5,6.23514,1.47027
813,1.73501,-1.5,6.23501,1.47003
814,1.73489,-1.5,6.23489,1.46978
815,1.73477,-1.5,6.23477,1.46954
816,1.73465,-1.5,6.23465,1.4693
817,1.73453,-1.5,6.23453,1.46906
818,1.73441,-1.5,6.23441,1.46882
819,1.73429,-1.5,6.23429,1.46858
820,1.73417,-1.5,6.23417,1.46834
821,1.73405,-1.5,6.23405,1.46811
822,1.73394,-1.5,6.23394,1.46787
823,1.73382,-1.5,6.23382,1.46764
824,1.7337,-1.5,6.2337,1.46741
825,1.73359,-1.5,6.23359,1.46718
826,1.73347,-1.5,6.23347,1.46695
827,1.73336,-1.5,6.23336,1.46672
828,1.73325,-1.5,6.23325,1.46649
829,1.73313,-1.5,6.23313,1.46627
830,1.73302,-1.5,6.23302,1.46604
831,1.73291,-1.5,6.23291,1.46582
832,1.7328,-1.5,6.2328,1.46559
833,1.73269,-1.5,6.23269,1.46537
834,1.73258,-1.5,6.23258,1.46515
835,1.73247,-1.5,6.23247,1.46493
836,1.73236,-1.5,6.23236,1.46472
837,1.73225,-1.5,6.23225,1.4645
838,1.73214,-1.5,6.23214,1.46428
839,1.73204,-1.5,6.23204,1.46407
840,1.73193,-1.5,6.23193,1.46386
841,1.73182,-1.5,6.23182,1.46365
842,1.73172,-1.5,6.23172,1.46343
843,1.73161,-1.5,6.23161,1.46322
844,1.73151,-1.5,6.23151,1.46302
845,1.7314,-1.5,6.2314,1.46281
846,1.7313,-1.5,6.2313,1.4626
847,1.7312,-1.5,6.2312,1.4624
848,1.7311,-1.5,6.2311,1.46219
849,1.73099,-1.5,6.23099,1.46199
850,1.73089,-1.5,6.23089,1.46179
851,1.73079,-1.5,6.23079,1.46159
852,1.73069,-1.5,6.23069,1.46139
853,1.73059,-1.5,6.23059,1.46119
854,1.7305,-1.5,6.2305,1.46099
855,1.7304,-1.5,6.2304,1.46079
856,1.7303,-1.5,6.2303,1.4606
857,1.7302,-1.5,6.2302,1.4604
858,1.73011,-1.5,6.23011,1.46021
859,1.73001,-1.5,6.23001,1.46002
860,1.72991,-1.5,6.22991,1.45983
861,1.72982,-1.5,6.22982,1.45964
862,1.72972,-1.5,6.22972,1.45945
863,1.72963,-1.5,6.22963,1.45926
864,1.72954,-1.5,6.22954,1.45907
865,1.72944,-1.5,6.22944,1.45889
866,1.72935,-1.5,6.22935,1.4587
867,1.72926,-1.5,6.22926,1.45852
868,1.72917,-1.5,6.22917,1.45833
869,1.72908,-1.5,6.22908,1.45815
870,1.72899,-1.5,6.22899,1.45797
871,1.7289,-1.5,6.2289,1.45779
872,1.72881,-1.5,6.22881,1.45761
873,1.72872,-1.5,6.22872,1.45743
874,1.72863,-1.5,6.22863,1.45726
875,1.72854,-1.5,6.22854,1.45708
876,1.72845,-1.5,6.22845,1.45691
877,1.72837,-1.5,6.22837,1.45673
878,1.72828,-1.5,6.22828,1.45656
879,1.72819,-1.5,6.22819,1.45639
880,1.72811,-1.5,6.22811,1.45621
881,1.72802,-1.5,6.22802,1.45604
882,1.72794,-1.5,6.22794,1.45587
883,1.72785,-1.5,6.22785,1.45571
884,1.72777,-1.5,6.22777,1.45554
885,1.72769,-1.5,6.22769,1.45537
886,1.7276,-1.5,6.2276,1.45521
887,1.72752,-1.5,6.22752,1.45504
888,1.72744,-1.5,6.22744,1.45488
889,1.72736,-1.5,6.22736,1.45472
890,1.72728,-1.5,6.22728,1.45455
891,1.7272,-1.5,6.2272,1.45439
892,1.72712,-1.5,6.22712,1.45423
893,1.72704,-1.5,6.22704,1.45407
894,1.72696,-1.5,6.22696,1.45392
895,1.72688,-1.5,6.22688,1.45376
896,1.7268,-1.5,6.2268,1.4536
897,1.72672,-1.5,6.22672,1.45345
898,1.72665,-1.5,6.22665,1.45329
899,1.72657,-1.5,6.22657,1.45314
900,1.72649,-1.5,6.22649,1.45298
901,1.72642,-1.5,6.22642,1.45283
902,1.72634,-1.5,6.22634,1.45268
903,1.72627,-1.5,6.22627,1.45253
904,1.72619,-1.5,6.22619,1.45238
905,1.72612,-1.5,6.22612,1.45223
906,1.72604,-1.5,6.22604,1.45208
907,1.72597,-1.5,6.22597,1.45194
908,1.7259,-1.5,6.2259,1.45179
909,1.72582,-1.5,6.22582,1.45165
910,1.72575,-1.5,6.22575,1.4515
911,1.72568,-1.5,6.22568,1.45136
912,1.72561,-1.5,6.22561,1.45121
913,1.72554,-1.5,6.22554,1.45107
914,1.72547,-1.5,6.22547,1.45093
915,1.7254,-1.5,6.2254,1.45079
916,1.72533,-1.5,6.22533,1.45065
917,1.72526,-1.5,6.22526,1.45051
918,1.72519,-1.5,6.22519,1.45037
919,1.72512,-1.5,6.22512,1.45024
920,1.72505,-1.5,6.22505,1.4501
921,1.72498,-1.5,6.22498,1.44997
922,1.72492,-1.5,6.22492,1.44983
923,1.72485,-1.5,6.22485,1.4497
924,1.72478,-1.5,6.22478,1.44956
925,1.72472,-1.5,6.22472,1.44943
926,1.72465,-1.5,6.22465,1.4493
927,1.72458,-1.5,6.22458,1.44917
928,1.72452,-1.5,6.22452,1.44904
929,1.72445,-1.5,6.22445,1.44891
930,1.72439,-1.5,6.22439,1.44878
931,1.72433,-1.5,6.22433,1.44865
932,1.72426,-1.5,6.22426,1.44853
933,1.7242,-1.5,6.2242,1.4484
934,1.72414,-1.5,6.22414,1.44827
935,1.72407,-1.5,6.22407,1.44815
936,1.72401,-1.5,6.22401,1.44802
937,1.72395,-1.5,6.22395,1.4479
938,1.72389,-1.5,6.22389,1.44778
939,1.72383,-1.5,6.22383,1.44766
940,1.72377,-1.5,6.22377,1.44753
941,1.72371,-1.5,6.22371,1.44741
942,1.72365,-1.5,6.22365,1.44729
943,1.72359,-1.5,6.22359,1.44717
944,1.72353,-1.5,6.22353,1.44706
945,1.72347,-1.5,6.22347,1.44694
946,1.72341,-1.5,6.22341,1.44682
947,1.72335,-1.5,6.22335,1.4467
948,1.72329,-1.5,6.22329,1.44659
949,1.72324,-1.5,6.22324,1.44647
950,1.72318,-1.5,6.22318,1.44636
951,1.72312,-1.5,6.22312,1.44625
952,1.72307,-1.5,6.22307,1.44613
953,1.72301,-1.5,6.22301,1.44602
954,1.72295,-1.5,6.22295,1.44591
955,1.7229,-1.5,6.2229,1.4458
956,1.72284,-1.5,6.22284,1.44569
957,1.72279,-1.5,6.22279,1.44558
958,1.72273,-1.5,6.22273,1.44547
959,1.72268,-1.5,6.22268,1.44536
960,1.72263,-1.5,6.22263,1.44525
961,1.72257,-1.5,6.22257,1.44515
962,1.72252,-1.5,6.22252,1.44504
963,1.72247,-1.5,6.22247,1.44493
964,1.72241,-1.5,6.22241,1.44483
965,1.72236,-1.5,6.22236,1.44472
966,1.72231,-1.5,6.22231,1.44462
967,1.72226,-1.5,6.22226,1.44452
968,1.72221,-1.5,6.22221,1.44441
969,1.72216,-1.5,6.22216,1.44431
970,1.72211,-1.5,6.22211,1.44421
971,1.72205,-1.5,6.22205,1.44411
972,1.722,-1.5,6.222,1.44401
973,1.72195,-1.5,6.22195,1.44391
974,1.72191,-1.5,6.22191,1.44381
975,1.72186,-1.5,6.22186,1.44371
976,1.72181,-1.5,6.22181,1.44361
977,1.72176,-1.5,6.22176,1.44352
978,1.72171,-1.5,6.22171,1.44342
979,1.72166,-1.5,6.22166,1.44332
980,1.72161,-1.5,6.22161,1.44323
981,1.72157,-1.5,6.22157,1.44313
982,1.72152,-1.5,6.22152,1.44304
983,1.72147,-1.5,6.22147,1.44295
984,1.72143,-1.5,6.22143,1.44285
985,1.72138,-1.5,6.22138,1.44276
986,1.72133,-1.5,6.22133,1.44267
987,1.72129,-1.5,6.22129,1.44258
988,1.72124,-1.5,6.22124,1.44249
989,1.7212,-1.5,6.2212,1.4424
990,1.72115,-1.5,6.22115,1.44231
991,1.72111,-1.5,6.22111,1.44222
992,1.72106,-1.5,6.22106,1.44213
993,1.72102,-1.5,6.22102,1.44204
994,1.72098,-1.5,6.22098,1.44195
995,1.72093,-1.5,6.22093,1.44186
996,1.72089,-1.5,6.22089,1.44178
997,1.72085,-1.5,6.22085,1.44169
998,1.7208,-1.5,6.2208,1.44161
999,1.72076,-1.5,6.22076,1.44152
1000,1.72072,-1.5,6.22072,1.44144
1001,1.72068,-1.5,6.22068,1.44135
1002,1.72063,-1.5,6.22063,1.44127
1003,1.72059,-1.5,6.22059,1.44119
1004,1.72055,-1.5,6.22055,1.4411
1005,1.72051,-1.5,6.22051,1.44102
1006,1.72047,-1.5,6.22047,1.44094
1007,1.72043,-1.5,6.22043,1.44086
1008,1.72039,-1.5,6.22039,1.44078
1009,1.72035,-1.5,6.22035,1.4407
1010,1.72031,-1.5,6.22031,1.44062
1011,1.72027,-1.5,6.22027,1.44054
1012,1.72023,-1.5,6.22023,1.44046
1013,1.72019,-1.5,6.22019,1.44039
1014,1.72015,-1.5,6.22015,1.44031
1015,1.72012,-1.5,6.22012,1.44023
1016,1.72008,-1.5,6.22008,1.44015
1017,1.72004,-1.5,6.22004,1.44008
1018,1.72,-1.5,6.22,1.44
1019,1.71996,-1.5,6.21996,1.43993
1020,1.71993,-1.5,6.21993,1.43985
1021,1.71989,-1.5,6.21989,1.43978
1022,1.71985,-1.5,6.21985,1.43971
1023,1.71982,-1.5,6.21982,1.43963
1024,1.71978,-1.5,6.21978,1.43956
1025,1.71974,-1.5,6.21974,1.43949
1026,1.71971,-1.5,6.21971,1.43942
1027,1.71967,-1.5,6.21967,1.43934
1028,1.71964,-1.5,6.21964,1.43927
1029,1.7196,-1.5,6.2196,1.4392
1030,1.71957,-1.5,6.21957,1.43913
1031,1.71953,-1.5,6.21953,1.43906
1032,1.7195,-1.5,6.2195,1.43899
1033,1.71946,-1.5,6.21946,1.43892
1034,1.71943,-1.5,6.21943,1.43886
1035,1.71939,-1.5,6.21939,1.43879
1036,1.71936,-1.5,6.21936,1.43872
1037,1.71933,-1.5,6.21933,1.43865
1038,1.71929,-1.5,6.21929,1.43859
1039,1.71926,-1.5,6.21926,1.43852
1040,1.71923,-1.5,6.21923,1.43845
1041,1.71919,-1.5,6.21919,1.43839
1042,1.71916,-1.5,6.21916,1.43832
1043,1.71913,-1.5,6.21913,1.43826
1044,1.7191,-1.5,6.2191,1.4382
1045,1.71907,-1.5,6.21907,1.43813
1046,1.71903,-1.5,6.21903,1.43807
1047,1.719,-1.5,6.219,1.43801
1048,1.71897,-1.5,6.21897,1.43794
1049,1.71894,-1.5,6.21894,1.43788
1050,1.71891,-1.5,6.21891,1.43782
1051,1.71888,-1.5,6.21888,1.43776
1052,1.71885,-1.5,6.21885,1.4377
1053,1.71882,-1.5,6.21882,1.43764
1054,1.71879,-1.5,6.21879,1.43758
1055,1.71876,-1.5,6.21876,1.43752
1056,1.71873,-1.5,6.21873,1.43746
1057,1.7187,-1.5,6.2187,1.4374
1058,1.71867,-1.5,6.21867,1.43734
1059,1.71864,-1.5,6.21864,1.43728
1060,1.71861,-1.5,6.21861,1.43722
1061,1.71858,-1.5,6.21858,1.43716
1062,1.71855,-1.5,6.21855,1.43711
1063,1.71853,-1.5,6.21853,1.43705
1064,1.7185,-1.5,6.2185,1.43699
1065,1.71847,-1.5,6.21847,1.43694
1066,1.71844,-1.5,6.21844,1.43688
1067,1.71841,-1.5,6.21841,1.43683
1068,1.71839,-1.5,6.21839,1.43677
1069,1.71836,-1.5,6.21836,1.43672
1070,1.71833,-1.5,6.21833,1.43666
1071,1.7183,-1.5,6.2183,1.43661
1072,1.71828,-1.5,6.21828,1.43655
1073,1.71825,-1.5,6.21825,1.4365
1074,1.71822,-1.5,6.21822,1.43645
1075,1.7182,-1.5,6.2182,1.4364
1076,1.71817,-1.5,6.21817,1.43634
1077,1.71815,-1.5,6.21815,1.43629
1078,1.71812,-1.5,6.21812,1.43624
1079,1.71809,-1.5,6.21809,1.43619
1080,1.71807,-1.5,6.21807,1.43614
1081,1.71804,-1.5,6.21804,1.43609
1082,1.71802,-1.5,6.21802,1.43604
1083,1.71799,-1.5,6.21799,1.43599
1084,1.71797,-1.5,6.21797,1.43594
1085,1.71794,-1.5,6.21794,1.43589
1086,1.71792,-1.5,6.21792,1.43584
1087,1.71789,-1.5,6.21789,1.43579
1088,1.71787,-1.5,6.21787,1.43574
1089,1.71785,-1.5,6.21785,1.43569
1090,1.71782,-1.5,6.21782,1.43564
1091,1.7178,-1.5,6.2178,1.4356
1092,1.71778,-1.5,6.21778,1.43555
1093,1.71775,-1.5,6.21775,1.4355
1094,1.71773,-1.5,6.21773,1.43546
1095,1.71771,-1.5,6.21771,1.43541
1096,1.71768,-1.5,6.21768,1.43536
1097,1.71766,-1.5,6.21766,1.43532
1098,1.71764,-1.5,6.21764,1.43527
1099,1.71761,-1.5,6.21761,1.43523
1100,1.71759,-1.5,6.21759,1.43518
1101,1.71757,-1.5,6.21757,1.43514
1102,1.71755,-1.5,6.21755,1.43509
1103,1.71753,-1.5,6.21753,1.43505
1104,1.7175,-1.5,6.2175,1.43501
1105,1.71748,-1.5,6.21748,1.43496
1106,1.71746,-1.5,6.21746,1.43492
1107,1.71744,-1.5,6.21744,1.43488
1108,1.71742,-1.5,6.21742,1.43484
1109,1.7174,-1.5,6.2174,1.43479
1110,1.71738,-1.5,6.21738,1.43475
1111,1.71735,-1.5,6.21735,1.43471
1112,1.71733,-1.5,6.21733,1.43467
1113,1.71731,-1.5,6.21731,1.43463
1114,1.71729,-1.5,6.21729,1.43459
1115,1.71727,-1.5,6.21727,1.43455
1116,1.71725,-1.5,6.21725,1.4345
1117,1.71723,-1.5,6.21723,1.43446
1118,1.71721,-1.5,6.21721,1.43442
1119,1.71719,-1.5,6.21719,1.43439
1120,1.71717,-1.5,6.21717,1.43435
1121,1.71715,-1.5,6.21715,1.43431
1122,1.71713,-1.5,6.21713,1.43427
1123,1.71711,-1.5,6.21711,1.43423
1124,1.7171,-1.5,6.2171,1.43419
1125,1.71708,-1.5,6.21708,1.43415
1126,1.71706,-1.5,6.21706,1.43412
1127,1.71704,-1.5,6.21704,1.43408
1128,1.71702,-1.5,6.21702,1.43404
1129,1.717,-1.5,6.217,1.434
1130,1.71698,-1.5,6.21698,1.43397
1131,1.71696,-1.5,6.21696,1.43393
1132,1.71695,-1.5,6.21695,1.43389
1133,1.71693,-1.5,6.21693,1.43386
1134,1.71691,-1.5,6.21691,1.43382
1135,1.71689,-1.5,6.21689,1.43379
1136,1.71688,-1.5,6.21688,1.43375
1137,1.71686,-1.5,6.21686,1.43372
1138,1.71684,-1.5,6.21684,1.43368
1139,1.71682,-1.5,6.21682,1.43365
1140,1.71681,-1.5,6.21681,1.43361
1141,1.71679,-1.5,6.21679,1.43358
1142,1.71677,-1.5,6.21677,1.43354
1143,1.71675,-1.5,6.21675,1.43351
1144,1.71674,-1.5,6.21674,1.43348
1145,1.71672,-1.5,6.21672,1.43344
1146,1.7167,-1.5,6.2167,1.43341
1147,1.71669,-1.5,6.21669,1.43338
1148,1.71667,-1.5,6.21667,1.43334
1149,1.71666,-1.5,6.21666,1.43331
1150,1.71664,-1.5,6.21664,1.43328
1151,1.71662,-1.5,6.21662,1.43325
1152,1.71661,-1.5,6.21661,1.43321
1153,1.71659,-1.5,6.21659,1.43318
1154,1.71658,-1.5,6.21658,1.43315
1155,1.71656,-1.5,6.21656,1.43312
1156,1.71654,-1.5,6.21654,1.43309
1157,1.71653,-1.5,6.21653,1.43306
1158,1.71651,-1.5,6.21651,1.43303
1159,1.7165,-1.5,6.2165,1.433
1160,1.71648,-1.5,6.21648,1.43297
1161,1.71647,-1.5,6.21647,1.43294
1162,1.71645,-1.5,6.21645,1.43291
1163,1.71644,-1.5,6.21644,1.43288
1164,1.71642,-1.5,6.21642,1.43285
1165,1.71641,-1.5,6.21641,1.43282
1166,1.7164,-1.5,6.2164,1.43279
1167,1.71638,-1.5,6.21638,1.43276
1168,1.71637,-1.5,6.21637,1.43273
1169,1.71635,-1.5,6.21635,1.4327
1170,1.71634,-1.5,6.21634,1.43268
1171,1.71632,-1.5,6.21632,1.43265
1172,1.71631,-1.5,6.21631,1.43262
1173,1.7163,-1.5,6.2163,1.43259
1174,1.71628,-1.5,6.21628,1.43256
1175,1.71627,-1.5,6.21627,1.43254
1176,1.71626,-1.5,6.21626,1.43251
1177,1.71624,-1.5,6.21624,1.43248
1178,1.71623,-1.5,6.21623,1.43246
1179,1.71621,-1.5,6.21621,1.43243
1180,1.7162,-1.5,6.2162,1.4324
1181,1.71619,-1.5,6.21619,1.43238
1182,1.71618,-1.5,6.21618,1.43235
1183,1.71616,-1.5,6.21616,1.43233
1184,1.71615,-1.5,6.21615,1.4323
1185,1.71614,-1.5,6.21614,1.43227
1186,1.71612,-1.5,6.21612,1.43225
1187,1.71611,-1.5,6.21611,1.43222
1188,1.7161,-1.5,6.2161,1.4322
1189,1.71609,-1.5,6.21609,1.43217
1190,1.71607,-1.5,6.21607,1.43215
1191,1.71606,-1.5,6.21606,1.43212
1192,1.71605,-1.5,6.21605,1.4321
1193,1.71604,-1.5,6.21604,1.43208
1194,1.71603,-1.5,6.21603,1.43205
1195,1.71601,-1.5,6.21601,1.43203
1196,1.716,-1.5,6.216,1.432
1197,1.71599,-1.5,6.21599,1.43198
1198,1.71598,-1.5,6.21598,1.43196
1199,1.71597,-1.5,6.21597,1.43193
1200,1.71596,-1.5,6.21596,1.43191
1201,1.71594,-1.5,6.21594,1.43189
1202,1.71593,-1.5,6.21593,1.43186
1203,1.71592,-1.5,6.21592,1.43184
1204,1.71591,-1.5,6.21591,1.43182
1205,1.7159,-1.5,6.2159,1.4318
1206,1.71589,-1.5,6.21589,1.43177
1207,1.71588,-1.5,6.21588,1.43175
1208,1.71587,-1.5,6.21587,1.43173
1209,1.71585,-1.5,6.21585,1.43171
1210,1.71584,-1.5,6.21584,1.43169
1211,1.71583,-1.5,6.21583,1.43167
1212,1.71582,-1.5,6.21582,1.43164
1213,1.71581,-1.5,6.21581,1.43162
1214,1.7158,-1.5,6.2158,1.4316
1215,1.71579,-1.5,6.21579,1.43158
1216,1.71578,-1.5,6.21578,1.43156
1217,1.71577,-1.5,6.21577,1.43154
1218,1.71576,-1.5,6.21576,1.43152
1219,1.71575,-1.5,6.21575,1.4315
1220,1.71574,-1.5,6.21574,1.43148
1221,1.71573,-1.5,6.21573,1.43146
1222,1.71572,-1.5,6.21572,1.43144
1223,1.71571,-1.5,6.21571,1.43142
1224,1.7157,-1.5,6.2157,1.4314
1225,1.71569,-1.5,6.21569,1.43138
1226,1.71568,-1.5,6.21568,1.43136
1227,1.71567,-1.5,6.21567,1.43134
1228,1.71566,-1.5,6.21566,1.43132
1229,1.71565,-1.5,6.21565,1.4313
1230,1.71564,-1.5,6.21564,1.43128
1231,1.71563,-1.5,6.21563,1.43127
1232,1.71562,-1.5,6.21562,1.43125
1233,1.71561,-1.5,6.21561,1.43123
1234,1.71561,-1.5,6.21561,1.43121
1235,1.7156,-1.5,6.2156,1.43119
1236,1.71559,-1.5,6.21559,1.43117
1237,1.71558,-1.5,6.21558,1.43116
1238,1.71557,-1.5,6.21557,1.43114
1239,1.71556,-1.5,6.21556,1.43112
1240,1.71555,-1.5,6.21555,1.4311
1241,1.71554,-1.5,6.21554,1.43109
1242,1.71553,-1.5,6.21553,1.43107
1243,1.71553,-1.5,6.21553,1.43105
1244,1.71552,-1.5,6.21552,1.43103
1245,1.71551,-1.5,6.21551,1.43102
1246,1.7155,-1.5,6.2155,1.431
1247,1.71549,-1.5,6.21549,1.43098
1248,1.71548,-1.5,6.21548,1.43097
1249,1.71547,-1.5,6.21547,1.43095
1250,1.71547,-1.5,6.21547,1.43093
1251,1.71546,-1.5,6.21546,1.43092
1252,1.71545,-1.5,6.21545,1.4309
1253,1.71544,-1.5,6.21544,1.43088
1254,1.71543,-1.5,6.21543,1.43087
1255,1.71543,-1.5,6.21543,1.43085
1256,1.71542,-1.5,6.21542,1.43084
1257,1.71541,-1.5,6.21541,1.43082
1258,1.7154,-1.5,6.2154,1.43081
1259,1.71539,-1.5,6.21539,1.43079
1260,1.71539,-1.5,6.21539,1.43077
1261,1.71538,-1.5,6.21538,1.43076
1262,1.71537,-1.5,6.21537,1.43074
1263,1.71536,-1.5,6.21536,1.43073
1264,1.71536,-1.5,6.21536,1.43071
1265,1.71535,-1.5,6.21535,1.4307
1266,1.71534,-1.5,6.21534,1.43068
1267,1.71533,-1.5,6.21533,1.43067
1268,1.71533,-1.5,6.21533,1.43066
1269,1.71532,-1.5,6.21532,1.43064
1270,1.71531,-1.5,6.21531,1.43063
1271,1.71531,-1.5,6.21531,1.43061
1272,1.7153,-1.5,6.2153,1.4306
1273,1.71529,-1.5,6.21529,1.43058
1274,1.71528,-1.5,6.21528,1.43057
1275,1.71528,-1.5,6.21528,1.43056
1276,1.71527,-1.5,6.21527,1.43054
1277,1.71526,-1.5,6.21526,1.43053
1278,1.71526,-1.5,6.21526,1.43051
1279,1.71525,-1.5,6.21525,1.4305
1280,1.71524,-1.5,6.21524,1.43049
1281,1.71524,-1.5,6.21524,1.43047
1282,1.71523,-1.5,6.21523,1.43046
1283,1.71522,-1.5,6.21522,1.43045
1284,1.71522,-1.5,6.21522,1.43044
1285,1.71521,-1.5,6.21521,1.43042
1286,1.7152,-1.5,6.2152,1.43041
1287,1.7152,-1.5,6.2152,1.4304
1288,1.71519,-1.5,6.21519,1.43038
1289,1.71519,-1.5,6.21519,1.43037
1290,1.71518,-1.5,6.21518,1.43036
1291,1.71517,-1.5,6.21517,1.43035
1292,1.71517,-1.5,6.21517,1.43033
1293,1.71516,-1.5,6.21516,1.43032
1294,1.71515,-1.5,6.21515,1.43031
1295,1.71515,-1.5,6.21515,1.4303
1296,1.71514,-1.5,6.21514,1.43029
1297,1.71514,-1.5,6.21514,1.43027
1298,1.71513,-1.5,6.21513,1.43026
1299,1.71512,-1.5,6.21512,1.43025
1300,1.71512,-1.5,6.21512,1.43024
1301,1.71511,-1.5,6.21511,1.43023
1302,1.71511,-1.5,6.21511,1.43022
1303,1.7151,-1.5,6.2151,1.4302
1304,1.7151,-1.5,6.2151,1.43019
1305,1.71509,-1.5,6.21509,1.43018
1306,1.71508,-1.5,6.21508,1.43017
1307,1.71508,-1.5,6.21508,1.43016
1308,1.71507,-1.5,6.21507,1.43015
1309,1.71507,-1.5,6.21507,1.43014
1310,1.71506,-1.5,6.21506,1.43013
1311,1.71506,-1.5,6.21506,1.43011
1312,1.71505,-1.5,6.21505,1.4301
1313,1.71505,-1.5,6.21505,1.43009
1314,1.71504,-1.5,6.21504,1.43008
1315,1.71504,-1.5,6.21504,1.43007
1316,1.71503,-1.5,6.21503,1.43006
1317,1.71503,-1.5,6.21503,1.43005
1318,1.71502,-1.5,6.21502,1.43004
1319,1.71502,-1.5,6.21502,1.43003
1320,1.71501,-1.5,6.21501,1.43002
1321,1.71501,-1.5,6.21501,1.43001
1322,1.715,-1.5,6.215,1.43
1323,1.715,-1.5,6.215,1.42999
1324,1.71499,-1.5,6.21499,1.42998
1325,1.71499,-1.5,6.21499,1.42997
1326,1.71498,-1.5,6.21498,1.42996
1327,1.71498,-1.5,6.21498,1.42995
1328,1.71497,-1.5,6.21497,1.42994
1329,1.71497,-1.5,6.21497,1.42993
1330,1.71496,-1.5,6.21496,1.42992
1331,1.71496,-1.5,6.21496,1.42991
1332,1.71495,-1.5,6.21495,1.4299
1333,1.71495,-1.5,6.21495,1.42989
1334,1.71494,-1.5,6.21494,1.42989
1335,1.71494,-1.5,6.21494,1.42988
1336,1.71493,-1.5,6.21493,1.42987
1337,1.71493,-1.5,6.21493,1.42986
1338,1.71492,-1.5,6.21492,1.42985
1339,1.71492,-1.5,6.21492,1.42984
1340,1.71492,-1.5,6.21492,1.42983
1341,1.71491,-1.5,6.21491,1.42982
1342,1.71491,-1.5,6.21491,1.42981
1343,1.7149,-1.5,6.2149,1.4298
1344,1.7149,-1.5,6.2149,1.4298
1345,1.71489,-1.5,6.21489,1.42979
1346,1.71489,-1.5,6.21489,1.42978
1347,1.71489,-1.5,6.21489,1.42977
1348,1.71488,-1.5,6.21488,1.42976
1349,1.71488,-1.5,6.21488,1.42975
1350,1.71487,-1.5,6.21487,1.42975
1351,1.71487,-1.5,6.21487,1.42974
1352,1.71486,-1.5,6.21486,1.42973
1353,1.71486,-1.5,6.21486,1.42972
1354,1.71486,-1.5,6.21486,1.42971
1355,1.71485,-1.5,6.21485,1.42971
1356,1.71485,-1.5,6.21485,1.4297
1357,1.71484,-1.5,6.21484,1.42969
1358,1.71484,-1.5,6.21484,1.42968
1359,1.71484,-1.5,6.21484,1.42967
1360,1.71483,-1.5,6.21483,1.42967
1361,1.71483,-1.5,6.21483,1.42966
1362,1.71483,-1.5,6.21483,1.42965
1363,1.71482,-1.5,6.21482,1.42964
1364,1.71482,-1.5,6.21482,1.42964
1365,1.71481,-1.5,6.21481,1.42963
1366,1.71481,-1.5,6.21481,1.42962
1367,1.71481,-1.5,6.21481,1.42961
1368,1.7148,-1.5,6.2148,1.42961
1369,1.7148,-1.5,6.2148,1.4296
1370,1.7148,-1.5,6.2148,1.42959
1371,1.71479,-1.5,6.21479,1.42958
1372,1.71479,-1.5,6.21479,1.42958
1373,1.71479,-1.5,6.21479,1.42957
1374,1.71478,-1.5,6.21478,1.42956
1375,1.71478,-1.5,6.21478,1.42956
1376,1.71477,-1.5,6.21477,1.42955
1377,1.71477,-1.5,6.21477,1.42954
1378,1.71477,-1.5,6.21477,1.42954
1379,1.71476,-1.5,6.21476,1.42953
1380,1.71476,-1.5,6.21476,1.42952
1381,1.71476,-1.5,6.21476,1.42952
1382,1.71475,-1.5,6.21475,1.42951
1383,1.71475,-1.5,6.21475,1.4295
1384,1.71475,-1.5,6.21475,1.4295
1385,1.71474,-1.5,6.21474,1.42949
1386,1.71474,-1.5,6.21474,1.42948
1387,1.71474,-1.5,6.21474,1.42948
1388,1.71474,-1.5,6.21474,1.42947
1389,1.71473,-1.5,6.21473,1.42946
1390,1.71473,-1.5,6.21473,1.42946
1391,1.71473,-1.5,6.21473,1.42945
1392,1.71472,-1.5,6.21472,1.42945
1393,1.71472,-1.5,6.21472,1.42944
1394,1.71472,-1.5,6.21472,1.42943
1395,1.71471,-1.5,6.21471,1.42943
1396,1.71471,-1.5,6.21471,1.42942
1397,1.71471,-1.5,6.21471,1.42942
1398,1.7147,-1.5,6.2147,1.42941
1399,1.7147,-1.5,6.2147,1.4294
1400,1.7147,-1.5,6.2147,1.4294
1401,1.7147,-1.5,6.2147,1.42939
1402,1.71469,-1.5,6.21469,1.42939
1403,1.71469,-1.5,6.21469,1.42938
1404,1.71469,-1.5,6.21469,1.42937
1405,1.71468,-1.5,6.21468,1.42937
1406,1.71468,-1.5,6.21468,1.42936
1407,1.71468,-1.5,6.21468,1.42936
1408,1.71468,-1.5,6.21468,1.42935
1409,1.71467,-1.5,6.21467,1.42935
1410,1.71467,-1.5,6.21467,1.42934
1411,1.71467,-1.5,6.21467,1.42934
1412,1.71467,-1.5,6.21467,1.42933
1413,1.71466,-1.5,6.21466,1.42933
1414,1.71466,-1.5,6.21466,1.42932
1415,1.71466,-1.5,6.21466,1.42931
1416,1.71465,-1.5,6.21465,1.42931
1417,1.71465,-1.5,6.21465,1.4293
1418,1.71465,-1.5,6.21465,1.4293
1419,1.71465,-1.5,6.21465,1.42929
1420,1.71464,-1.5,6.21464,1.42929
1421,1.71464,-1.5,6.21464,1.42928
1422,1.71464,-1.5,6.21464,1.42928
1423,1.71464,-1.5,6.21464,1.42927
1424,1.71463,-1.5,6.21463,1.42927
1425,1.71463,-1.5,6.21463,1.42926
1426,1.71463,-1.5,6.21463,1.42926
1427,1.71463,-1.5,6.21463,1.42925
1428,1.71462,-1.5,6.21462,1.42925
1429,1.71462,-1.5,6.21462,1.42925
1430,1.71462,-1.5,6.21462,1.42924
1431,1.71462,-1.5,6.21462,1.42924
1432,1.71462,-1.5,6.21462,1.42923
1433,1.71461,-1.5,6.21461,1.42923
1434,1.71461,-1.5,6.21461,1.42922
1435,1.71461,-1.5,6.21461,1.42922
1436,1.71461,-1.5,6.21461,1.42921
1437,1.7146,-1.5,6.2146,1.42921
1438,1.7146,-1.5,6.2146,1.4292
1439,1.7146,-1.5,6.2146,1.4292
1440,1.7146,-1.5,6.2146,1.42919
1441,1.7146,-1.5,6.2146,1.42919
1442,1.71459,-1.5,6.21459,1.42919
1443,1.71459,-1.5,6.21459,1.42918
1444,1.71459,-1.5,6.21459,1.42918
1445,1.71459,-1.5,6.21459,1.42917
1446,1.71458,-1.5,6.21458,1.42917
1447,1.71458,-1.5,6.21458,1.42916
1448,1.71458,-1.5,6.21458,1.42916
1449,1.71458,-1.5,6.21458,1.42916
1450,1.71458,-1.5,6.21458,1.42915
1451,1.71457,-1.5,6.21457,1.42915
1452,1.71457,-1.5,6.21457,1.42914
1453,1.71457,-1.5,6.21457,1.42914
1454,1.71457,-1.5,6.21457,1.42914
1455,1.71457,-1.5,6.21457,1.42913
1456,1.71456,-1.5,6.21456,1.42913
1457,1.71456,-1.5,6.21456,1.42912
1458,1.71456,-1.5,6.21456,1.42912
1459,1.71456,-1.5,6.21456,1.42912
1460,1.71456,-1.5,6.21456,1.42911
1461,1.71455,-1.5,6.21455,1.42911
1462,1.71455,-1.5,6.21455,1.42911
1463,1.71455,-1.5,6.21455,1.4291
1464,1.71455,-1.5,6.21455,1.4291
1465,1.71455,-1.5,6.21455,1.42909
1466,1.71455,-1.5,6.21455,1.42909
1467,1.71454,-1.5,6.21454,1.42909
1468,1.71454,-1.5,6.21454,1.42908
1469,1.71454,-1.5,6.21454,1.42908
1470,1.71454,-1.5,6.21454,1.42908
1471,1.71454,-1.5,6.21454,1.42907
1472,1.71453,-1.5,6.21453,1.42907
1473,1.71453,-1.5,6.21453,1.42907
1474,1.71453,-1.5,6.21453,1.42906
1475,1.71453,-1.5,6.21453,1.42906
1476,1.71453,-1.5,6.21453,1.42906
1477,1.71453,-1.5,6.21453,1.42905
1478,1.71452,-1.5,6.21452,1.42905
1479,1.71452,-1.5,6.21452,1.42905
1480,1.71452,-1.5,6.21452,1.42904
1481,1.71452,-1.5,6.21452,1.42904
1482,1.71452,-1.5,6.21452,1.42904
1483,1.71452,-1.5,6.21452,1.42903
1484,1.71451,-1.5,6.21451,1.42903
1485,1.71451,-1.5,6.21451,1.42903
1486,1.71451,-1.5,6.21451,1.42902
1487,1.71451,-1.5,6.21451,1.42902
1488,1.71451,-1.5,6.21451,1.42902
1489,1.71451,-1.5,6.21451,1.42901
1490,1.7145,-1.5,6.2145,1.42901
1491,1.7145,-1.5,6.2145,1.42901
1492,1.7145,-1.5,6.2145,1.429
1493,1.7145,-1.5,6.2145,1.429
1494,1.7145,-1.5,6.2145,1.429
1495,1.7145,-1.5,6.2145,1.42899
1496,1.7145,-1.5,6.2145,1.42899
1497,1.71449,-1.5,6.21449,1.42899
1498,1.71449,-1.5,6.21449,1.42899
1499,1.71449,-1.5,6.21449,1.42898
1500,1.71449,-1.5,6.21449,1.42898
1501,1.71449,-1.5,6.21449,1.42898
1502,1.71449,-1.5,6.21449,1.42897
1503,1.71449,-1.5,6.21449,1.42897
1504,1.71448,-1.5,6.21448,1.42897
1505,1.71448,-1.5,6.21448,1.42897
1506,1.71448,-1.5,6.21448,1.42896
1507,1.71448,-1.5,6.21448,1.42896
1508,1.71448,-1.5,6.21448,1.42896
1509,1.71448,-1.5,6.21448,1.42895
1510,1.71448,-1.5,6.21448,1.42895
1511,1.71447,-1.5,6.21447,1.42895
1512,1.71447,-1.5,6.21447,1.42895
1513,1.71447,-1.5,6.21447,1.42894
1514,1.71447,-1.5,6.21447,1.42894
1515,1.71447,-1.5,6.21447,1.42894
1516,1.71447,-1.5,6.21447,1.42894
1517,1.71447,-1.5,6.21447,1.42893
1518,1.71447,-1.5,6.21447,1.42893
1519,1.71446,-1.5,6.21446,1.42893
1520,1.71446,-1.5,6.21446,1.42893
1521,1.71446,-1.5,6.21446,1.42892
1522,1.71446,-1.5,6.21446,1.42892
1523,1.71446,-1.5,6.21446,1.42892
1524,1.71446,-1.5,6.21446,1.42892
1525,1.71446,-1.5,6.21446,1.42891
1526,1.71446,-1.5,6.21446,1.42891
1527,1.71445,-1.5,6.21445,1.42891
1528,1.71445,-1.5,6.21445,1.42891
1529,1.71445,-1.5,6.21445,1.4289
1530,1.71445,-1.5,6.21445,1.4289
1531,1.71445,-1.5,6.21445,1.4289
1532,1.71445,-1.5,6.21445,1.4289
1533,1.71445,-1.5,6.21445,1.4289
1534,1.71445,-1.5,6.21445,1.42889
1535,1.71445,-1.5,6.21445,1.42889
1536,1.71444,-1.5,6.21444,1.42889
1537,1.71444,-1.5,6.21444,1.42889
1538,1.71444,-1.5,6.21444,1.42888
1539,1.71444,-1.5,6.21444,1.42888
1540,1.71444,-1.5,6.21444,1.42888
1541,1.71444,-1.5,6.21444,1.42888
1542,1.71444,-1.5,6.21444,1.42888
1543,1.71444,-1.5,6.21444,1.42887
1544,1.71444,-1.5,6.21444,1.42887
1545,1.71443,-1.5,6.21443,1.42887
1546,1.71443,-1.5,6.21443,1.42887
1547,1.71443,-1.5,6.21443,1.42886
1548,1.71443,-1.5,6.21443,1.42886
1549,1.71443,-1.5,6.21443,1.42886
1550,1.71443,-1.5,6.21443,1.42886
1551,1.71443,-1.5,6.21443,1.42886
1552,1.71443,-1.5,6.21443,1.42885
1553,1.71443,-1.5,6.21443,1.42885
1554,1.71443,-1.5,6.21443,1.42885
1555,1.71442,-1.5,6.21442,1.42885
1556,1.71442,-1.5,6.21442,1.42885
1557,1.71442,-1.5,6.21442,1.42884
1558,1.71442,-1.5,6.21442,1.42884
1559,1.71442,-1.5,6.21442,1.42884
1560,1.71442,-1.5,6.21442,1.42884
1561,1.71442,-1.5,6.21442,1.42884
1562,1.71442,-1.5,6.21442,1.42884
1563,1.71442,-1.5,6.21442,1.42883
1564,1.71442,-1.5,6.21442,1.42883
1565,1.71441,-1.5,6.21441,1.42883
1566,1.71441,-1.5,6.21441,1.42883
1567,1.71441,-1.5,6.21441,1.42883
1568,1.71441,-1.5,6.21441,1.42882
1569,1.71441,-1.5,6.21441,1.42882
1570,1.71441,-1.5,6.21441,1.42882
1571,1.71441,-1.5,6.21441,1.42882
1572,1.71441,-1.5,6.21441,1.42882
1573,1.71441,-1.5,6.21441,1.42882
1574,1.71441,-1.5,6.21441,1.42881
1575,1.71441,-1.5,6.21441,1.42881
1576,1.71441,-1.5,6.21441,1.42881
1577,1.7144,-1.5,6.2144,1.42881
1578,1.7144,-1.5,6.2144,1.42881
1579,1.7144,-1.5,6.2144,1.42881
1580,1.7144,-1.5,6.2144,1.4288
1581,1.7144,-1.5,6.2144,1.4288
1582,1.7144,-1.5,6.2144,1.4288
1583,1.7144,-1.5,6.2144,1.4288
1584,1.7144,-1.5,6.2144,1.4288
1585,1.7144,-1.5,6.2144,1.4288
1586,1.7144,-1.5,6.2144,1.42879
1587,1.7144,-1.5,6.2144,1.42879
1588,1.7144,-1.5,6.2144,1.42879
1589,1.71439,-1.5,6.21439,1.42879
1590,1.71439,-1.5,6.21439,1.42879
1591,1.71439,-1.5,6.21439,1.42879
1592,1.71439,-1.5,6.21439,1.42879
1593,1.71439,-1.5,6.21439,1.42878
1594,1.71439,-1.5,6.21439,1.42878
1595,1.71439,-1.5,6.21439,1.42878
1596,1.71439,-1.5,6.21439,1.42878
1597,1.71439,-1.5,6.21439,1.42878
1598,1.71439,-1.5,6.21439,1.42878
1599,1.71439,-1.5,6.21439,1.42878
1600,1.71439,-1.5,6.21439,1.42877
1601,1.71439,-1.5,6.21439,1.42877
1602,1.71439,-1.5,6.21439,1.42877
1603,1.71438,-1.5,6.21438,1.42877
1604,1.71438,-1.5,6.21438,1.42877
1605,1.71438,-1.5,6.21438,1.42877
1606,1.71438,-1.5,6.21438,1.42877
1607,1.71438,-1.5,6.21438,1.42876
1608,1.71438,-1.5,6.21438,1.42876
1609,1.71438,-1.5,6.21438,1.42876
1610,1.71438,-1.5,6.21438,1.42876
1611,1.71438,-1.5,6.21438,1.42876
1612,1.71438,-1.5,6.21438,1.42876
1613,1.71438,-1.5,6.21438,1.42876
1614,1.71438,-1.5,6.21438,1.42875
1615,1.71438,-1.5,6.21438,1.42875
1616,1.71438,-1.5,6.21438,1.42875
1617,1.71438,-1.5,6.21438,1.42875
1618,1.71437,-1.5,6.21437,1.42875
1619,1.71437,-1.5,6.21437,1.42875
1620,1.71437,-1.5,6.21437,1.42875
1621,1.71437,-1.5,6.21437,1.42875
1622,1.71437,-1.5,6.21437,1.42874
1623,1.71437,-1.5,6.21437,1.42874
1624,1.71437,-1.5,6.21437,1.42874
1625,1.71437,-1.5,6.21437,1.42874
1626,1.71437,-1.5,6.21437,1.42874
1627,1.71437,-1.5,6.21437,1.42874
1628,1.71437,-1.5,6.21437,1.42874
1629,1.71437,-1.5,6.21437,1.42874
1630,1.71437,-1.5,6.21437,1.42874
1631,1.71437,-1.5,6.21437,1.42873
1632,1.71437,-1.5,6.21437,1.42873
1633,1.71437,-1.5,6.21437,1.42873
1634,1.71437,-1.5,6.21437,1.42873
1635,1.71436,-1.5,6.21436,1.42873
1636,1.71436,-1.5,6.21436,1.42873
1637,1.71436,-1.5,6.21436,1.42873
1638,1.71436,-1.5,6.21436,1.42873
1639,1.71436,-1.5,6.21436,1.42873
1640,1.71436,-1.5,6.21436,1.42872
1641,1.71436,-1.5,6.21436,1.42872
1642,1.71436,-1.5,6.21436,1.42872
1643,1.71436,-1.5,6.21436,1.42872
1644,1.71436,-1.5,6.21436,1.42872
1645,1.71436,-1.5,6.21436,1.42872
1646,1.71436,-1.5,6.21436,1.42872
1647,1.71436,-1.5,6.21436,1.42872
1648,1.71436,-1.5,6.21436,1.42872
1649,1.71436,-1.5,6.21436,1.42871
1650,1.71436,-1.5,6.21436,1.42871
1651,1.71436,-1.5,6.21436,1.42871
1652,1.71436,-1.5,6.21436,1.42871
1653,1.71436,-1.5,6.21436,1.42871
1654,1.71436,-1.5,6.21436,1.42871
1655,1.71435,-1.5,6.21435,1.42871
1656,1.71435,-1.5,6.21435,1.42871
1657,1.71435,-1.5,6.21435,1.42871
1658,1.71435,-1.5,6.21435,1.42871
1659,1.71435,-1.5,6.21435,1.42871
1660,1.71435,-1.5,6.21435,1.4287
1661,1.71435,-1.5,6.21435,1.4287
1662,1.71435,-1.5,6.21435,1.4287
1663,1.71435,-1.5,6.21435,1.4287
1664,1.71435,-1.5,6.21435,1.4287
1665,1.71435,-1.5,6.21435,1.4287
1666,1.71435,-1.5,6.21435,1.4287
1667,1.71435,-1.5,6.21435,1.4287
1668,1.71435,-1.5,6.21435,1.4287
1669,1.71435,-1.5,6.21435,1.4287
1670,1.71435,-1.5,6.21435,1.4287
1671,1.71435,-1.5,6.21435,1.42869
1672,1.71435,-1.5,6.21435,1.42869
1673,1.71435,-1.5,6.21435,1.42869
1674,1.71435,-1.5,6.21435,1.42869
1675,1.71435,-1.5,6.21435,1.42869
1676,1.71435,-1.5,6.21435,1.42869
1677,1.71434,-1.5,6.21434,1.42869
1678,1.71434,-1.5,6.21434,1.42869
1679,1.71434,-1.5,6.21434,1.42869
1680,1.71434,-1.5,6.21434,1.42869
1681,1.71434,-1.5,6.21434,1.42869
1682,1.71434,-1.5,6.21434,1.42869
1683,1.71434,-1.5,6.21434,1.42868
1684,1.71434,-1.5,6.21434,1.42868
1685,1.71434,-1.5,6.21434,1.42868
1686,1.71434,-1.5,6.21434,1.42868
1687,1.71434,-1.5,6.21434,1.42868
1688,1.71434,-1.5,6.21434,1.42868
1689,1.71434,-1.5,6.21434,1.42868
1690,1.71434,-1.5,6.21434,1.42868
1691,1.71434,-1.5,6.21434,1.42868
1692,1.71434,-1.5,6.21434,1.42868
1693,1.71434,-1.5,6.21434,1.42868
1694,1.71434,-1.5,6.21434,1.42868
1695,1.71434,-1.5,6.21434,1.42868
1696,1.71434,-1.5,6.21434,1.42868
1697,1.71434,-1.5,6.21434,1.42867
1698,1.71434,-1.5,6.21434,1.42867
1699,1.71434,-1.5,6.21434,1.42867
1700,1.71434,-1.5,6.21434,1.42867
1701,1.71434,-1.5,6.21434,1.42867
1702,1.71434,-1.5,6.21434,1.42867
1703,1.71434,-1.5,6.21434,1.42867
1704,1.71433,-1.5,6.21433,1.42867
1705,1.71433,-1.5,6.21433,1.42867
1706,1.71433,-1.5,6.21433,1.42867
1707,1.71433,-1.5,6.21433,1.42867
1708,1.71433,-1.5,6.21433,1.42867
1709,1.71433,-1.5,6.21433,1.42867
1710,1.71433,-1.5,6.21433,1.42867
1711,1.71433,-1.5,6.21433,1.42866
1712,1.71433,-1.5,6.21433,1.42866
1713,1.71433,-1.5,6.21433,1.42866
1714,1.71433,-1.5,6.21433,1.42866
1715,1.71433,-1.5,6.21433,1.42866
1716,1.71433,-1.5,6.21433,1.42866
1717,1.71433,-1.5,6.21433,1.42866
1718,1.71433,-1.5,6.21433,1.42866
1719,1.71433,-1.5,6.21433,1.42866
1720,1.71433,-1.5,6.21433,1.42866
1721,1.71433,-1.5,6.21433,1.42866
1722,1.71433,-1.5,6.21433,1.42866
1723,1.71433,-1.5,6.21433,1.42866
1724,1.71433,-1.5,6.21433,1.42866
1725,1.71433,-1.5,6.21433,1.42866
1726,1.71433,-1.5,6.21433,1.42866
1727,1.71433,-1.5,6.21433,1.42866
1728,1.71433,-1.5,6.21433,1.42865
1729,1.71433,-1.5,6.21433,1.42865
1730,1.71433,-1.5,6.21433,1.42865
1731,1.71433,-1.5,6.21433,1.42865
1732,1.71433,-1.5,6.21433,1.42865
1733,1.71433,-1.5,6.21433,1.42865
1734,1.71433,-1.5,6.21433,1.42865
1735,1.71433,-1.5,6.21433,1.42865
1736,1.71433,-1.5,6.21433,1.42865
1737,1.71432,-1.5,6.21432,1.42865
1738,1.71432,-1.5,6.21432,1.42865
1739,1.71432,-1.5,6.21432,1.42865
1740,1.71432,-1.5,6.21432,1.42865
1741,1.71432,-1.5,6.21432,1.42865
1742,1.71432,-1.5,6.21432,1.42865
1743,1.71432,-1.5,6.21432,1.42865
1744,1.71432,-1.5,6.21432,1.42865
1745,1.71432,-1.5,6.21432,1.42865
1746,1.71432,-1.5,6.21432,1.42864
1747,1.71432,-1.5,6.21432,1.42864
1748,1.71432,-1.5,6.21432,1.42864
1749,1.71432,-1.5,6.21432,1.42864
1750,1.71432,-1.5,6.21432,1.42864
1751,1.71432,-1.5,6.21432,1.42864
1752,1.71432,-1.5,6.21432,1.42864
1753,1.71432,-1.5,6.21432,1.42864
1754,1.71432,-1.5,6.21432,1.42864
1755,1.71432,-1.5,6.21432,1.42864
1756,1.71432,-1.5,6.21432,1.42864
1757,1.71432,-1.5,6.21432,1.42864
1758,1.71432,-1.5,6.21432,1.42864
1759,1.71432,-1.5,6.21432,1.42864
1760,1.71432,-1.5,6.21432,1.42864
1761,1.71432,-1.5,6.21432,1.42864
1762,1.71432,-1.5,6.21432,1.42864
1763,1.71432,-1.5,6.21432,1.42864
1764,1.71432,-1.5,6.21432,1.42864
1765,1.71432,-1.5,6.21432,1.42864
1766,1.71432,-1.5,6.21432,1.42864
1767,1.71432,-1.5,6.21432,1.42864
1768,1.71432,-1.5,6.21432,1.42863
1769,1.71432,-1.5,6.21432,1.42863
1770,1.71432,-1.5,6.21432,1.42863
1771,1.71432,-1.5,6.21432,1.42863
1772,1.71432,-1.5,6.21432,1.42863
1773,1.71432,-1.5,6.21432,1.42863
1774,1.71432,-1.5,6.21432,1.42863
1775,1.71432,-1.5,6.21432,1.42863
1776,1.71432,-1.5,6.21432,1.42863
1777,1.71432,-1.5,6.21432,1.42863
1778,1.71432,-1.5,6.21432,1.42863
1779,1.71432,-1.5,6.21432,1.42863
1780,1.71431,-1.5,6.21431,1.42863
1781,1.71431,-1.5,6.21431,1.42863
1782,1.71431,-1.5,6.21431,1.42863
1783,1.71431,-1.5,6.21431,1.42863
1784,1.71431,-1.5,6.21431,1.42863
1785,1.71431,-1.5,6.21431,1.42863
1786,1.71431,-1.5,6.21431,1.42863
1787,1.71431,-1.5,6.21431,1.42863
1788,1.71431,-1.5,6.21431,1.42863
1789,1.71431,-1.5,6.21431,1.42863
1790,1.71431,-1.5,6.21431,1.42863
1791,1.71431,-1.5,6.21431,1.42863
1792,1.71431,-1.5,6.21431,1.42863
1793,1.71431,-1.5,6.21431,1.42862
1794,1.71431,-1.5,6.21431,1.42862
1795,1.71431,-1.5,6.21431,1.42862
1796,1.71431,-1.5,6.21431,1.42862
1797,1.71431,-1.5,6.21431,1.42862
1798,1.71431,-1.5,6.21431,1.42862
1799,1.71431,-1.5,6.21431,1.42862
1800,1.71431,-1.5,6.21431,1.42862
1801,1.71431,-1.5,6.21431,1.42862
1802,1.71431,-1.5,6.21431,1.42862
1803,1.71431,-1.5,6.21431,1.42862
1804,1.71431,-1.5,6.21431,1.42862
1805,1.71431,-1.5,6.21431,1.42862
1806,1.71431,-1.5,6.21431,1.42862
1807,1.71431,-1.5,6.21431,1.42862
1808,1.71431,-1.5,6.21431,1.42862
1809,1.71431,-1.5,6.21431,1.42862
1810,1.71431,-1.5,6.21431,1.42862
1811,1.71431,-1.5,6.21431,1.42862
1812,1.71431,-1.5,6.21431,1.42862
1813,1.71431,-1.5,6.21431,1.42862
1814,1.71431,-1.5,6.21431,1.42862
1815,1.71431,-1.5,6.21431,1.42862
1816,1.71431,-1.5,6.21431,1.42862
1817,1.71431,-1.5,6.21431,1.42862
1818,1.71431,-1.5,6.21431,1.42862
1819,1.71431,-1.5,6.21431,1.42862
1820,1.71431,-1.5,6.21431,1.42862
1821,1.71431,-1.5,6.21431,1.42862
1822,1.71431,-1.5,6.21431,1.42862
1823,1.71431,-1.5,6.21431,1.42862
1824,1.71431,-1.5,6.21431,1.42861
1825,1.71431,-1.5,6.21431,1.42861
1826,1.71431,-1.5,6.21431,1.42861
1827,1.71431,-1.5,6.21431,1.42861
1828,1.71431,-1.5,6.21431,1.42861
1829,1.71431,-1.5,6.21431,1.42861
1830,1.71431,-1.5,6.21431,1.42861
1831,1.71431,-1.5,6.21431,1.42861
1832,1.71431,-1.5,6.21431,1.42861
1833,1.71431,-1.5,6.21431,1.42861
1834,1.71431,-1.5,6.21431,1.42861
1835,1.71431,-1.5,6.21431,1.42861
1836,1.71431,-1.5,6.21431,1.42861
1837,1.71431,-1.5,6.21431,1.42861
1838,1.71431,-1.5,6.21431,1.42861
1839,1.71431,-1.5,6.21431,1.42861
1840,1.71431,-1.5,6.21431,1.42861
1841,1.71431,-1.5,6.21431,1.42861
1842,1.71431,-1.5,6.21431,1.42861
1843,1.7143,-1.5,6.2143,1.42861
1844,1.7143,-1.5,6.2143,1.42861
1845,1.7143,-1.5,6.2143,1.42861
1846,1.7143,-1.5,6.2143,1.42861
1847,1.7143,-1.5,6.2143,1.42861
1848,1.7143,-1.5,6.2143,1.42861
1849,1.7143,-1.5,6.2143,1.42861
1850,1.7143,-1.5,6.2143,1.42861
1851,1.7143,-1.5,6.2143,1.42861
1852,1.7143,-1.5,6.2143,1.42861
1853,1.7143,-1.5,6.2143,1.42861
1854,1.7143,-1.5,6.2143,1.42861
1855,1.7143,-1.5,6.2143,1.42861
1856,1.7143,-1.5,6.2143,1.42861
1857,1.7143,-1.5,6.2143,1.42861
1858,1.7143,-1.5,6.2143,1.42861
1859,1.7143,-1.5,6.2143,1.42861
1860,1.7143,-1.5,6.2143,1.42861
1861,1.7143,-1.5,6.2143,1.42861
1862,1.7143,-1.5,6.2143,1.42861
1863,1.7143,-1.5,6.2143,1.42861
1864,1.7143,-1.5,6.2143,1.42861
1865,1.7143,-1.5,6.2143,1.4286
1866,1.7143,-1.5,6.2143,1.4286
1867,1.7143,-1.5,6.2143,1.4286
1868,1.7143,-1.5,6.2143,1.4286
1869,1.7143,-1.5,6.2143,1.4286
1870,1.7143,-1.5,6.2143,1.4286
1871,1.7143,-1.5,6.2143,1.4286
1872,1.7143,-1.5,6.2143,1.4286
1873,1.7143,-1.5,6.2143,1.4286
1874,1.7143,-1.5,6.2143,1.4286
1875,1.7143,-1.5,6.2143,1.4286
1876,1.7143,-1.5,6.2143,1.4286
1877,1.7143,-1.5,6.2143,1.4286
1878,1.7143,-1.5,6.2143,1.4286
1879,1.7143,-1.5,6.2143,1.4286
1880,1.7143,-1.5,6.2143,1.4286
1881,1.7143,-1.5,6.2143,1.4286
1882,1.7143,-1.5,6.2143,1.4286
1883,1.7143,-1.5,6.2143,1.4286
1884,1.7143,-1.5,6.2143,1.4286
1885,1.7143,-1.5,6.2143,1.4286
1886,1.7143,-1.5,6.2143,1.4286
1887,1.7143,-1.5,6.2143,1.4286
1888,1.7143,-1.5,6.2143,1.4286
1889,1.7143,-1.5,6.2143,1.4286
1890,1.7143,-1.5,6.2143,1.4286
1891,1.7143,-1.5,6.2143,1.4286
1892,1.7143,-1.5,6.2143,1.4286
1893,1.7143,-1.5,6.2143,1.4286
1894,1.7143,-1.5,6.2143,1.4286
1895,1.7143,-1.5,6.2143,1.4286
1896,1.7143,-1.5,6.2143,1.4286
1897,1.7143,-1.5,6.2143,1.4286
1898,1.7143,-1.5,6.2143,1.4286
1899,1.7143,-1.5,6.2143,1.4286
1900,1.7143,-1.5,6.2143,1.4286
1901,1.7143,-1.5,6.2143,1.4286
1902,1.7143,-1.5,6.2143,1.4286
1903,1.7143,-1.5,6.2143,1.4286
1904,1.7143,-1.5,6.2143,1.4286
1905,1.7143,-1.5,6.2143,1.4286
1906,1.7143,-1.5,6.2143,1.4286
1907,1.7143,-1.5,6.2143,1.4286
1908,1.7143,-1.5,6.2143,1.4286
1909,1.7143,-1.5,6.2143,1.4286
1910,1.7143,-1.5,6.2143,1.4286
1911,1.7143,-1.5,6.2143,1.4286
1912,1.7143,-1.5,6.2143,1.4286
1913,1.7143,-1.5,6.2143,1.4286
1914,1.7143,-1.5,6.2143,1.4286
1915,1.7143,-1.5,6.2143,1.4286
1916,1.7143,-1.5,6.2143,1.4286
1917,1.7143,-1.5,6.2143,1.4286
1918,1.7143,-1.5,6.2143,1.4286
1919,1.7143,-1.5,6.2143,1.4286
1920,1.7143,-1.5,6.2143,1.4286
1921,1.7143,-1.5,6.2143,1.42859
1922,1.7143,-1.5,6.2143,1.42859
1923,1.7143,-1.5,6.2143,1.42859
1924,1.7143,-1.5,6.2143,1.42859
1925,1.7143,-1.5,6.2143,1.42859
1926,1.7143,-1.5,6.2143,1.42859
1927,1.7143,-1.5,6.2143,1.42859
1928,1.7143,-1.5,6.2143,1.42859
1929,1.7143,-1.5,6.2143,1.42859
1930,1.7143,-1.5,6.2143,1.42859
1931,1.7143,-1.5,6.2143,1.42859
1932,1.7143,-1.5,6.2143,1.42859
1933,1.7143,-1.5,6.2143,1.42859
1934,1.7143,-1.5,6.2143,1.42859
1935,1.7143,-1.5,6.2143,1.42859
1936,1.7143,-1.5,6.2143,1.42859
1937,1.7143,-1.5,6.2143,1.42859
1938,1.7143,-1.5,6.2143,1.42859
1939,1.7143,-1.5,6.2143,1.42859
1940,1.7143,-1.5,6.2143,1.42859
1941,1.7143,-1.5,6.2143,1.42859
1942,1.7143,-1.5,6.2143,1.42859
1943,1.7143,-1.5,6.2143,1.42859
1944,1.7143,-1.5,6.2143,1.42859
1945,1.7143,-1.5,6.2143,1.42859
1946,1.7143,-1.5,6.2143,1.42859
1947,1.7143,-1.5,6.2143,1.42859
1948,1.7143,-1.5,6.2143,1.42859
1949,1.7143,-1.5,6.2143,1.42859
1950,1.7143,-1.5,6.2143,1.42859
1951,1.7143,-1.5,6.2143,1.42859
1952,1.7143,-1.5,6.2143,1.42859
1953,1.7143,-1.5,6.2143,1.42859
1954,1.7143,-1.5,6.2143,1.42859
1955,1.7143,-1.5,6.2143,1.42859
1956,1.7143,-1.5,6.2143,1.42859
1957,1.7143,-1.5,6.2143,1.42859
1958,1.7143,-1.5,6.2143,1.42859
1959,1.7143,-1.5,6.2143,1.42859
1960,1.7143,-1.5,6.2143,1.42859
1961,1.71429,-1.5,6.21429,1.42859
1962,1.71429,-1.5,6.21429,1.42859
1963,1.71429,-1.5,6.21429,1.42859
1964,1.71429,-1.5,6.21429,1.42859
1965,1.71429,-1.5,6.21429,1.42859
1966,1.71429,-1.5,6.21429,1.42859
1967,1.71429,-1.5,6.21429,1.42859
1968,1.71429,-1.5,6.21429,1.42859
1969,1.71429,-1.5,6.21429,1.42859
1970,1.71429,-1.5,6.21429,1.42859
1971,1.71429,-1.5,6.21429,1.42859
1972,1.71429,-1.5,6.21429,1.42859
1973,1.71429,-1.5,6.21429,1.42859
1974,1.71429,-1.5,6.21429,1.42859
1975,1.71429,-1.5,6.21429,1.42859
1976,1.71429,-1.5,6.21429,1.42859
1977,1.71429,-1.5,6.21429,1.42859
1978,1.71429,-1.5,6.21429,1.42859
1979,1.71429,-1.5,6.21429,1.42859
1980,1.71429,-1.5,6.21429,1.42859
1981,1.71429,-1.5,6.21429,1.42859
1982,1.71429,-1.5,6.21429,1.42859
1983,1.71429,-1.5,6.21429,1.42859
1984,1.71429,-1.5,6.21429,1.42859
1985,1.71429,-1.5,6.21429,1.42859
1986,1.71429,-1.5,6.21429,1.42859
1987,1.71429,-1.5,6.21429,1.42859
1988,1.71429,-1.5,6.21429,1.42859
1989,1.71429,-1.5,6.21429,1.42859
1990,1.71429,-1.5,6.21429,1.42859
1991,1.71429,-1.5,6.21429,1.42859
1992,1.71429,-1.5,6.21429,1.42859
1993,1.71429,-1.5,6.21429,1.42859
1994,1.71429,-1.5,6.21429,1.42859
1995,1.71429,-1.5,6.21429,1.42859
1996,1.71429,-1.5,6.21429,1.42859
1997,1.71429,-1.5,6.21429,1.42859
1998,1.71429,-1.5,6.21429,1.42859
1999,1.71429,-1.5,6.21429,1.42859
2000,1.71429,-1.5,6.21429,1.42859
