step,0,1,2,3,4,5,6,7,8,9,10
0,10,5.46823,4.53177,5.46823,4.53062,0.00115324,5.46823,4.53062,0.00115324,9.99885,0.00115324
1,10,5.40068,4.59932,5.40068,4.51824,0.0810779,5.40068,4.51824,0.0810779,9.91892,0.0810779
2,10,5.3375,4.6625,5.3375,4.50438,0.158115,5.3375,4.50438,0.158115,9.84189,0.158115
3,10,5.27826,4.72174,5.27826,4.48934,0.2324,5.27826,4.48934,0.2324,9.7676,0.2324
4,10,5.2226,4.7774,5.2226,4.47334,0.304058,5.2226,4.47334,0.304058,9.69594,0.304058
5,10,5.17019,4.82981,5.17019,4.45661,0.373201,5.17019,4.45661,0.373201,9.6268,0.373201
6,10,5.12076,4.87924,5.12076,4.43931,0.439933,5.12076,4.43931,0.439933,9.56007,0.439933
7,10,5.07405,4.92595,5.07405,4.4216,0.504351,5.07405,4.4216,0.504351,9.49565,0.504351
8,10,5.02986,4.97014,5.02986,4.4036,0.566544,5.02986,4.4036,0.566544,9.43346,0.566544
9,10,4.98798,5.01202,4.98798,4.38542,0.626599,4.98798,4.38542,0.626599,9.3734,0.626599
10,10,4.94825,5.05175,4.94825,4.36715,0.684595,4.94825,4.36715,0.684595,9.3154,0.684595
11,10,4.91052,5.08948,4.91052,4.34887,0.740609,4.91052,4.34887,0.740609,9.25939,0.740609
12,10,4.87463,5.12537,4.87463,4.33065,0.794713,4.87463,4.33065,0.794713,9.20529,0.794713
13,10,4.84048,5.15952,4.84048,4.31254,0.846976,4.84048,4.31254,0.846976,9.15302,0.846976
14,10,4.80795,5.19205,4.80795,4.29459,0.897465,4.80795,4.29459,0.897465,9.10253,0.897465
15,10,4.77692,5.22308,4.77692,4.27683,0.946243,4.77692,4.27683,0.946243,9.05376,0.946243
16,10,4.74732,5.25268,4.74732,4.25931,0.99337,4.74732,4.25931,0.99337,9.00663,0.99337
17,10,4.71906,5.28094,4.71906,4.24204,1.03891,4.71906,4.24204,1.03891,8.96109,1.03891
18,10,4.69205,5.30795,4.69205,4.22505,1.08291,4.69205,4.22505,1.08291,8.91709,1.08291
19,10,4.66623,5.33377,4.66623,4.20835,1.12542,4.66623,4.20835,1.12542,8.87458,1.12542
20,10,4.64153,5.35847,4.64153,4.19196,1.16651,4.64153,4.19196,1.16651,8.83349,1.16651
21,10,4.61788,5.38212,4.61788,4.1759,1.20622,4.61788,4.1759,1.20622,8.79378,1.20622
22,10,4.59524,5.40476,4.59524,4.16017,1.24459,4.59524,4.16017,1.24459,8.75541,1.24459
23,10,4.57355,5.42645,4.57355,4.14477,1.28168,4.57355,4.14477,1.28168,8.71832,1.28168
24,10,4.55275,5.44725,4.55275,4.12971,1.31753,4.55275,4.12971,1.31753,8.68247,1.31753
25,10,4.53282,5.46718,4.53282,4.115,1.35218,4.53282,4.115,1.35218,8.64782,1.35218
26,10,4.51369,5.48631,4.51369,4.10063,1.38568,4.51369,4.10063,1.38568,8.61432,1.38568
27,10,4.49534,5.50466,4.49534,4.0866,1.41805,4.49534,4.0866,1.41805,8.58195,1.41805
28,10,4.47773,5.52227,4.47773,4.07292,1.44935,4.47773,4.07292,1.44935,8.55065,1.44935
29,10,4.46082,5.53918,4.46082,4.05957,1.47961,4.46082,4.05957,1.47961,8.52039,1.47961
30,10,4.44457,5.55543,4.44457,4.04656,1.50887,4.44457,4.04656,1.50887,8.49113,1.50887
31,10,4.42896,5.57104,4.42896,4.03388,1.53715,4.42896,4.03388,1.53715,8.46285,1.53715
32,10,4.41397,5.58603,4.41397,4.02154,1.5645,4.41397,4.02154,1.5645,8.4355,1.5645
33,10,4.39955,5.60045,4.39955,4.00951,1.59094,4.39955,4.00951,1.59094,8.40906,1.59094
34,10,4.38569,5.61431,4.38569,3.9978,1.61651,4.38569,3.9978,1.61651,8.38349,1.61651
35,10,4.37236,5.62764,4.37236,3.98641,1.64123,4.37236,3.98641,1.64123,8.35877,1.64123
36,10,4.35954,5.64046,4.35954,3.97532,1.66514,4.35954,3.97532,1.66514,8.33486,1.66514
37,10,4.34721,5.65279,4.34721,3.96453,1.68826,4.34721,3.96453,1.68826,8.31174,1.68826
38,10,4.33534,5.66466,4.33534,3.95403,1.71062,4.33534,3.95403,1.71062,8.28938,1.71062
39,10,4.32392,5.67608,4.32392,3.94383,1.73225,4.32392,3.94383,1.73225,8.26775,1.73225
40,10,4.31293,5.68707,4.31293,3.93391,1.75317,4.31293,3.93391,1.75317,8.24683,1.75317
41,10,4.30235,5.69765,4.30235,3.92426,1.7734,4.30235,3.92426,1.7734,8.2266,1.7734
42,10,4.29215,5.70785,4.29215,3.91488,1.79297,4.29215,3.91488,1.79297,8.20703,1.79297
43,10,4.28234,5.71766,4.28234,3.90577,1.81189,4.28234,3.90577,1.81189,8.18811,1.81189
44,10,4.27288,5.72712,4.27288,3.89692,1.8302,4.27288,3.89692,1.8302,8.1698,1.8302
45,10,4.26377,5.73623,4.26377,3.88832,1.84792,4.26377,3.88832,1.84792,8.15208,1.84792
46,10,4.25499,5.74501,4.25499,3.87996,1.86505,4.25499,3.87996,1.86505,8.13495,1.86505
47,10,4.24653,5.75347,4.24653,3.87184,1.88163,4.24653,3.87184,1.88163,8.11837,1.88163
48,10,4.23838,5.76162,4.23838,3.86396,1.89766,4.23838,3.86396,1.89766,8.10234,1.89766
49,10,4.23052,5.76948,4.23052,3.8563,1.91318,4.23052,3.8563,1.91318,8.08682,1.91318
50,10,4.22294,5.77706,4.22294,3.84886,1.92819,4.22294,3.84886,1.92819,8.07181,1.92819
51,10,4.21564,5.78436,4.21564,3.84164,1.94272,4.21564,3.84164,1.94272,8.05728,1.94272
52,10,4.2086,5.7914,4.2086,3.83463,1.95677,4.2086,3.83463,1.95677,8.04323,1.95677
53,10,4.20181,5.79819,4.20181,3.82782,1.97037,4.20181,3.82782,1.97037,8.02963,1.97037
54,10,4.19527,5.80473,4.19527,3.8212,1.98353,4.19527,3.8212,1.98353,8.01647,1.98353
55,10,4.18896,5.81104,4.18896,3.81478,1.99627,4.18896,3.81478,1.99627,8.00373,1.99627
56,10,4.18287,5.81713,4.18287,3.80854,2.00859,4.18287,3.80854,2.00859,7.99141,2.00859
57,10,4.177,5.823,4.177,3.80249,2.02051,4.177,3.80249,2.02051,7.97949,2.02051
58,10,4.17134,5.82866,4.17134,3.79661,2.03206,4.17134,3.79661,2.03206,7.96794,2.03206
59,10,4.16588,5.83412,4.16588,3.7909,2.04323,4.16588,3.7909,2.04323,7.95677,2.04323
60,10,4.16061,5.83939,4.16061,3.78536,2.05404,4.16061,3.78536,2.05404,7.94596,2.05404
61,10,4.15553,5.84447,4.15553,3.77997,2.0645,4.15553,3.77997,2.0645,7.9355,2.0645
62,10,4.15062,5.84938,4.15062,3.77475,2.07462,4.15062,3.77475,2.07462,7.92538,2.07462
63,10,4.14589,5.85411,4.14589,3.76968,2.08443,4.14589,3.76968,2.08443,7.91557,2.08443
64,10,4.14133,5.85867,4.14133,3.76476,2.09391,4.14133,3.76476,2.09391,7.90609,2.09391
65,10,4.13693,5.86307,4.13693,3.75998,2.1031,4.13693,3.75998,2.1031,7.8969,2.1031
66,10,4.13268,5.86732,4.13268,3.75534,2.11199,4.13268,3.75534,2.11199,7.88801,2.11199
67,10,4.12858,5.87142,4.12858,3.75083,2.12059,4.12858,3.75083,2.12059,7.87941,2.12059
68,10,4.12462,5.87538,4.12462,3.74646,2.12892,4.12462,3.74646,2.12892,7.87108,2.12892
69,10,4.1208,5.8792,4.1208,3.74221,2.13698,4.1208,3.74221,2.13698,7.86302,2.13698
70,10,4.11712,5.88288,4.11712,3.73809,2.14479,4.11712,3.73809,2.14479,7.85521,2.14479
71,10,4.11356,5.88644,4.11356,3.73409,2.15235,4.11356,3.73409,2.15235,7.84765,2.15235
72,10,4.11013,5.88987,4.11013,3.73021,2.15966,4.11013,3.73021,2.15966,7.84034,2.15966
73,10,4.10681,5.89319,4.10681,3.72644,2.16674,4.10681,3.72644,2.16674,7.83326,2.16674
74,10,4.10362,5.89638,4.10362,3.72278,2.1736,4.10362,3.72278,2.1736,7.8264,2.1736
75,10,4.10053,5.89947,4.10053,3.71923,2.18024,4.10053,3.71923,2.18024,7.81976,2.18024
76,10,4.09755,5.90245,4.09755,3.71578,2.18667,4.09755,3.71578,2.18667,7.81333,2.18667
77,10,4.09467,5.90533,4.09467,3.71244,2.19289,4.09467,3.71244,2.19289,7.80711,2.19289
78,10,4.09189,5.90811,4.09189,3.70919,2.19892,4.09189,3.70919,2.19892,7.80108,2.19892
79,10,4.08921,5.91079,4.08921,3.70604,2.20475,4.08921,3.70604,2.20475,7.79525,2.20475
80,10,4.08662,5.91338,4.08662,3.70298,2.2104,4.08662,3.70298,2.2104,7.7896,2.2104
81,10,4.08412,5.91588,4.08412,3.70001,2.21587,4.08412,3.70001,2.21587,7.78413,2.21587
82,10,4.08171,5.91829,4.08171,3.69713,2.22116,4.08171,3.69713,2.22116,7.77884,2.22116
83,10,4.07938,5.92062,4.07938,3.69433,2.22629,4.07938,3.69433,2.22629,7.77371,2.22629
84,10,4.07713,5.92287,4.07713,3.69161,2.23126,4.07713,3.69161,2.23126,7.76874,2.23126
85,10,4.07496,5.92504,4.07496,3.68897,2.23607,4.07496,3.68897,2.23607,7.76393,2.23607
86,10,4.07286,5.92714,4.07286,3.68642,2.24072,4.07286,3.68642,2.24072,7.75928,2.24072
87,10,4.07083,5.92917,4.07083,3.68393,2.24523,4.07083,3.68393,2.24523,7.75477,2.24523
88,10,4.06888,5.93112,4.06888,3.68152,2.2496,4.06888,3.68152,2.2496,7.7504,2.2496
89,10,4.06699,5.93301,4.06699,3.67918,2.25383,4.06699,3.67918,2.25383,7.74617,2.25383
90,10,4.06516,5.93484,4.06516,3.67691,2.25792,4.06516,3.67691,2.25792,7.74208,2.25792
91,10,4.0634,5.9366,4.0634,3.67471,2.26189,4.0634,3.67471,2.26189,7.73811,2.26189
92,10,4.0617,5.9383,4.0617,3.67257,2.26573,4.0617,3.67257,2.26573,7.73427,2.26573
93,10,4.06006,5.93994,4.06006,3.67049,2.26945,4.06006,3.67049,2.26945,7.73055,2.26945
94,10,4.05847,5.94153,4.05847,3.66848,2.27305,4.05847,3.66848,2.27305,7.72695,2.27305
95,10,4.05694,5.94306,4.05694,3.66652,2.27654,4.05694,3.66652,2.27654,7.72346,2.27654
96,10,4.05546,5.94454,4.05546,3.66462,2.27992,4.05546,3.66462,2.27992,7.72008,2.27992
97,10,4.05403,5.94597,4.05403,3.66278,2.28319,4.05403,3.66278,2.28319,7.71681,2.28319
98,10,4.05265,5.94735,4.05265,3.66099,2.28636,4.05265,3.66099,2.28636,7.71364,2.28636
99,10,4.05131,5.94869,4.05131,3.65925,2.28943,4.05131,3.65925,2.28943,7.71057,2.28943
100,10,4.05002,5.94998,4.05002,3.65757,2.29241,4.05002,3.65757,2.29241,7.70759,2.29241
101,10,4.04878,5.95122,4.04878,3.65594,2.29529,4.04878,3.65594,2.29529,7.70471,2.29529
102,10,4.04757,5.95243,4.04757,3.65435,2.29808,4.04757,3.65435,2.29808,7.70192,2.29808
103,10,4.04641,5.95359,4.04641,3.65281,2.30078,4.04641,3.65281,2.30078,7.69922,2.30078
104,10,4.04529,5.95471,4.04529,3.65131,2.3034,4.04529,3.65131,2.3034,7.6966,2.3034
105,10,4.04421,5.95579,4.04421,3.64986,2.30593,4.04421,3.64986,2.30593,7.69407,2.30593
106,10,4.04316,5.95684,4.04316,3.64846,2.30838,4.04316,3.64846,2.30838,7.69162,2.30838
107,10,4.04215,5.95785,4.04215,3.64709,2.31076,4.04215,3.64709,2.31076,7.68924,2.31076
108,10,4.04117,5.95883,4.04117,3.64576,2.31307,4.04117,3.64576,2.31307,7.68693,2.31307
109,10,4.04022,5.95978,4.04022,3.64448,2.3153,4.04022,3.64448,2.3153,7.6847,2.3153
110,10,4.03931,5.96069,4.03931,3.64323,2.31746,4.03931,3.64323,2.31746,7.68254,2.31746
111,10,4.03843,5.96157,4.03843,3.64202,2.31955,4.03843,3.64202,2.31955,7.68045,2.31955
112,10,4.03758,5.96242,4.03758,3.64084,2.32158,4.03758,3.64084,2.32158,7.67842,2.32158
113,10,4.03676,5.96324,4.03676,3.6397,2.32354,4.03676,3.6397,2.32354,7.67646,2.32354
114,10,4.03596,5.96404,4.03596,3.63859,2.32545,4.03596,3.63859,2.32545,7.67455,2.32545
115,10,4.03519,5.96481,4.03519,3.63752,2.32729,4.03519,3.63752,2.32729,7.67271,2.32729
116,10,4.03445,5.96555,4.03445,3.63648,2.32908,4.03445,3.63648,2.32908,7.67092,2.32908
117,10,4.03373,5.96627,4.03373,3.63546,2.3308,4.03373,3.63546,2.3308,7.6692,2.3308
118,10,4.03304,5.96696,4.03304,3.63448,2.33248,4.03304,3.63448,2.33248,7.66752,2.33248
119,10,4.03237,5.96763,4.03237,3.63353,2.3341,4.03237,3.63353,2.3341,7.6659,2.3341
120,10,4.03172,5.96828,4.03172,3.6326,2.33568,4.03172,3.6326,2.33568,7.66432,2.33568
121,10,4.0311,5.9689,4.0311,3.63171,2.3372,4.0311,3.63171,2.3372,7.6628,2.3372
122,10,4.03049,5.96951,4.03049,3.63083,2.33867,4.03049,3.63083,2.33867,7.66133,2.33867
123,10,4.02991,5.97009,4.02991,3.62999,2.3401,4.02991,3.62999,2.3401,7.6599,2.3401
124,10,4.02934,5.97066,4.02934,3.62917,2.34149,4.02934,3.62917,2.34149,7.65851,2.34149
125,10,4.0288,5.9712,4.0288,3.62837,2.34283,4.0288,3.62837,2.34283,7.65717,2.34283
126,10,4.02827,5.97173,4.02827,3.6276,2.34413,4.02827,3.6276,2.34413,7.65587,2.34413
127,10,4.02776,5.97224,4.02776,3.62685,2.34539,4.02776,3.62685,2.34539,7.65461,2.34539
128,10,4.02727,5.97273,4.02727,3.62612,2.34661,4.02727,3.62612,2.34661,7.65339,2.34661
129,10,4.02679,5.97321,4.02679,3.62542,2.34779,4.02679,3.62542,2.34779,7.65221,2.34779
130,10,4.02633,5.97367,4.02633,3.62473,2.34893,4.02633,3.62473,2.34893,7.65107,2.34893
131,10,4.02589,5.97411,4.02589,3.62407,2.35004,4.02589,3.62407,2.35004,7.64996,2.35004
132,10,4.02546,5.97454,4.02546,3.62342,2.35112,4.02546,3.62342,2.35112,7.64888,2.35112
133,10,4.02504,5.97496,4.02504,3.6228,2.35216,4.02504,3.6228,2.35216,7.64784,2.35216
134,10,4.02464,5.97536,4.02464,3.62219,2.35317,4.02464,3.62219,2.35317,7.64683,2.35317
135,10,4.02425,5.97575,4.02425,3.6216,2.35414,4.02425,3.6216,2.35414,7.64586,2.35414
136,10,4.02388,5.97612,4.02388,3.62103,2.35509,4.02388,3.62103,2.35509,7.64491,2.35509
137,10,4.02351,5.97649,4.02351,3.62048,2.35601,4.02351,3.62048,2.35601,7.64399,2.35601
138,10,4.02316,5.97684,4.02316,3.61994,2.3569,4.02316,3.61994,2.3569,7.6431,2.3569
139,10,4.02283,5.97717,4.02283,3.61942,2.35776,4.02283,3.61942,2.35776,7.64224,2.35776
140,10,4.0225,5.9775,4.0225,3.61891,2.35859,4.0225,3.61891,2.35859,7.64141,2.35859
141,10,4.02218,5.97782,4.02218,3.61842,2.3594,4.02218,3.61842,2.3594,7.6406,2.3594
142,10,4.02188,5.97812,4.02188,3.61794,2.36018,4.02188,3.61794,2.36018,7.63982,2.36018
143,10,4.02158,5.97842,4.02158,3.61748,2.36094,4.02158,3.61748,2.36094,7.63906,2.36094
144,10,4.02129,5.97871,4.02129,3.61703,2.36168,4.02129,3.61703,2.36168,7.63832,2.36168
145,10,4.02102,5.97898,4.02102,3.6166,2.36239,4.02102,3.6166,2.36239,7.63761,2.36239
146,10,4.02075,5.97925,4.02075,3.61617,2.36308,4.02075,3.61617,2.36308,7.63692,2.36308
147,10,4.02049,5.97951,4.02049,3.61576,2.36375,4.02049,3.61576,2.36375,7.63625,2.36375
148,10,4.02024,5.97976,4.02024,3.61536,2.36439,4.02024,3.61536,2.36439,7.63561,2.36439
149,10,4.02,5.98,4.02,3.61498,2.36502,4.02,3.61498,2.36502,7.63498,2.36502
150,10,4.01977,5.98023,4.01977,3.6146,2.36563,4.01977,3.6146,2.36563,7.63437,2.36563
151,10,4.01954,5.98046,4.01954,3.61424,2.36622,4.01954,3.61424,2.36622,7.63378,2.36622
152,10,4.01932,5.98068,4.01932,3.61389,2.36679,4.01932,3.61389,2.36679,7.63321,2.36679
153,10,4.01911,5.98089,4.01911,3.61355,2.36734,4.01911,3.61355,2.36734,7.63266,2.36734
154,10,4.01891,5.98109,4.01891,3.61322,2.36788,4.01891,3.61322,2.36788,7.63212,2.36788
155,10,4.01871,5.98129,4.01871,3.61289,2.3684,4.01871,3.61289,2.3684,7.6316,2.3684
156,10,4.01852,5.98148,4.01852,3.61258,2.3689,4.01852,3.61258,2.3689,7.6311,2.3689
157,10,4.01833,5.98167,4.01833,3.61228,2.36939,4.01833,3.61228,2.36939,7.63061,2.36939
158,10,4.01816,5.98184,4.01816,3.61198,2.36986,4.01816,3.61198,2.36986,7.63014,2.36986
159,10,4.01798,5.98202,4.01798,3.6117,2.37032,4.01798,3.6117,2.37032,7.62968,2.37032
160,10,4.01782,5.98218,4.01782,3.61142,2.37076,4.01782,3.61142,2.37076,7.62924,2.37076
161,10,4.01766,5.98234,4.01766,3.61116,2.37119,4.01766,3.61116,2.37119,7.62881,2.37119
162,10,4.0175,5.9825,4.0175,3.61089,2.37161,4.0175,3.61089,2.37161,7.62839,2.37161
163,10,4.01735,5.98265,4.01735,3.61064,2.37201,4.01735,3.61064,2.37201,7.62799,2.37201
164,10,4.0172,5.9828,4.0172,3.6104,2.3724,4.0172,3.6104,2.3724,7.6276,2.3724
165,10,4.01706,5.98294,4.01706,3.61016,2.37278,4.01706,3.61016,2.37278,7.62722,2.37278
166,10,4.01693,5.98307,4.01693,3.60993,2.37314,4.01693,3.60993,2.37314,7.62686,2.37314
167,10,4.01679,5.98321,4.01679,3.60971,2.3735,4.01679,3.60971,2.3735,7.6265,2.3735
168,10,4.01667,5.98333,4.01667,3.60949,2.37384,4.01667,3.60949,2.37384,7.62616,2.37384
169,10,4.01654,5.98346,4.01654,3.60928,2.37418,4.01654,3.60928,2.37418,7.62582,2.37418
170,10,4.01642,5.98358,4.01642,3.60907,2.3745,4.01642,3.60907,2.3745,7.6255,2.3745
171,10,4.01631,5.98369,4.01631,3.60888,2.37482,4.01631,3.60888,2.37482,7.62518,2.37482
172,10,4.0162,5.9838,4.0162,3.60868,2.37512,4.0162,3.60868,2.37512,7.62488,2.37512
173,10,4.01609,5.98391,4.01609,3.6085,2.37541,4.01609,3.6085,2.37541,7.62459,2.37541
174,10,4.01598,5.98402,4.01598,3.60832,2.3757,4.01598,3.60832,2.3757,7.6243,2.3757
175,10,4.01588,5.98412,4.01588,3.60814,2.37597,4.01588,3.60814,2.37597,7.62403,2.37597
176,10,4.01579,5.98421,4.01579,3.60797,2.37624,4.01579,3.60797,2.37624,7.62376,2.37624
177,10,4.01569,5.98431,4.01569,3.60781,2.3765,4.01569,3.60781,2.3765,7.6235,2.3765
178,10,4.0156,5.9844,4.0156,3.60765,2.37675,4.0156,3.60765,2.37675,7.62325,2.37675
179,10,4.01551,5.98449,4.01551,3.60749,2.377,4.01551,3.60749,2.377,7.623,2.377
180,10,4.01543,5.98457,4.01543,3.60734,2.37723,4.01543,3.60734,2.37723,7.62277,2.37723
181,10,4.01534,5.98466,4.01534,3.6072,2.37746,4.01534,3.6072,2.37746,7.62254,2.37746
182,10,4.01526,5.98474,4.01526,3.60705,2.37768,4.01526,3.60705,2.37768,7.62232,2.37768
183,10,4.01519,5.98481,4.01519,3.60692,2.3779,4.01519,3.60692,2.3779,7.6221,2.3779
184,10,4.01511,5.98489,4.01511,3.60678,2.37811,4.01511,3.60678,2.37811,7.62189,2.37811
185,10,4.01504,5.98496,4.01504,3.60666,2.37831,4.01504,3.60666,2.37831,7.62169,2.37831
186,10,4.01497,5.98503,4.01497,3.60653,2.3785,4.01497,3.60653,2.3785,7.6215,2.3785
187,10,4.0149,5.9851,4.0149,3.60641,2.37869,4.0149,3.60641,2.37869,7.62131,2.37869
188,10,4.01483,5.98517,4.01483,3.60629,2.37888,4.01483,3.60629,2.37888,7.62112,2.37888
189,10,4.01477,5.98523,4.01477,3.60618,2.37905,4.01477,3.60618,2.37905,7.62095,2.37905
190,10,4.01471,5.98529,4.01471,3.60607,2.37923,4.01471,3.60607,2.37923,7.62077,2.37923
191,10,4.01465,5.98535,4.01465,3.60596,2.37939,4.01465,3.60596,2.37939,7.62061,2.37939
192,10,4.01459,5.98541,4.01459,3.60585,2.37955,4.01459,3.60585,2.37955,7.62045,2.37955
193,10,4.01454,5.98546,4.01454,3.60575,2.37971,4.01454,3.60575,2.37971,7.62029,2.37971
194,10,4.01448,5.98552,4.01448,3.60565,2.37986,4.01448,3.60565,2.37986,7.62014,2.37986
195,10,4.01443,5.98557,4.01443,3.60556,2.38001,4.01443,3.60556,2.38001,7.61999,2.38001
196,10,4.01438,5.98562,4.01438,3.60547,2.38015,4.01438,3.60547,2.38015,7.61985,2.38015
197,10,4.01433,5.98567,4.01433,3.60538,2.38029,4.01433,3.60538,2.38029,7.61971,2.38029
198,10,4.01429,5.98571,4.01429,3.60529,2.38042,4.01429,3.60529,2.38042,7.61958,2.38042
199,10,4.01424,5.98576,4.01424,3.60521,2.38055,4.01424,3.60521,2.38055,7.61945,2.38055
200,10,4.0142,5.9858,4.0142,3.60512,2.38068,4.0142,3.60512,2.38068,7.61932,2.38068
201,10,4.01415,5.98585,4.01415,3.60505,2.3808,4.01415,3.60505,2.3808,7.6192,2.3808
202,10,4.01411,5.98589,4.01411,3.60497,2.38092,4.01411,3.60497,2.38092,7.61908,2.38092
203,10,4.01407,5.98593,4.01407,3.60489,2.38103,4.01407,3.60489,2.38103,7.61897,2.38103
204,10,4.01403,5.98597,4.01403,3.60482,2.38115,4.01403,3.60482,2.38115,7.61885,2.38115
205,10,4.014,5.986,4.014,3.60475,2.38125,4.014,3.60475,2.38125,7.61875,2.38125
206,10,4.01396,5.98604,4.01396,3.60468,2.38136,4.01396,3.60468,2.38136,7.61864,2.38136
207,10,4.01392,5.98608,4.01392,3.60462,2.38146,4.01392,3.60462,2.38146,7.61854,2.38146
208,10,4.01389,5.98611,4.01389,3.60455,2.38156,4.01389,3.60455,2.38156,7.61844,2.38156
209,10,4.01386,5.98614,4.01386,3.60449,2.38165,4.01386,3.60449,2.38165,7.61835,2.38165
210,10,4.01383,5.98617,4.01383,3.60443,2.38174,4.01383,3.60443,2.38174,7.61826,2.38174
211,10,4.0138,5.9862,4.0138,3.60437,2.38183,4.0138,3.60437,2.38183,7.61817,2.38183
212,10,4.01377,5.98623,4.01377,3.60432,2.38192,4.01377,3.60432,2.38192,7.61808,2.38192
213,10,4.01374,5.98626,4.01374,3.60426,2.382,4.01374,3.60426,2.382,7.618,2.382
214,10,4.01371,5.98629,4.01371,3.60421,2.38208,4.01371,3.60421,2.38208,7.61792,2.38208
215,10,4.01368,5.98632,4.01368,3.60416,2.38216,4.01368,3.60416,2.38216,7.61784,2.38216
216,10,4.01366,5.98634,4.01366,3.60411,2.38224,4.01366,3.60411,2.38224,7.61776,2.38224
217,10,4.01363,5.98637,4.01363,3.60406,2.38231,4.01363,3.60406,2.38231,7.61769,2.38231
218,10,4.01361,5.98639,4.01361,3.60401,2.38238,4.01361,3.60401,2.38238,7.61762,2.38238
219,10,4.01358,5.98642,4.01358,3.60397,2.38245,4.01358,3.60397,2.38245,7.61755,2.38245
220,10,4.01356,5.98644,4.01356,3.60392,2.38252,4.01356,3.60392,2.38252,7.61748,2.38252
221,10,4.01354,5.98646,4.01354,3.60388,2.38258,4.01354,3.60388,2.38258,7.61742,2.38258
222,10,4.01352,5.98648,4.01352,3.60384,2.38265,4.01352,3.60384,2.38265,7.61735,2.38265
223,10,4.0135,5.9865,4.0135,3.6038,2.38271,4.0135,3.6038,2.38271,7.61729,2.38271
224,10,4.01348,5.98652,4.01348,3.60376,2.38277,4.01348,3.60376,2.38277,7.61723,2.38277
225,10,4.01346,5.98654,4.01346,3.60372,2.38282,4.01346,3.60372,2.38282,7.61718,2.38282
226,10,4.01344,5.98656,4.01344,3.60368,2.38288,4.01344,3.60368,2.38288,7.61712,2.38288
227,10,4.01342,5.98658,4.01342,3.60365,2.38293,4.01342,3.60365,2.38293,7.61707,2.38293
228,10,4.0134,5.9866,4.0134,3.60361,2.38299,4.0134,3.60361,2.38299,7.61701,2.38299
229,10,4.01338,5.98662,4.01338,3.60358,2.38304,4.01338,3.60358,2.38304,7.61696,2.38304
230,10,4.01337,5.98663,4.01337,3.60355,2.38308,4.01337,3.60355,2.38308,7.61692,2.38308
231,10,4.01335,5.98665,4.01335,3.60352,2.38313,4.01335,3.60352,2.38313,7.61687,2.38313
232,10,4.01334,5.98666,4.01334,3.60349,2.38318,4.01334,3.60349,2.38318,7.61682,2.38318
233,10,4.01332,5.98668,4.01332,3.60346,2.38322,4.01332,3.60346,2.38322,7.61678,2.38322
234,10,4.01331,5.98669,4.01331,3.60343,2.38327,4.01331,3.60343,2.38327,7.61673,2.38327
235,10,4.01329,5.98671,4.01329,3.6034,2.38331,4.01329,3.6034,2.38331,7.61669,2.38331
236,10,4.01328,5.98672,4.01328,3.60337,2.38335,4.01328,3.60337,2.38335,7.61665,2.38335
237,10,4.01327,5.98673,4.01327,3.60335,2.38339,4.01327,3.60335,2.38339,7.61661,2.38339
238,10,4.01325,5.98675,4.01325,3.60332,2.38343,4.01325,3.60332,2.38343,7.61657,2.38343
239,10,4.01324,5.98676,4.01324,3.6033,2.38346,4.01324,3.6033,2.38346,7.61654,2.38346
240,10,4.01323,5.98677,4.01323,3.60327,2.3835,4.01323,3.60327,2.3835,7.6165,2.3835
241,10,4.01322,5.98678,4.01322,3.60325,2.38353,4.01322,3.60325,2.38353,7.61647,2.38353
242,10,4.01321,5.98679,4.01321,3.60323,2.38357,4.01321,3.60323,2.38357,7.61643,2.38357
243,10,4.0132,5.9868,4.0132,3.6032,2.3836,4.0132,3.6032,2.3836,7.6164,2.3836
244,10,4.01319,5.98681,4.01319,3.60318,2.38363,4.01319,3.60318,2.38363,7.61637,2.38363
245,10,4.01318,5.98682,4.01318,3.60316,2.38366,4.01318,3.60316,2.38366,7.61634,2.38366
246,10,4.01317,5.98683,4.01317,3.60314,2.38369,4.01317,3.60314,2.38369,7.61631,2.38369
247,10,4.01316,5.98684,4.01316,3.60312,2.38372,4.01316,3.60312,2.38372,7.61628,2.38372
248,10,4.01315,5.98685,4.01315,3.60311,2.38375,4.01315,3.60311,2.38375,7.61625,2.38375
249,10,4.01314,5.98686,4.01314,3.60309,2.38377,4.01314,3.60309,2.38377,7.61623,2.38377
250,10,4.01313,5.98687,4.01313,3.60307,2.3838,4.01313,3.60307,2.3838,7.6162,2.3838
251,10,4.01312,5.98688,4.01312,3.60305,2.38383,4.01312,3.60305,2.38383,7.61617,2.38383
252,10,4.01311,5.98689,4.01311,3.60304,2.38385,4.01311,3.60304,2.38385,7.61615,2.38385
253,10,4.01311,5.98689,4.01311,3.60302,2.38387,4.01311,3.60302,2.38387,7.61613,2.38387
254,10,4.0131,5.9869,4.0131,3.603,2.3839,4.0131,3.603,2.3839,7.6161,2.3839
255,10,4.01309,5.98691,4.01309,3.60299,2.38392,4.01309,3.60299,2.38392,7.61608,2.38392
256,10,4.01308,5.98692,4.01308,3.60297,2.38394,4.01308,3.60297,2.38394,7.61606,2.38394
257,10,4.01308,5.98692,4.01308,3.60296,2.38396,4.01308,3.60296,2.38396,7.61604,2.38396
258,10,4.01307,5.98693,4.01307,3.60295,2.38398,4.01307,3.60295,2.38398,7.61602,2.38398
259,10,4.01306,5.98694,4.01306,3.60293,2.384,4.01306,3.60293,2.384,7.616,2.384
260,10,4.01306,5.98694,4.01306,3.60292,2.38402,4.01306,3.60292,2.38402,7.61598,2.38402
261,10,4.01305,5.98695,4.01305,3.60291,2.38404,4.01305,3.60291,2.38404,7.61596,2.38404
262,10,4.01305,5.98695,4.01305,3.6029,2.38406,4.01305,3.6029,2.38406,7.61594,2.38406
263,10,4.01304,5.98696,4.01304,3.60288,2.38408,4.01304,3.60288,2.38408,7.61592,2.38408
264,10,4.01303,5.98697,4.01303,3.60287,2.38409,4.01303,3.60287,2.38409,7.61591,2.38409
265,10,4.01303,5.98697,4.01303,3.60286,2.38411,4.01303,3.60286,2.38411,7.61589,2.38411
266,10,4.01302,5.98698,4.01302,3.60285,2.38412,4.01302,3.60285,2.38412,7.61588,2.38412
267,10,4.01302,5.98698,4.01302,3.60284,2.38414,4.01302,3.60284,2.38414,7.61586,2.38414
268,10,4.01301,5.98699,4.01301,3.60283,2.38416,4.01301,3.60283,2.38416,7.61584,2.38416
269,10,4.01301,5.98699,4.01301,3.60282,2.38417,4.01301,3.60282,2.38417,7.61583,2.38417
270,10,4.013,5.987,4.013,3.60281,2.38418,4.013,3.60281,2.38418,7.61582,2.38418
271,10,4.013,5.987,4.013,3.6028,2.3842,4.013,3.6028,2.3842,7.6158,2.3842
272,10,4.013,5.987,4.013,3.60279,2.38421,4.013,3.60279,2.38421,7.61579,2.38421
273,10,4.01299,5.98701,4.01299,3.60279,2.38422,4.01299,3.60279,2.38422,7.61578,2.38422
274,10,4.01299,5.98701,4.01299,3.60278,2.38424,4.01299,3.60278,2.38424,7.61576,2.38424
275,10,4.01298,5.98702,4.01298,3.60277,2.38425,4.01298,3.60277,2.38425,7.61575,2.38425
276,10,4.01298,5.98702,4.01298,3.60276,2.38426,4.01298,3.60276,2.38426,7.61574,2.38426
277,10,4.01298,5.98702,4.01298,3.60275,2.38427,4.01298,3.60275,2.38427,7.61573,2.38427
278,10,4.01297,5.98703,4.01297,3.60275,2.38428,4.01297,3.60275,2.38428,7.61572,2.38428
279,10,4.01297,5.98703,4.01297,3.60274,2.38429,4.01297,3.60274,2.38429,7.61571,2.38429
280,10,4.01297,5.98703,4.01297,3.60273,2.3843,4.01297,3.60273,2.3843,7.6157,2.3843
281,10,4.01296,5.98704,4.01296,3.60272,2.38431,4.01296,3.60272,2.38431,7.61569,2.38431
282,10,4.01296,5.98704,4.01296,3.60272,2.38432,4.01296,3.60272,2.38432,7.61568,2.38432
283,10,4.01296,5.98704,4.01296,3.60271,2.38433,4.01296,3.60271,2.38433,7.61567,2.38433
284,10,4.01295,5.98705,4.01295,3.60271,2.38434,4.01295,3.60271,2.38434,7.61566,2.38434
285,10,4.01295,5.98705,4.01295,3.6027,2.38435,4.01295,3.6027,2.38435,7.61565,2.38435
286,10,4.01295,5.98705,4.01295,3.60269,2.38436,4.01295,3.60269,2.38436,7.61564,2.38436
287,10,4.01295,5.98705,4.01295,3.60269,2.38436,4.01295,3.60269,2.38436,7.61564,2.38436
288,10,4.01294,5.98706,4.01294,3.60268,2.38437,4.01294,3.60268,2.38437,7.61563,2.38437
289,10,4.01294,5.98706,4.01294,3.60268,2.38438,4.01294,3.60268,2.38438,7.61562,2.38438
290,10,4.01294,5.98706,4.01294,3.60267,2.38439,4.01294,3.60267,2.38439,7.61561,2.38439
291,10,4.01294,5.98706,4.01294,3.60267,2.3844,4.01294,3.60267,2.3844,7.6156,2.3844
292,10,4.01293,5.98707,4.01293,3.60266,2.3844,4.01293,3.60266,2.3844,7.6156,2.3844
293,10,4.01293,5.98707,4.01293,3.60266,2.38441,4.01293,3.60266,2.38441,7.61559,2.38441
294,10,4.01293,5.98707,4.01293,3.60265,2.38442,4.01293,3.60265,2.38442,7.61558,2.38442
295,10,4.01293,5.98707,4.01293,3.60265,2.38442,4.01293,3.60265,2.38442,7.61558,2.38442
296,10,4.01293,5.98707,4.01293,3.60265,2.38443,4.01293,3.60265,2.38443,7.61557,2.38443
297,10,4.01292,5.98708,4.01292,3.60264,2.38443,4.01292,3.60264,2.38443,7.61557,2.38443
298,10,4.01292,5.98708,4.01292,3.60264,2.38444,4.01292,3.60264,2.38444,7.61556,2.38444
299,10,4.01292,5.98708,4.01292,3.60263,2.38445,4.01292,3.60263,2.38445,7.61555,2.38445
300,10,4.01292,5.98708,4.01292,3.60263,2.38445,4.01292,3.60263,2.38445,7.61555,2.38445
301,10,4.01292,5.98708,4.01292,3.60263,2.38446,4.01292,3.60263,2.38446,7.61554,2.38446
302,10,4.01292,5.98708,4.01292,3.60262,2.38446,4.01292,3.60262,2.38446,7.61554,2.38446
303,10,4.01291,5.98709,4.01291,3.60262,2.38447,4.01291,3.60262,2.38447,7.61553,2.38447
304,10,4.01291,5.98709,4.01291,3.60262,2.38447,4.01291,3.60262,2.38447,7.61553,2.38447
305,10,4.01291,5.98709,4.01291,3.60261,2.38448,4.01291,3.60261,2.38448,7.61552,2.38448
306,10,4.01291,5.98709,4.01291,3.60261,2.38448,4.01291,3.60261,2.38448,7.61552,2.38448
307,10,4.01291,5.98709,4.01291,3.60261,2.38448,4.01291,3.60261,2.38448,7.61552,2.38448
308,10,4.01291,5.98709,4.01291,3.6026,2.38449,4.01291,3.6026,2.38449,7.61551,2.38449
309,10,4.01291,5.98709,4.01291,3.6026,2.38449,4.01291,3.6026,2.38449,7.61551,2.38449
310,10,4.0129,5.9871,4.0129,3.6026,2.3845,4.0129,3.6026,2.3845,7.6155,2.3845
311,10,4.0129,5.9871,4.0129,3.6026,2.3845,4.0129,3.6026,2.3845,7.6155,2.3845
312,10,4.0129,5.9871,4.0129,3.60259,2.3845,4.0129,3.60259,2.3845,7.6155,2.3845
313,10,4.0129,5.9871,4.0129,3.60259,2.38451,4.0129,3.60259,2.38451,7.61549,2.38451
314,10,4.0129,5.9871,4.0129,3.60259,2.38451,4.0129,3.60259,2.38451,7.61549,2.38451
315,10,4.0129,5.9871,4.0129,3.60259,2.38452,4.0129,3.60259,2.38452,7.61548,2.38452
316,10,4.0129,5.9871,4.0129,3.60258,2.38452,4.0129,3.60258,2.38452,7.61548,2.38452
317,10,4.0129,5.9871,4.0129,3.60258,2.38452,4.0129,3.60258,2.38452,7.61548,2.38452
318,10,4.0129,5.9871,4.0129,3.60258,2.38452,4.0129,3.60258,2.38452,7.61548,2.38452
319,10,4.01289,5.98711,4.01289,3.60258,2.38453,4.01289,3.60258,2.38453,7.61547,2.38453
320,10,4.01289,5.98711,4.01289,3.60258,2.38453,4.01289,3.60258,2.38453,7.61547,2.38453
321,10,4.01289,5.98711,4.01289,3.60257,2.38453,4.01289,3.60257,2.38453,7.61547,2.38453
322,10,4.01289,5.98711,4.01289,3.60257,2.38454,4.01289,3.60257,2.38454,7.61546,2.38454
323,10,4.01289,5.98711,4.01289,3.60257,2.38454,4.01289,3.60257,2.38454,7.61546,2.38454
324,10,4.01289,5.98711,4.01289,3.60257,2.38454,4.01289,3.60257,2.38454,7.61546,2.38454
325,10,4.01289,5.98711,4.01289,3.60257,2.38454,4.01289,3.60257,2.38454,7.61546,2.38454
326,10,4.01289,5.98711,4.01289,3.60256,2.38455,4.01289,3.60256,2.38455,7.61545,2.38455
327,10,4.01289,5.98711,4.01289,3.60256,2.38455,4.01289,3.60256,2.38455,7.61545,2.38455
328,10,4.01289,5.98711,4.01289,3.60256,2.38455,4.01289,3.60256,2.38455,7.61545,2.38455
329,10,4.01289,5.98711,4.01289,3.60256,2.38455,4.01289,3.60256,2.38455,7.61545,2.38455
330,10,4.01289,5.98711,4.01289,3.60256,2.38456,4.01289,3.60256,2.38456,7.61544,2.38456
331,10,4.01289,5.98711,4.01289,3.60256,2.38456,4.01289,3.60256,2.38456,7.61544,2.38456
332,10,4.01289,5.98711,4.01289,3.60256,2.38456,4.01289,3.60256,2.38456,7.61544,2.38456
333,10,4.01288,5.98712,4.01288,3.60255,2.38456,4.01288,3.60255,2.38456,7.61544,2.38456
334,10,4.01288,5.98712,4.01288,3.60255,2.38456,4.01288,3.60255,2.38456,7.61544,2.38456
335,10,4.01288,5.98712,4.01288,3.60255,2.38457,4.01288,3.60255,2.38457,7.61543,2.38457
336,10,4.01288,5.98712,4.01288,3.60255,2.38457,4.01288,3.60255,2.38457,7.61543,2.38457
337,10,4.01288,5.98712,4.01288,3.60255,2.38457,4.01288,3.60255,2.38457,7.61543,2.38457
338,10,4.01288,5.98712,4.01288,3.60255,2.38457,4.01288,3.60255,2.38457,7.61543,2.38457
339,10,4.01288,5.98712,4.01288,3.60255,2.38457,4.01288,3.60255,2.38457,7.61543,2.38457
340,10,4.01288,5.98712,4.01288,3.60255,2.38457,4.01288,3.60255,2.38457,7.61543,2.38457
341,10,4.01288,5.98712,4.01288,3.60254,2.38457,4.01288,3.60254,2.38457,7.61543,2.38457
342,10,4.01288,5.98712,4.01288,3.60254,2.38458,4.01288,3.60254,2.38458,7.61542,2.38458
343,10,4.01288,5.98712,4.01288,3.60254,2.38458,4.01288,3.60254,2.38458,7.61542,2.38458
344,10,4.01288,5.98712,4.01288,3.60254,2.38458,4.01288,3.60254,2.38458,7.61542,2.38458
345,10,4.01288,5.98712,4.01288,3.60254,2.38458,4.01288,3.60254,2.38458,7.61542,2.38458
346,10,4.01288,5.98712,4.01288,3.60254,2.38458,4.01288,3.60254,2.38458,7.61542,2.38458
347,10,4.01288,5.98712,4.01288,3.60254,2.38458,4.01288,3.60254,2.38458,7.61542,2.38458
348,10,4.01288,5.98712,4.01288,3.60254,2.38458,4.01288,3.60254,2.38458,7.61542,2.38458
349,10,4.01288,5.98712,4.01288,3.60254,2.38459,4.01288,3.60254,2.38459,7.61541,2.38459
350,10,4.01288,5.98712,4.01288,3.60254,2.38459,4.01288,3.60254,2.38459,7.61541,2.38459
351,10,4.01288,5.98712,4.01288,3.60254,2.38459,4.01288,3.60254,2.38459,7.61541,2.38459
352,10,4.01288,5.98712,4.01288,3.60254,2.38459,4.01288,3.60254,2.38459,7.61541,2.38459
353,10,4.01288,5.98712,4.01288,3.60253,2.38459,4.01288,3.60253,2.38459,7.61541,2.38459
354,10,4.01288,5.98712,4.01288,3.60253,2.38459,4.01288,3.60253,2.38459,7.61541,2.38459
355,10,4.01288,5.98712,4.01288,3.60253,2.38459,4.01288,3.60253,2.38459,7.61541,2.38459
356,10,4.01287,5.98713,4.01287,3.60253,2.38459,4.01287,3.60253,2.38459,7.61541,2.38459
357,10,4.01287,5.98713,4.01287,3.60253,2.38459,4.01287,3.60253,2.38459,7.61541,2.38459
358,10,4.01287,5.98713,4.01287,3.60253,2.38459,4.01287,3.60253,2.38459,7.61541,2.38459
359,10,4.01287,5.98713,4.01287,3.60253,2.3846,4.01287,3.60253,2.3846,7.6154,2.3846
360,10,4.01287,5.98713,4.01287,3.60253,2.3846,4.01287,3.60253,2.3846,7.6154,2.3846
361,10,4.01287,5.98713,4.01287,3.60253,2.3846,4.01287,3.60253,2.3846,7.6154,2.3846
362,10,4.01287,5.98713,4.01287,3.60253,2.3846,4.01287,3.60253,2.3846,7.6154,2.3846
363,10,4.01287,5.98713,4.01287,3.60253,2.3846,4.01287,3.60253,2.3846,7.6154,2.3846
364,10,4.01287,5.98713,4.01287,3.60253,2.3846,4.01287,3.60253,2.3846,7.6154,2.3846
365,10,4.01287,5.98713,4.01287,3.60253,2.3846,4.01287,3.60253,2.3846,7.6154,2.3846
366,10,4.01287,5.98713,4.01287,3.60253,2.3846,4.01287,3.60253,2.3846,7.6154,2.3846
367,10,4.01287,5.98713,4.01287,3.60253,2.3846,4.01287,3.60253,2.3846,7.6154,2.3846
368,10,4.01287,5.98713,4.01287,3.60253,2.3846,4.01287,3.60253,2.3846,7.6154,2.3846
369,10,4.01287,5.98713,4.01287,3.60253,2.3846,4.01287,3.60253,2.3846,7.6154,2.3846
370,10,4.01287,5.98713,4.01287,3.60253,2.3846,4.01287,3.60253,2.3846,7.6154,2.3846
371,10,4.01287,5.98713,4.01287,3.60252,2.3846,4.01287,3.60252,2.3846,7.6154,2.3846
372,10,4.01287,5.98713,4.01287,3.60252,2.3846,4.01287,3.60252,2.3846,7.6154,2.3846
373,10,4.01287,5.98713,4.01287,3.60252,2.38461,4.01287,3.60252,2.38461,7.61539,2.38461
374,10,4.01287,5.98713,4.01287,3.60252,2.38461,4.01287,3.60252,2.38461,7.61539,2.38461
375,10,4.01287,5.98713,4.01287,3.60252,2.38461,4.01287,3.60252,2.38461,7.61539,2.38461
376,10,4.01287,5.98713,4.01287,3.60252,2.38461,4.01287,3.60252,2.38461,7.61539,2.38461
377,10,4.01287,5.98713,4.01287,3.60252,2.38461,4.01287,3.60252,2.38461,7.61539,2.38461
378,10,4.01287,5.98713,4.01287,3.60252,2.38461,4.01287,3.60252,2.38461,7.61539,2.38461
379,10,4.01287,5.98713,4.01287,3.60252,2.38461,4.01287,3.60252,2.38461,7.61539,2.38461
380,10,4.01287,5.98713,4.01287,3.60252,2.38461,4.01287,3.60252,2.38461,7.61539,2.38461
381,10,4.01287,5.98713,4.01287,3.60252,2.38461,4.01287,3.60252,2.38461,7.61539,2.38461
382,10,4.01287,5.98713,4.01287,3.60252,2.38461,4.01287,3.60252,2.38461,7.61539,2.38461
383,10,4.01287,5.98713,4.01287,3.60252,2.38461,4.01287,3.60252,2.38461,7.61539,2.38461
384,10,4.01287,5.98713,4.01287,3.60252,2.38461,4.01287,3.60252,2.38461,7.61539,2.38461
385,10,4.01287,5.98713,4.01287,3.60252,2.38461,4.01287,3.60252,2.38461,7.61539,2.38461
386,10,4.01287,5.98713,4.01287,3.60252,2.38461,4.01287,3.60252,2.38461,7.61539,2.38461
387,10,4.01287,5.98713,4.01287,3.60252,2.38461,4.01287,3.60252,2.38461,7.61539,2.38461
388,10,4.01287,5.98713,4.01287,3.60252,2.38461,4.01287,3.60252,2.38461,7.61539,2.38461
389,10,4.01287,5.98713,4.01287,3.60252,2.38461,4.01287,3.60252,2.38461,7.61539,2.38461
390,10,4.01287,5.98713,4.01287,3.60252,2.38461,4.01287,3.60252,2.38461,7.61539,2.38461
391,10,4.01287,5.98713,4.01287,3.60252,2.38461,4.01287,3.60252,2.38461,7.61539,2.38461
392,10,4.01287,5.98713,4.01287,3.60252,2.38461,4.01287,3.60252,2.38461,7.61539,2.38461
393,10,4.01287,5.98713,4.01287,3.60252,2.38461,4.01287,3.60252,2.38461,7.61539,2.38461
394,10,4.01287,5.98713,4.01287,3.60252,2.38461,4.01287,3.60252,2.38461,7.61539,2.38461
395,10,4.01287,5.98713,4.01287,3.60252,2.38461,4.01287,3.60252,2.38461,7.61539,2.38461
396,10,4.01287,5.98713,4.01287,3.60252,2.38461,4.01287,3.60252,2.38461,7.61539,2.38461
397,10,4.01287,5.98713,4.01287,3.60252,2.38461,4.01287,3.60252,2.38461,7.61539,2.38461
398,10,4.01287,5.98713,4.01287,3.60252,2.38461,4.01287,3.60252,2.38461,7.61539,2.38461
399,10,4.01287,5.98713,4.01287,3.60252,2.38461,4.01287,3.60252,2.38461,7.61539,2.38461
400,10,4.01287,5.98713,4.01287,3.60252,2.38462,4.01287,3.60252,2.38462,7.61538,2.38462
401,10,4.01287,5.98713,4.01287,3.60252,2.38462,4.01287,3.60252,2.38462,7.61538,2.38462
402,10,4.01287,5.98713,4.01287,3.60252,2.38462,4.01287,3.60252,2.38462,7.61538,2.38462
403,10,4.01287,5.98713,4.01287,3.60252,2.38462,4.01287,3.60252,2.38462,7.61538,2.38462
404,10,4.01287,5.98713,4.01287,3.60252,2.38462,4.01287,3.60252,2.38462,7.61538,2.38462
405,10,4.01287,5.98713,4.01287,3.60252,2.38462,4.01287,3.60252,2.38462,7.61538,2.38462
406,10,4.01287,5.98713,4.01287,3.60252,2.38462,4.01287,3.60252,2.38462,7.61538,2.38462
407,10,4.01287,5.98713,4.01287,3.60252,2.38462,4.01287,3.60252,2.38462,7.61538,2.38462
408,10,4.01287,5.98713,4.01287,3.60252,2.38462,4.01287,3.60252,2.38462,7.61538,2.38462
409,10,4.01287,5.98713,4.01287,3.60252,2.38462,4.01287,3.60252,2.38462,7.61538,2.38462
410,10,4.01287,5.98713,4.01287,3.60252,2.38462,4.01287,3.60252,2.38462,7.61538,2.38462
411,10,4.01287,5.98713,4.01287,3.60252,2.38462,4.01287,3.60252,2.38462,7.61538,2.38462
412,10,4.01287,5.98713,4.01287,3.60252,2.38462,4.01287,3.60252,2.38462,7.61538,2.38462
413,10,4.01287,5.98713,4.01287,3.60252,2.38462,4.01287,3.60252,2.38462,7.61538,2.38462
414,10,4.01287,5.98713,4.01287,3.60252,2.38462,4.01287,3.60252,2.38462,7.61538,2.38462
415,10,4.01287,5.98713,4.01287,3.60252,2.38462,4.01287,3.60252,2.38462,7.61538,2.38462
416,10,4.01287,5.98713,4.01287,3.60251,2.38462,4.01287,3.60251,2.38462,7.61538,2.38462
417,10,4.01287,5.98713,4.01287,3.60251,2.38462,4.01287,3.60251,2.38462,7.61538,2.38462
418,10,4.01287,5.98713,4.01287,3.60251,2.38462,4.01287,3.60251,2.38462,7.61538,2.38462
419,10,4.01287,5.98713,4.01287,3.60251,2.38462,4.01287,3.60251,2.38462,7.61538,2.38462
420,10,4.01287,5.98713,4.01287,3.60251,2.38462,4.01287,3.60251,2.38462,7.61538,2.38462
421,10,4.01287,5.98713,4.01287,3.60251,2.38462,4.01287,3.60251,2.38462,7.61538,2.38462
422,10,4.01287,5.98713,4.01287,3.60251,2.38462,4.01287,3.60251,2.38462,7.61538,2.38462
423,10,4.01287,5.98713,4.01287,3.60251,2.38462,4.01287,3.60251,2.38462,7.61538,2.38462
424,10,4.01287,5.98713,4.01287,3.60251,2.38462,4.01287,3.60251,2.38462,7.61538,2.38462
425,10,4.01287,5.98713,4.01287,3.60251,2.38462,4.01287,3.60251,2.38462,7.61538,2.38462
426,10,4.01287,5.98713,4.01287,3.60251,2.38462,4.01287,3.60251,2.38462,7.61538,2.38462
427,10,4.01287,5.98713,4.01287,3.60251,2.38462,4.01287,3.60251,2.38462,7.61538,2.38462
428,10,4.01287,5.98713,4.01287,3.60251,2.38462,4.01287,3.60251,2.38462,7.61538,2.38462
429,10,4.01287,5.98713,4.01287,3.60251,2.38462,4.01287,3.60251,2.38462,7.61538,2.38462
430,10,4.01287,5.98713,4.01287,3.60251,2.38462,4.01287,3.60251,2.38462,7.61538,2.38462
431,10,4.01287,5.98713,4.01287,3.60251,2.38462,4.01287,3.60251,2.38462,7.61538,2.38462
432,10,4.01287,5.98713,4.01287,3.60251,2.38462,4.01287,3.60251,2.38462,7.61538,2.38462
433,10,4.01287,5.98713,4.01287,3.60251,2.38462,4.01287,3.60251,2.38462,7.61538,2.38462
434,10,4.01287,5.98713,4.01287,3.60251,2.38462,4.01287,3.60251,2.38462,7.61538,2.38462
435,10,4.01287,5.98713,4.01287,3.60251,2.38462,4.01287,3.60251,2.38462,7.61538,2.38462
436,10,4.01287,5.98713,4.01287,3.60251,2.38462,4.01287,3.60251,2.38462,7.61538,2.38462
437,10,4.01287,5.98713,4.01287,3.60251,2.38462,4.01287,3.60251,2.38462,7.61538,2.38462
438,10,4.01287,5.98713,4.01287,3.60251,2.38462,4.01287,3.60251,2.38462,7.61538,2.38462
439,10,4.01287,5.98713,4.01287,3.60251,2.38462,4.01287,3.60251,2.38462,7.61538,2.38462
440,10,4.01287,5.98713,4.01287,3.60251,2.38462,4.01287,3.60251,2.38462,7.61538,2.38462
441,10,4.01287,5.98713,4.01287,3.60251,2.38462,4.01287,3.60251,2.38462,7.61538,2.38462
442,10,4.01287,5.98713,4.01287,3.60251,2.38462,4.01287,3.60251,2.38462,7.61538,2.38462
443,10,4.01287,5.98713,4.01287,3.60251,2.38462,4.01287,3.60251,2.38462,7.61538,2.38462
444,10,4.01287,5.98713,4.01287,3.60251,2.38462,4.01287,3.60251,2.38462,7.61538,2.38462
445,10,4.01287,5.98713,4.01287,3.60251,2.38462,4.01287,3.60251,2.38462,7.61538,2.38462
446,10,4.01287,5.98713,4.01287,3.60251,2.38462,4.01287,3.60251,2.38462,7.61538,2.38462
447,10,4.01287,5.98713,4.01287,3.60251,2.38462,4.01287,3.60251,2.38462,7.61538,2.38462
448,10,4.01287,5.98713,4.01287,3.60251,2.38462,4.01287,3.60251,2.38462,7.61538,2.38462
449,10,4.01287,5.98713,4.01287,3.60251,2.38462,4.01287,3.60251,2.38462,7.61538,2.38462
450,10,4.01287,5.98713,4.01287,3.60251,2.38462,4.01287,3.60251,2.38462,7.61538,2.38462
451,10,4.01287,5.98713,4.01287,3.60251,2.38462,4.01287,3.60251,2.38462,7.61538,2.38462
452,10,4.01287,5.98713,4.01287,3.60251,2.38462,4.01287,3.60251,2.38462,7.61538,2.38462
453,10,4.01287,5.98713,4.01287,3.60251,2.38462,4.01287,3.60251,2.38462,7.61538,2.38462
454,10,4.01287,5.98713,4.01287,3.60251,2.38462,4.01287,3.60251,2.38462,7.61538,2.38462
455,10,4.01287,5.98713,4.01287,3.60251,2.38462,4.01287,3.60251,2.38462,7.61538,2.38462
456,10,4.01287,5.98713,4.01287,3.60251,2.38462,4.01287,3.60251,2.38462,7.61538,2.38462
457,10,4.01287,5.98713,4.01287,3.60251,2.38462,4.01287,3.60251,2.38462,7.61538,2.38462
458,10,4.01287,5.98713,4.01287,3.60251,2.38462,4.01287,3.60251,2.38462,7.61538,2.38462
459,10,4.01287,5.98713,4.01287,3.60251,2.38462,4.01287,3.60251,2.38462,7.61538,2.38462
460,10,4.01287,5.98713,4.01287,3.60251,2.38462,4.01287,3.60251,2.38462,7.61538,2.38462
461,10,4.01287,5.98713,4.01287,3.60251,2.38462,4.01287,3.60251,2.38462,7.61538,2.38462
462,10,4.01287,5.98713,4.01287,3.60251,2.38462,4.01287,3.60251,2.38462,7.61538,2.38462
463,10,4.01287,5.98713,4.01287,3.60251,2.38462,4.01287,3.60251,2.38462,7.61538,2.38462
464,10,4.01287,5.98713,4.01287,3.60251,2.38462,4.01287,3.60251,2.38462,7.61538,2.38462
465,10,4.01287,5.98713,4.01287,3.60251,2.38462,4.01287,3.60251,2.38462,7.61538,2.38462
466,10,4.01287,5.98713,4.01287,3.60251,2.38462,4.01287,3.60251,2.38462,7.61538,2.38462
467,10,4.01287,5.98713,4.01287,3.60251,2.38462,4.01287,3.60251,2.38462,7.61538,2.38462
468,10,4.01287,5.98713,4.01287,3.60251,2.38462,4.01287,3.60251,2.38462,7.61538,2.38462
469,10,4.01287,5.98713,4.01287,3.60251,2.38462,4.01287,3.60251,2.38462,7.61538,2.38462
470,10,4.01287,5.98713,4.01287,3.60251,2.38462,4.01287,3.60251,2.38462,7.61538,2.38462
471,10,4.01287,5.98713,4.01287,3.60251,2.38462,4.01287,3.60251,2.38462,7.61538,2.38462
472,10,4.01287,5.98713,4.01287,3.60251,2.38462,4.01287,3.60251,2.38462,7.61538,2.38462
473,10,4.01287,5.98713,4.01287,3.60251,2.38462,4.01287,3.60251,2.38462,7.61538,2.38462
474,10,4.01287,5.98713,4.01287,3.60251,2.38462,4.01287,3.60251,2.38462,7.61538,2.38462
475,10,4.01287,5.98713,4.01287,3.60251,2.38462,4.01287,3.60251,2.38462,7.61538,2.38462
476,10,4.01287,5.98713,4.01287,3.60251,2.38462,4.01287,3.60251,2.38462,7.61538,2.38462
477,10,4.01287,5.98713,4.01287,3.60251,2.38462,4.01287,3.60251,2.38462,7.61538,2.38462
478,10,4.01287,5.98713,4.01287,3.60251,2.38462,4.01287,3.60251,2.38462,7.61538,2.38462
479,10,4.01287,5.98713,4.01287,3.60251,2.38462,4.01287,3.60251,2.38462,7.61538,2.38462
480,10,4.01287,5.98713,4.01287,3.60251,2.38462,4.01287,3.60251,2.38462,7.61538,2.38462
481,10,4.01287,5.98713,4.01287,3.60251,2.38462,4.01287,3.60251,2.38462,7.61538,2.38462
482,10,4.01287,5.98713,4.01287,3.60251,2.38462,4.01287,3.60251,2.38462,7.61538,2.38462
483,10,4.01287,5.98713,4.01287,3.60251,2.38462,4.01287,3.60251,2.38462,7.61538,2.38462
484,10,4.01287,5.98713,4.01287,3.60251,2.38462,4.01287,3.60251,2.38462,7.61538,2.38462
485,10,4.01287,5.98713,4.01287,3.60251,2.38462,4.01287,3.60251,2.38462,7.61538,2.38462
486,10,4.01287,5.98713,4.01287,3.60251,2.38462,4.01287,3.60251,2.38462,7.61538,2.38462
487,10,4.01287,5.98713,4.01287,3.60251,2.38462,4.01287,3.60251,2.38462,7.61538,2.38462
488,10,4.01287,5.98713,4.01287,3.60251,2.38462,4.01287,3.60251,2.38462,7.61538,2.38462
489,10,4.01287,5.98713,4.01287,3.60251,2.38462,4.01287,3.60251,2.38462,7.61538,2.38462
490,10,4.01287,5.98713,4.01287,3.60251,2.38462,4.01287,3.60251,2.38462,7.61538,2.38462
491,10,4.01287,5.98713,4.01287,3.60251,2.38462,4.01287,3.60251,2.38462,7.61538,2.38462
492,10,4.01287,5.98713,4.01287,3.60251,2.38462,4.01287,3.60251,2.38462,7.61538,2.38462
493,10,4.01287,5.98713,4.01287,3.60251,2.38462,4.01287,3.60251,2.38462,7.61538,2.38462
494,10,4.01287,5.98713,4.01287,3.60251,2.38462,4.01287,3.60251,2.38462,7.61538,2.38462
495,10,4.01287,5.98713,4.01287,3.60251,2.38462,4.01287,3.60251,2.38462,7.61538,2.38462
496,10,4.01287,5.98713,4.01287,3.60251,2.38462,4.01287,3.60251,2.38462,7.61538,2.38462
497,10,4.01287,5.98713,4.01287,3.60251,2.38462,4.01287,3.60251,2.38462,7.61538,2.38462
498,10,4.01287,5.98713,4.01287,3.60251,2.38462,4.01287,3.60251,2.38462,7.61538,2.38462
499,10,4.01287,5.98713,4.01287,3.60251,2.38462,4.01287,3.60251,2.38462,7.61538,2.38462
500,10,4.01287,5.98713,4.01287,3.60251,2.38462,4.01287,3.60251,2.38462,7.61538,2.38462
501,10,4.01287,5.98713,4.01287,3.60251,2.38462,4.01287,3.60251,2.38462,7.61538,2.38462
502,10,4.01287,5.98713,4.01287,3.60251,2.38462,4.01287,3.60251,2.38462,7.61538,2.38462
503,10,4.01287,5.98713,4.01287,3.60251,2.38462,4.01287,3.60251,2.38462,7.61538,2.38462
504,10,4.01287,5.98713,4.01287,3.60251,2.38462,4.01287,3.60251,2.38462,7.61538,2.38462
505,10,4.01287,5.98713,4.01287,3.60251,2.38462,4.01287,3.60251,2.38462,7.61538,2.38462
506,10,4.01287,5.98713,4.01287,3.60251,2.38462,4.01287,3.60251,2.38462,7.61538,2.38462
507,10,4.01287,5.98713,4.01287,3.60251,2.38462,4.01287,3.60251,2.38462,7.61538,2.38462
508,10,4.01287,5.98713,4.01287,3.60251,2.38462,4.01287,3.60251,2.38462,7.61538,2.38462
509,10,4.01287,5.98713,4.01287,3.60251,2.38462,4.01287,3.60251,2.38462,7.61538,2.38462
510,10,4.01287,5.98713,4.01287,3.60251,2.38462,4.01287,3.60251,2.38462,7.61538,2.38462
511,10,4.01287,5.98713,4.01287,3.60251,2.38462,4.01287,3.60251,2.38462,7.61538,2.38462
512,10,4.01287,5.98713,4.01287,3.60251,2.38462,4.01287,3.60251,2.38462,7.61538,2.38462
513,10,4.01287,5.98713,4.01287,3.60251,2.38462,4.01287,3.60251,2.38462,7.61538,2.38462
514,10,4.01287,5.98713,4.01287,3.60251,2.38462,4.01287,3.60251,2.38462,7.61538,2.38462
515,10,4.01287,5.98713,4.01287,3.60251,2.38462,4.01287,3.60251,2.38462,7.61538,2.38462
516,10,4.01287,5.98713,4.01287,3.60251,2.38462,4.01287,3.60251,2.38462,7.61538,2.38462
517,10,4.01287,5.98713,4.01287,3.60251,2.38462,4.01287,3.60251,2.38462,7.61538,2.38462
518,10,4.01287,5.98713,4.01287,3.60251,2.38462,4.01287,3.60251,2.38462,7.61538,2.38462
519,10,4.01287,5.98713,4.01287,3.60251,2.38462,4.01287,3.60251,2.38462,7.61538,2.38462
520,10,4.01287,5.98713,4.01287,3.60251,2.38462,4.01287,3.60251,2.38462,7.61538,2.38462
521,10,4.01287,5.98713,4.01287,3.60251,2.38462,4.01287,3.60251,2.38462,7.61538,2.38462
522,10,4.01287,5.98713,4.01287,3.60251,2.38462,4.01287,3.60251,2.38462,7.61538,2.38462
523,10,4.01287,5.98713,4.01287,3.60251,2.38462,4.01287,3.60251,2.38462,7.61538,2.38462
524,10,4.01287,5.98713,4.01287,3.60251,2.38462,4.01287,3.60251,2.38462,7.61538,2.38462
525,10,4.01287,5.98713,4.01287,3.60251,2.38462,4.01287,3.60251,2.38462,7.61538,2.38462
526,10,4.01287,5.98713,4.01287,3.60251,2.38462,4.01287,3.60251,2.38462,7.61538,2.38462
527,10,4.01287,5.98713,4.01287,3.60251,2.38462,4.01287,3.60251,2.38462,7.61538,2.38462
528,10,4.01287,5.98713,4.01287,3.60251,2.38462,4.01287,3.60251,2.38462,7.61538,2.38462
529,10,4.01287,5.98713,4.01287,3.60251,2.38462,4.01287,3.60251,2.38462,7.61538,2.38462
530,10,4.01287,5.98713,4.01287,3.60251,2.38462,4.01287,3.60251,2.38462,7.61538,2.38462
531,10,4.01287,5.98713,4.01287,3.60251,2.38462,4.01287,3.60251,2.38462,7.61538,2.38462
532,10,4.01287,5.98713,4.01287,3.60251,2.38462,4.01287,3.60251,2.38462,7.61538,2.38462
533,10,4.01287,5.98713,4.01287,3.60251,2.38462,4.01287,3.60251,2.38462,7.61538,2.38462
534,10,4.01287,5.98713,4.01287,3.60251,2.38462,4.01287,3.60251,2.38462,7.61538,2.38462
535,10,4.01287,5.98713,4.01287,3.60251,2.38462,4.01287,3.60251,2.38462,7.61538,2.38462
536,10,4.01287,5.98713,4.01287,3.60251,2.38462,4.01287,3.60251,2.38462,7.61538,2.38462
537,10,4.01287,5.98713,4.01287,3.60251,2.38462,4.01287,3.60251,2.38462,7.61538,2.38462
538,10,4.01287,5.98713,4.01287,3.60251,2.38462,4.01287,3.60251,2.38462,7.61538,2.38462
539,10,4.01287,5.98713,4.01287,3.60251,2.38462,4.01287,3.60251,2.38462,7.61538,2.38462
540,10,4.01287,5.98713,4.01287,3.60251,2.38462,4.01287,3.60251,2.38462,7.61538,2.38462
541,10,4.01287,5.98713,4.01287,3.60251,2.38462,4.01287,3.60251,2.38462,7.61538,2.38462
542,10,4.01287,5.98713,4.01287,3.60251,2.38462,4.01287,3.60251,2.38462,7.61538,2.38462
543,10,4.01287,5.98713,4.01287,3.60251,2.38462,4.01287,3.60251,2.38462,7.61538,2.38462
544,10,4.01287,5.98713,4.01287,3.60251,2.38462,4.01287,3.60251,2.38462,7.61538,2.38462
545,10,4.01287,5.98713,4.01287,3.60251,2.38462,4.01287,3.60251,2.38462,7.61538,2.38462
546,10,4.01287,5.98713,4.01287,3.60251,2.38462,4.01287,3.60251,2.38462,7.61538,2.38462
547,10,4.01287,5.98713,4.01287,3.60251,2.38462,4.01287,3.60251,2.38462,7.61538,2.38462
548,10,4.01287,5.98713,4.01287,3.60251,2.38462,4.01287,3.60251,2.38462,7.61538,2.38462
549,10,4.01287,5.98713,4.01287,3.60251,2.38462,4.01287,3.60251,2.38462,7.61538,2.38462
550,10,4.01287,5.98713,4.01287,3.60251,2.38462,4.01287,3.60251,2.38462,7.61538,2.38462
551,10,4.01287,5.98713,4.01287,3.60251,2.38462,4.01287,3.60251,2.38462,7.61538,2.38462
552,10,4.01287,5.98713,4.01287,3.60251,2.38462,4.01287,3.60251,2.38462,7.61538,2.38462
553,10,4.01287,5.98713,4.01287,3.60251,2.38462,4.01287,3.60251,2.38462,7.61538,2.38462
554,10,4.01287,5.98713,4.01287,3.60251,2.38462,4.01287,3.60251,2.38462,7.61538,2.38462
555,10,4.01287,5.98713,4.01287,3.60251,2.38462,4.01287,3.60251,2.38462,7.61538,2.38462
556,10,4.01287,5.98713,4.01287,3.60251,2.38462,4.01287,3.60251,2.38462,7.61538,2.38462
557,10,4.01287,5.98713,4.01287,3.60251,2.38462,4.01287,3.60251,2.38462,7.61538,2.38462
558,10,4.01287,5.98713,4.01287,3.60251,2.38462,4.01287,3.60251,2.38462,7.61538,2.38462
559,10,4.01287,5.98713,4.01287,3.60251,2.38462,4.01287,3.60251,2.38462,7.61538,2.38462
560,10,4.01287,5.98713,4.01287,3.60251,2.38462,4.01287,3.60251,2.38462,7.61538,2.38462
561,10,4.01287,5.98713,4.01287,3.60251,2.38462,4.01287,3.60251,2.38462,7.61538,2.38462
562,10,4.01287,5.98713,4.01287,3.60251,2.38462,4.01287,3.60251,2.38462,7.61538,2.38462
563,10,4.01287,5.98713,4.01287,3.60251,2.38462,4.01287,3.60251,2.38462,7.61538,2.38462
564,10,4.01287,5.98713,4.01287,3.60251,2.38462,4.01287,3.60251,2.38462,7.61538,2.38462
565,10,4.01287,5.98713,4.01287,3.60251,2.38462,4.01287,3.60251,2.38462,7.61538,2.38462
566,10,4.01287,5.98713,4.01287,3.60251,2.38462,4.01287,3.60251,2.38462,7.61538,2.38462
567,10,4.01287,5.98713,4.01287,3.60251,2.38462,4.01287,3.60251,2.38462,7.61538,2.38462
568,10,4.01287,5.98713,4.01287,3.60251,2.38462,4.01287,3.60251,2.38462,7.61538,2.38462
569,10,4.01287,5.98713,4.01287,3.60251,2.38462,4.01287,3.60251,2.38462,7.61538,2.38462
570,10,4.01287,5.98713,4.01287,3.60251,2.38462,4.01287,3.60251,2.38462,7.61538,2.38462
571,10,4.01287,5.98713,4.01287,3.60251,2.38462,4.01287,3.60251,2.38462,7.61538,2.38462
572,10,4.01287,5.98713,4.01287,3.60251,2.38462,4.01287,3.60251,2.38462,7.61538,2.38462
573,10,4.01287,5.98713,4.01287,3.60251,2.38462,4.01287,3.60251,2.38462,7.61538,2.38462
574,10,4.01287,5.98713,4.01287,3.60251,2.38462,4.01287,3.60251,2.38462,7.61538,2.38462
575,10,4.01287,5.98713,4.01287,3.60251,2.38462,4.01287,3.60251,2.38462,7.61538,2.38462
576,10,4.01287,5.98713,4.01287,3.60251,2.38462,4.01287,3.60251,2.38462,7.61538,2.38462
577,10,4.01287,5.98713,4.01287,3.60251,2.38462,4.01287,3.60251,2.38462,7.61538,2.38462
578,10,4.01287,5.98713,4.01287,3.60251,2.38462,4.01287,3.60251,2.38462,7.61538,2.38462
579,10,4.01287,5.98713,4.01287,3.60251,2.38462,4.01287,3.60251,2.38462,7.61538,2.38462
580,10,4.01287,5.98713,4.01287,3.60251,2.38462,4.01287,3.60251,2.38462,7.61538,2.38462
581,10,4.01287,5.98713,4.01287,3.60251,2.38462,4.01287,3.60251,2.38462,7.61538,2.38462
582,10,4.01287,5.98713,4.01287,3.60251,2.38462,4.01287,3.60251,2.38462,7.61538,2.38462
583,10,4.01287,5.98713,4.01287,3.60251,2.38462,4.01287,3.60251,2.38462,7.61538,2.38462
584,10,4.01287,5.98713,4.01287,3.60251,2.38462,4.01287,3.60251,2.38462,7.61538,2.38462
585,10,4.01287,5.98713,4.01287,3.60251,2.38462,4.01287,3.60251,2.38462,7.61538,2.38462
586,10,4.01287,5.98713,4.01287,3.60251,2.38462,4.01287,3.60251,2.38462,7.61538,2.38462
587,10,4.01287,5.98713,4.01287,3.60251,2.38462,4.01287,3.60251,2.38462,7.61538,2.38462
588,10,4.01287,5.98713,4.01287,3.60251,2.38462,4.01287,3.60251,2.38462,7.61538,2.38462
589,10,4.01287,5.98713,4.01287,3.60251,2.38462,4.01287,3.60251,2.38462,7.61538,2.38462
590,10,4.01287,5.98713,4.01287,3.60251,2.38462,4.01287,3.60251,2.38462,7.61538,2.38462
591,10,4.01287,5.98713,4.01287,3.60251,2.38462,4.01287,3.60251,2.38462,7.61538,2.38462
592,10,4.01287,5.98713,4.01287,3.60251,2.38462,4.01287,3.60251,2.38462,7.61538,2.38462
593,10,4.01287,5.98713,4.01287,3.60251,2.38462,4.01287,3.60251,2.38462,7.61538,2.38462
594,10,4.01287,5.98713,4.01287,3.60251,2.38462,4.01287,3.60251,2.38462,7.61538,2.38462
595,10,4.01287,5.98713,4.01287,3.60251,2.38462,4.01287,3.60251,2.38462,7.61538,2.38462
596,10,4.01287,5.98713,4.01287,3.60251,2.38462,4.01287,3.60251,2.38462,7.61538,2.38462
597,10,4.01287,5.98713,4.01287,3.60251,2.38462,4.01287,3.60251,2.38462,7.61538,2.38462
598,10,4.01287,5.98713,4.01287,3.60251,2.38462,4.01287,3.60251,2.38462,7.61538,2.38462
599,10,4.01287,5.98713,4.01287,3.60251,2.38462,4.01287,3.60251,2.38462,7.61538,2.38462
600,10,4.01287,5.98713,4.01287,3.60251,2.38462,4.01287,3.60251,2.38462,7.61538,2.38462
601,10,4.01287,5.98713,4.01287,3.60251,2.38462,4.01287,3.60251,2.38462,7.61538,2.38462
602,10,4.01287,5.98713,4.01287,3.60251,2.38462,4.01287,3.60251,2.38462,7.61538,2.38462
603,10,4.01287,5.98713,4.01287,3.60251,2.38462,4.01287,3.60251,2.38462,7.61538,2.38462
604,10,4.01287,5.98713,4.01287,3.60251,2.38462,4.01287,3.60251,2.38462,7.61538,2.38462
605,10,4.01287,5.98713,4.01287,3.60251,2.38462,4.01287,3.60251,2.38462,7.61538,2.38462
606,10,4.01287,5.98713,4.01287,3.60251,2.38462,4.01287,3.60251,2.38462,7.61538,2.38462
607,10,4.01287,5.98713,4.01287,3.60251,2.38462,4.01287,3.60251,2.38462,7.61538,2.38462
608,10,4.01287,5.98713,4.01287,3.60251,2.38462,4.01287,3.60251,2.38462,7.61538,2.38462
609,10,4.01287,5.98713,4.01287,3.60251,2.38462,4.01287,3.60251,2.38462,7.61538,2.38462
610,10,4.01287,5.98713,4.01287,3.60251,2.38462,4.01287,3.60251,2.38462,7.61538,2.38462
611,10,4.01287,5.98713,4.01287,3.60251,2.38462,4.01287,3.60251,2.38462,7.61538,2.38462
612,10,4.01287,5.98713,4.01287,3.60251,2.38462,4.01287,3.60251,2.38462,7.61538,2.38462
613,10,4.01287,5.98713,4.01287,3.60251,2.38462,4.01287,3.60251,2.38462,7.61538,2.38462
614,10,4.01287,5.98713,4.01287,3.60251,2.38462,4.01287,3.60251,2.38462,7.61538,2.38462
615,10,4.01287,5.98713,4.01287,3.60251,2.38462,4.01287,3.60251,2.38462,7.61538,2.38462
616,10,4.01287,5.98713,4.01287,3.60251,2.38462,4.01287,3.60251,2.38462,7.61538,2.38462
617,10,4.01287,5.98713,4.01287,3.60251,2.38462,4.01287,3.60251,2.38462,7.61538,2.38462
618,10,4.01287,5.98713,4.01287,3.60251,2.38462,4.01287,3.60251,2.38462,7.61538,2.38462
619,10,4.01287,5.98713,4.01287,3.60251,2.38462,4.01287,3.60251,2.38462,7.61538,2.38462
620,10,4.01287,5.98713,4.01287,3.60251,2.38462,4.01287,3.60251,2.38462,7.61538,2.38462
621,10,4.01287,5.98713,4.01287,3.60251,2.38462,4.01287,3.60251,2.38462,7.61538,2.38462
622,10,4.01287,5.98713,4.01287,3.60251,2.38462,4.01287,3.60251,2.38462,7.61538,2.38462
623,10,4.01287,5.98713,4.01287,3.60251,2.38462,4.01287,3.60251,2.38462,7.61538,2.38462
624,10,4.01287,5.98713,4.01287,3.60251,2.38462,4.01287,3.60251,2.38462,7.61538,2.38462
625,10,4.01287,5.98713,4.01287,3.60251,2.38462,4.01287,3.60251,2.38462,7.61538,2.38462
626,10,4.01287,5.98713,4.01287,3.60251,2.38462,4.01287,3.60251,2.38462,7.61538,2.38462
627,10,4.01287,5.98713,4.01287,3.60251,2.38462,4.01287,3.60251,2.38462,7.61538,2.38462
628,10,4.01287,5.98713,4.01287,3.60251,2.38462,4.01287,3.60251,2.38462,7.61538,2.38462
629,10,4.01287,5.98713,4.01287,3.60251,2.38462,4.01287,3.60251,2.38462,7.61538,2.38462
630,10,4.01287,5.98713,4.01287,3.60251,2.38462,4.01287,3.60251,2.38462,7.61538,2.38462
631,10,4.01287,5.98713,4.01287,3.60251,2.38462,4.01287,3.60251,2.38462,7.61538,2.38462
632,10,4.01287,5.98713,4.01287,3.60251,2.38462,4.01287,3.60251,2.38462,7.61538,2.38462
633,10,4.01287,5.98713,4.01287,3.60251,2.38462,4.01287,3.60251,2.38462,7.61538,2.38462
634,10,4.01287,5.98713,4.01287,3.60251,2.38462,4.01287,3.60251,2.38462,7.61538,2.38462
635,10,4.01287,5.98713,4.01287,3.60251,2.38462,4.01287,3.60251,2.38462,7.61538,2.38462
636,10,4.01287,5.98713,4.01287,3.60251,2.38462,4.01287,3.60251,2.38462,7.61538,2.38462
637,10,4.01287,5.98713,4.01287,3.60251,2.38462,4.01287,3.60251,2.38462,7.61538,2.38462
638,10,4.01287,5.98713,4.01287,3.60251,2.38462,4.01287,3.60251,2.38462,7.61538,2.38462
639,10,4.01287,5.98713,4.01287,3.60251,2.38462,4.01287,3.60251,2.38462,7.61538,2.38462
640,10,4.01287,5.98713,4.01287,3.60251,2.38462,4.01287,3.60251,2.38462,7.61538,2.38462
641,10,4.01287,5.98713,4.01287,3.60251,2.38462,4.01287,3.60251,2.38462,7.61538,2.38462
642,10,4.01287,5.98713,4.01287,3.60251,2.38462,4.01287,3.60251,2.38462,7.61538,2.38462
643,10,4.01287,5.98713,4.01287,3.60251,2.38462,4.01287,3.60251,2.38462,7.61538,2.38462
644,10,4.01287,5.98713,4.01287,3.60251,2.38462,4.01287,3.60251,2.38462,7.61538,2.38462
645,10,4.01287,5.98713,4.01287,3.60251,2.38462,4.01287,3.60251,2.38462,7.61538,2.38462
646,10,4.01287,5.98713,4.01287,3.60251,2.38462,4.01287,3.60251,2.38462,7.61538,2.38462
647,10,4.01287,5.98713,4.01287,3.60251,2.38462,4.01287,3.60251,2.38462,7.61538,2.38462
648,10,4.01287,5.98713,4.01287,3.60251,2.38462,4.01287,3.60251,2.38462,7.61538,2.38462
649,10,4.01287,5.98713,4.01287,3.60251,2.38462,4.01287,3.60251,2.38462,7.61538,2.38462
650,10,4.01287,5.98713,4.01287,3.60251,2.38462,4.01287,3.60251,2.38462,7.61538,2.38462
651,10,4.01287,5.98713,4.01287,3.60251,2.38462,4.01287,3.60251,2.38462,7.61538,2.38462
652,10,4.01287,5.98713,4.01287,3.60251,2.38462,4.01287,3.60251,2.38462,7.61538,2.38462
653,10,4.01287,5.98713,4.01287,3.60251,2.38462,4.01287,3.60251,2.38462,7.61538,2.38462
654,10,4.01287,5.98713,4.01287,3.60251,2.38462,4.01287,3.60251,2.38462,7.61538,2.38462
655,10,4.01287,5.98713,4.01287,3.60251,2.38462,4.01287,3.60251,2.38462,7.61538,2.38462
656,10,4.01287,5.98713,4.01287,3.60251,2.38462,4.01287,3.60251,2.38462,7.61538,2.38462
657,10,4.01287,5.98713,4.01287,3.60251,2.38462,4.01287,3.60251,2.38462,7.61538,2.38462
658,10,4.01287,5.98713,4.01287,3.60251,2.38462,4.01287,3.60251,2.38462,7.61538,2.38462
659,10,4.01287,5.98713,4.01287,3.60251,2.38462,4.01287,3.60251,2.38462,7.61538,2.38462
660,10,4.01287,5.98713,4.01287,3.60251,2.38462,4.01287,3.60251,2.38462,7.61538,2.38462
661,10,4.01287,5.98713,4.01287,3.60251,2.38462,4.01287,3.60251,2.38462,7.61538,2.38462
662,10,4.01287,5.98713,4.01287,3.60251,2.38462,4.01287,3.60251,2.38462,7.61538,2.38462
663,10,4.01287,5.98713,4.01287,3.60251,2.38462,4.01287,3.60251,2.38462,7.61538,2.38462
664,10,4.01287,5.98713,4.01287,3.60251,2.38462,4.01287,3.60251,2.38462,7.61538,2.38462
665,10,4.01287,5.98713,4.01287,3.60251,2.38462,4.01287,3.60251,2.38462,7.61538,2.38462
666,10,4.01287,5.98713,4.01287,3.60251,2.38462,4.01287,3.60251,2.38462,7.61538,2.38462
667,10,4.01287,5.98713,4.01287,3.60251,2.38462,4.01287,3.60251,2.38462,7.61538,2.38462
668,10,4.01287,5.98713,4.01287,3.60251,2.38462,4.01287,3.60251,2.38462,7.61538,2.38462
669,10,4.01287,5.98713,4.01287,3.60251,2.38462,4.01287,3.60251,2.38462,7.61538,2.38462
670,10,4.01287,5.98713,4.01287,3.60251,2.38462,4.01287,3.60251,2.38462,7.61538,2.38462
671,10,4.01287,5.98713,4.01287,3.60251,2.38462,4.01287,3.60251,2.38462,7.61538,2.38462
672,10,4.01287,5.98713,4.01287,3.60251,2.38462,4.01287,3.60251,2.38462,7.61538,2.38462
673,10,4.01287,5.98713,4.01287,3.60251,2.38462,4.01287,3.60251,2.38462,7.61538,2.38462
674,10,4.01287,5.98713,4.01287,3.60251,2.38462,4.01287,3.60251,2.38462,7.61538,2.38462
675,10,4.01287,5.98713,4.01287,3.60251,2.38462,4.01287,3.60251,2.38462,7.61538,2.38462
676,10,4.01287,5.98713,4.01287,3.60251,2.38462,4.01287,3.60251,2.38462,7.61538,2.38462
677,10,4.01287,5.98713,4.01287,3.60251,2.38462,4.01287,3.60251,2.38462,7.61538,2.38462
678,10,4.01287,5.98713,4.01287,3.60251,2.38462,4.01287,3.60251,2.38462,7.61538,2.38462
679,10,4.01287,5.98713,4.01287,3.60251,2.38462,4.01287,3.60251,2.38462,7.61538,2.38462
680,10,4.01287,5.98713,4.01287,3.60251,2.38462,4.01287,3.60251,2.38462,7.61538,2.38462
681,10,4.01287,5.98713,4.01287,3.60251,2.38462,4.01287,3.60251,2.38462,7.61538,2.38462
682,10,4.01287,5.98713,4.01287,3.60251,2.38462,4.01287,3.60251,2.38462,7.61538,2.38462
683,10,4.01287,5.98713,4.01287,3.60251,2.38462,4.01287,3.60251,2.38462,7.61538,2.38462
684,10,4.01287,5.98713,4.01287,3.60251,2.38462,4.01287,3.60251,2.38462,7.61538,2.38462
685,10,4.01287,5.98713,4.01287,3.60251,2.38462,4.01287,3.60251,2.38462,7.61538,2.38462
686,10,4.01287,5.98713,4.01287,3.60251,2.38462,4.01287,3.60251,2.38462,7.61538,2.38462
687,10,4.01287,5.98713,4.01287,3.60251,2.38462,4.01287,3.60251,2.38462,7.61538,2.38462
688,10,4.01287,5.98713,4.01287,3.60251,2.38462,4.01287,3.60251,2.38462,7.61538,2.38462
689,10,4.01287,5.98713,4.01287,3.60251,2.38462,4.01287,3.60251,2.38462,7.61538,2.38462
690,10,4.01287,5.98713,4.01287,3.60251,2.38462,4.01287,3.60251,2.38462,7.61538,2.38462
691,10,4.01287,5.98713,4.01287,3.60251,2.38462,4.01287,3.60251,2.38462,7.61538,2.38462
692,10,4.01287,5.98713,4.01287,3.60251,2.38462,4.01287,3.60251,2.38462,7.61538,2.38462
693,10,4.01287,5.98713,4.01287,3.60251,2.38462,4.01287,3.60251,2.38462,7.61538,2.38462
694,10,4.01287,5.98713,4.01287,3.60251,2.38462,4.01287,3.60251,2.38462,7.61538,2.38462
695,10,4.01287,5.98713,4.01287,3.60251,2.38462,4.01287,3.60251,2.38462,7.61538,2.38462
696,10,4.01287,5.98713,4.01287,3.60251,2.38462,4.01287,3.60251,2.38462,7.61538,2.38462
697,10,4.01287,5.98713,4.01287,3.60251,2.38462,4.01287,3.60251,2.38462,7.61538,2.38462
698,10,4.01287,5.98713,4.01287,3.60251,2.38462,4.01287,3.60251,2.38462,7.61538,2.38462
699,10,4.01287,5.98713,4.01287,3.60251,2.38462,4.01287,3.60251,2.38462,7.61538,2.38462
700,10,4.01287,5.98713,4.01287,3.60251,2.38462,4.01287,3.60251,2.38462,7.61538,2.38462
701,10,4.01287,5.98713,4.01287,3.60251,2.38462,4.01287,3.60251,2.38462,7.61538,2.38462
702,10,4.01287,5.98713,4.01287,3.60251,2.38462,4.01287,3.60251,2.38462,7.61538,2.38462
703,10,4.01287,5.98713,4.01287,3.60251,2.38462,4.01287,3.60251,2.38462,7.61538,2.38462
704,10,4.01287,5.98713,4.01287,3.60251,2.38462,4.01287,3.60251,2.38462,7.61538,2.38462
705,10,4.01287,5.98713,4.01287,3.60251,2.38462,4.01287,3.60251,2.38462,7.61538,2.38462
706,10,4.01287,5.98713,4.01287,3.60251,2.38462,4.01287,3.60251,2.38462,7.61538,2.38462
707,10,4.01287,5.98713,4.01287,3.60251,2.38462,4.01287,3.60251,2.38462,7.61538,2.38462
708,10,4.01287,5.98713,4.01287,3.60251,2.38462,4.01287,3.60251,2.38462,7.61538,2.38462
709,10,4.01287,5.98713,4.01287,3.60251,2.38462,4.01287,3.60251,2.38462,7.61538,2.38462
710,10,4.01287,5.98713,4.01287,3.60251,2.38462,4.01287,3.60251,2.38462,7.61538,2.38462
711,10,4.01287,5.98713,4.01287,3.60251,2.38462,4.01287,3.60251,2.38462,7.61538,2.38462
712,10,4.01287,5.98713,4.01287,3.60251,2.38462,4.01287,3.60251,2.38462,7.61538,2.38462
713,10,4.01287,5.98713,4.01287,3.60251,2.38462,4.01287,3.60251,2.38462,7.61538,2.38462
714,10,4.01287,5.98713,4.01287,3.60251,2.38462,4.01287,3.60251,2.38462,7.61538,2.38462
715,10,4.01287,5.98713,4.01287,3.60251,2.38462,4.01287,3.60251,2.38462,7.61538,2.38462
716,10,4.01287,5.98713,4.01287,3.60251,2.38462,4.01287,3.60251,2.38462,7.61538,2.38462
717,10,4.01287,5.98713,4.01287,3.60251,2.38462,4.01287,3.60251,2.38462,7.61538,2.38462
718,10,4.01287,5.98713,4.01287,3.60251,2.38462,4.01287,3.60251,2.38462,7.61538,2.38462
719,10,4.01287,5.98713,4.01287,3.60251,2.38462,4.01287,3.60251,2.38462,7.61538,2.38462
720,10,4.01287,5.98713,4.01287,3.60251,2.38462,4.01287,3.60251,2.38462,7.61538,2.38462
721,10,4.01287,5.98713,4.01287,3.60251,2.38462,4.01287,3.60251,2.38462,7.61538,2.38462
722,10,4.01287,5.98713,4.01287,3.60251,2.38462,4.01287,3.60251,2.38462,7.61538,2.38462
723,10,4.01287,5.98713,4.01287,3.60251,2.38462,4.01287,3.60251,2.38462,7.61538,2.38462
724,10,4.01287,5.98713,4.01287,3.60251,2.38462,4.01287,3.60251,2.38462,7.61538,2.38462
725,10,4.01287,5.98713,4.01287,3.60251,2.38462,4.01287,3.60251,2.38462,7.61538,2.38462
726,10,4.01287,5.98713,4.01287,3.60251,2.38462,4.01287,3.60251,2.38462,7.61538,2.38462
727,10,4.01287,5.98713,4.01287,3.60251,2.38462,4.01287,3.60251,2.38462,7.61538,2.38462
728,10,4.01287,5.98713,4.01287,3.60251,2.38462,4.01287,3.60251,2.38462,7.61538,2.38462
729,10,4.01287,5.98713,4.01287,3.60251,2.38462,4.01287,3.60251,2.38462,7.61538,2.38462
730,10,4.01287,5.98713,4.01287,3.60251,2.38462,4.01287,3.60251,2.38462,7.61538,2.38462
731,10,4.01287,5.98713,4.01287,3.60251,2.38462,4.01287,3.60251,2.38462,7.61538,2.38462
732,10,4.01287,5.98713,4.01287,3.60251,2.38462,4.01287,3.60251,2.38462,7.61538,2.38462
733,10,4.01287,5.98713,4.01287,3.60251,2.38462,4.01287,3.60251,2.38462,7.61538,2.38462
734,10,4.01287,5.98713,4.01287,3.60251,2.38462,4.01287,3.60251,2.38462,7.61538,2.38462
735,10,4.01287,5.98713,4.01287,3.60251,2.38462,4.01287,3.60251,2.38462,7.61538,2.38462
736,10,4.01287,5.98713,4.01287,3.60251,2.38462,4.01287,3.60251,2.38462,7.61538,2.38462
737,10,4.01287,5.98713,4.01287,3.60251,2.38462,4.01287,3.60251,2.38462,7.61538,2.38462
738,10,4.01287,5.98713,4.01287,3.60251,2.38462,4.01287,3.60251,2.38462,7.61538,2.38462
739,10,4.01287,5.98713,4.01287,3.60251,2.38462,4.01287,3.60251,2.38462,7.61538,2.38462
740,10,4.01287,5.98713,4.01287,3.60251,2.38462,4.01287,3.60251,2.38462,7.61538,2.38462
741,10,4.01287,5.98713,4.01287,3.60251,2.38462,4.01287,3.60251,2.38462,7.61538,2.38462
742,10,4.01287,5.98713,4.01287,3.60251,2.38462,4.01287,3.60251,2.38462,7.61538,2.38462
743,10,4.01287,5.98713,4.01287,3.60251,2.38462,4.01287,3.60251,2.38462,7.61538,2.38462
744,10,4.01287,5.98713,4.01287,3.60251,2.38462,4.01287,3.60251,2.38462,7.61538,2.38462
745,10,4.01287,5.98713,4.01287,3.60251,2.38462,4.01287,3.60251,2.38462,7.61538,2.38462
746,10,4.01287,5.98713,4.01287,3.60251,2.38462,4.01287,3.60251,2.38462,7.61538,2.38462
747,10,4.01287,5.98713,4.01287,3.60251,2.38462,4.01287,3.60251,2.38462,7.61538,2.38462
748,10,4.01287,5.98713,4.01287,3.60251,2.38462,4.01287,3.60251,2.38462,7.61538,2.38462
749,10,4.01287,5.98713,4.01287,3.60251,2.38462,4.01287,3.60251,2.38462,7.61538,2.38462
750,10,4.01287,5.98713,4.01287,3.60251,2.38462,4.01287,3.60251,2.38462,7.61538,2.38462
751,10,4.01287,5.98713,4.01287,3.60251,2.38462,4.01287,3.60251,2.38462,7.61538,2.38462
752,10,4.01287,5.98713,4.01287,3.60251,2.38462,4.01287,3.60251,2.38462,7.61538,2.38462
753,10,4.01287,5.98713,4.01287,3.60251,2.38462,4.01287,3.60251,2.38462,7.61538,2.38462
754,10,4.01287,5.98713,4.01287,3.60251,2.38462,4.01287,3.60251,2.38462,7.61538,2.38462
755,10,4.01287,5.98713,4.01287,3.60251,2.38462,4.01287,3.60251,2.38462,7.61538,2.38462
756,10,4.01287,5.98713,4.01287,3.60251,2.38462,4.01287,3.60251,2.38462,7.61538,2.38462
757,10,4.01287,5.98713,4.01287,3.60251,2.38462,4.01287,3.60251,2.38462,7.61538,2.38462
758,10,4.01287,5.98713,4.01287,3.60251,2.38462,4.01287,3.60251,2.38462,7.61538,2.38462
759,10,4.01287,5.98713,4.01287,3.60251,2.38462,4.01287,3.60251,2.38462,7.61538,2.38462
760,10,4.01287,5.98713,4.01287,3.60251,2.38462,4.01287,3.60251,2.38462,7.61538,2.38462
761,10,4.01287,5.98713,4.01287,3.60251,2.38462,4.01287,3.60251,2.38462,7.61538,2.38462
762,10,4.01287,5.98713,4.01287,3.60251,2.38462,4.01287,3.60251,2.38462,7.61538,2.38462
763,10,4.01287,5.98713,4.01287,3.60251,2.38462,4.01287,3.60251,2.38462,7.61538,2.38462
764,10,4.01287,5.98713,4.01287,3.60251,2.38462,4.01287,3.60251,2.38462,7.61538,2.38462
765,10,4.01287,5.98713,4.01287,3.60251,2.38462,4.01287,3.60251,2.38462,7.61538,2.38462
766,10,4.01287,5.98713,4.01287,3.60251,2.38462,4.01287,3.60251,2.38462,7.61538,2.38462
767,10,4.01287,5.98713,4.01287,3.60251,2.38462,4.01287,3.60251,2.38462,7.61538,2.38462
768,10,4.01287,5.98713,4.01287,3.60251,2.38462,4.01287,3.60251,2.38462,7.61538,2.38462
769,10,4.01287,5.98713,4.01287,3.60251,2.38462,4.01287,3.60251,2.38462,7.61538,2.38462
770,10,4.01287,5.98713,4.01287,3.60251,2.38462,4.01287,3.60251,2.38462,7.61538,2.38462
771,10,4.01287,5.98713,4.01287,3.60251,2.38462,4.01287,3.60251,2.38462,7.61538,2.38462
772,10,4.01287,5.98713,4.01287,3.60251,2.38462,4.01287,3.60251,2.38462,7.61538,2.38462
773,10,4.01287,5.98713,4.01287,3.60251,2.38462,4.01287,3.60251,2.38462,7.61538,2.38462
774,10,4.01287,5.98713,4.01287,3.60251,2.38462,4.01287,3.60251,2.38462,7.61538,2.38462
775,10,4.01287,5.98713,4.01287,3.60251,2.38462,4.01287,3.60251,2.38462,7.61538,2.38462
776,10,4.01287,5.98713,4.01287,3.60251,2.38462,4.01287,3.60251,2.38462,7.61538,2.38462
777,10,4.01287,5.98713,4.01287,3.60251,2.38462,4.01287,3.60251,2.38462,7.61538,2.38462
778,10,4.01287,5.98713,4.01287,3.60251,2.38462,4.01287,3.60251,2.38462,7.61538,2.38462
779,10,4.01287,5.98713,4.01287,3.60251,2.38462,4.01287,3.60251,2.38462,7.61538,2.38462
780,10,4.01287,5.98713,4.01287,3.60251,2.38462,4.01287,3.60251,2.38462,7.61538,2.38462
781,10,4.01287,5.98713,4.01287,3.60251,2.38462,4.01287,3.60251,2.38462,7.61538,2.38462
782,10,4.01287,5.98713,4.01287,3.60251,2.38462,4.01287,3.60251,2.38462,7.61538,2.38462
783,10,4.01287,5.98713,4.01287,3.60251,2.38462,4.01287,3.60251,2.38462,7.61538,2.38462
784,10,4.01287,5.98713,4.01287,3.60251,2.38462,4.01287,3.60251,2.38462,7.61538,2.38462
785,10,4.01287,5.98713,4.01287,3.60251,2.38462,4.01287,3.60251,2.38462,7.61538,2.38462
786,10,4.01287,5.98713,4.01287,3.60251,2.38462,4.01287,3.60251,2.38462,7.61538,2.38462
787,10,4.01287,5.98713,4.01287,3.60251,2.38462,4.01287,3.60251,2.38462,7.61538,2.38462
788,10,4.01287,5.98713,4.01287,3.60251,2.38462,4.01287,3.60251,2.38462,7.61538,2.38462
789,10,4.01287,5.98713,4.01287,3.60251,2.38462,4.01287,3.60251,2.38462,7.61538,2.38462
790,10,4.01287,5.98713,4.01287,3.60251,2.38462,4.01287,3.60251,2.38462,7.61538,2.38462
791,10,4.01287,5.98713,4.01287,3.60251,2.38462,4.01287,3.60251,2.38462,7.61538,2.38462
792,10,4.01287,5.98713,4.01287,3.60251,2.38462,4.01287,3.60251,2.38462,7.61538,2.38462
793,10,4.01287,5.98713,4.01287,3.60251,2.38462,4.01287,3.60251,2.38462,7.61538,2.38462
794,10,4.01287,5.98713,4.01287,3.60251,2.38462,4.01287,3.60251,2.38462,7.61538,2.38462
795,10,4.01287,5.98713,4.01287,3.60251,2.38462,4.01287,3.60251,2.38462,7.61538,2.38462
796,10,4.01287,5.98713,4.01287,3.60251,2.38462,4.01287,3.60251,2.38462,7.61538,2.38462
797,10,4.01287,5.98713,4.01287,3.60251,2.38462,4.01287,3.60251,2.38462,7.61538,2.38462
798,10,4.01287,5.98713,4.01287,3.60251,2.38462,4.01287,3.60251,2.38462,7.61538,2.38462
799,10,4.01287,5.98713,4.01287,3.60251,2.38462,4.01287,3.60251,2.38462,7.61538,2.38462
800,10,4.01287,5.98713,4.01287,3.60251,2.38462,4.01287,3.60251,2.38462,7.61538,2.38462
801,10,4.01287,5.98713,4.01287,3.60251,2.38462,4.01287,3.60251,2.38462,7.61538,2.38462
802,10,4.01287,5.98713,4.01287,3.60251,2.38462,4.01287,3.60251,2.38462,7.61538,2.38462
803,10,4.01287,5.98713,4.01287,3.60251,2.38462,4.01287,3.60251,2.38462,7.61538,2.38462
804,10,4.01287,5.98713,4.01287,3.60251,2.38462,4.01287,3.60251,2.38462,7.61538,2.38462
805,10,4.01287,5.98713,4.01287,3.60251,2.38462,4.01287,3.60251,2.38462,7.61538,2.38462
806,10,4.01287,5.98713,4.01287,3.60251,2.38462,4.01287,3.60251,2.38462,7.61538,2.38462
807,10,4.01287,5.98713,4.01287,3.60251,2.38462,4.01287,3.60251,2.38462,7.61538,2.38462
808,10,4.01287,5.98713,4.01287,3.60251,2.38462,4.01287,3.60251,2.38462,7.61538,2.38462
809,10,4.01287,5.98713,4.01287,3.60251,2.38462,4.01287,3.60251,2.38462,7.61538,2.38462
810,10,4.01287,5.98713,4.01287,3.60251,2.38462,4.01287,3.60251,2.38462,7.61538,2.38462
811,10,4.01287,5.98713,4.01287,3.60251,2.38462,4.01287,3.60251,2.38462,7.61538,2.38462
812,10,4.01287,5.98713,4.01287,3.60251,2.38462,4.01287,3.60251,2.38462,7.61538,2.38462
813,10,4.01287,5.98713,4.01287,3.60251,2.38462,4.01287,3.60251,2.38462,7.61538,2.38462
814,10,4.01287,5.98713,4.01287,3.60251,2.38462,4.01287,3.60251,2.38462,7.61538,2.38462
815,10,4.01287,5.98713,4.01287,3.60251,2.38462,4.01287,3.60251,2.38462,7.61538,2.38462
816,10,4.01287,5.98713,4.01287,3.60251,2.38462,4.01287,3.60251,2.38462,7.61538,2.38462
817,10,4.01287,5.98713,4.01287,3.60251,2.38462,4.01287,3.60251,2.38462,7.61538,2.38462
818,10,4.01287,5.98713,4.01287,3.60251,2.38462,4.01287,3.60251,2.38462,7.61538,2.38462
819,10,4.01287,5.98713,4.01287,3.60251,2.38462,4.01287,3.60251,2.38462,7.61538,2.38462
820,10,4.01287,5.98713,4.01287,3.60251,2.38462,4.01287,3.60251,2.38462,7.61538,2.38462
821,10,4.01287,5.98713,4.01287,3.60251,2.38462,4.01287,3.60251,2.38462,7.61538,2.38462
822,10,4.01287,5.98713,4.01287,3.60251,2.38462,4.01287,3.60251,2.38462,7.61538,2.38462
823,10,4.01287,5.98713,4.01287,3.60251,2.38462,4.01287,3.60251,2.38462,7.61538,2.38462
824,10,4.01287,5.98713,4.01287,3.60251,2.38462,4.01287,3.60251,2.38462,7.61538,2.38462
825,10,4.01287,5.98713,4.01287,3.60251,2.38462,4.01287,3.60251,2.38462,7.61538,2.38462
826,10,4.01287,5.98713,4.01287,3.60251,2.38462,4.01287,3.60251,2.38462,7.61538,2.38462
827,10,4.01287,5.98713,4.01287,3.60251,2.38462,4.01287,3.60251,2.38462,7.61538,2.38462
828,10,4.01287,5.98713,4.01287,3.60251,2.38462,4.01287,3.60251,2.38462,7.61538,2.38462
829,10,4.01287,5.98713,4.01287,3.60251,2.38462,4.01287,3.60251,2.38462,7.61538,2.38462
830,10,4.01287,5.98713,4.01287,3.60251,2.38462,4.01287,3.60251,2.38462,7.61538,2.38462
831,10,4.01287,5.98713,4.01287,3.60251,2.38462,4.01287,3.60251,2.38462,7.61538,2.38462
832,10,4.01287,5.98713,4.01287,3.60251,2.38462,4.01287,3.60251,2.38462,7.61538,2.38462
833,10,4.01287,5.98713,4.01287,3.60251,2.38462,4.01287,3.60251,2.38462,7.61538,2.38462
834,10,4.01287,5.98713,4.01287,3.60251,2.38462,4.01287,3.60251,2.38462,7.61538,2.38462
835,10,4.01287,5.98713,4.01287,3.60251,2.38462,4.01287,3.60251,2.38462,7.61538,2.38462
836,10,4.01287,5.98713,4.01287,3.60251,2.38462,4.01287,3.60251,2.38462,7.61538,2.38462
837,10,4.01287,5.98713,4.01287,3.60251,2.38462,4.01287,3.60251,2.38462,7.61538,2.38462
838,10,4.01287,5.98713,4.01287,3.60251,2.38462,4.01287,3.60251,2.38462,7.61538,2.38462
839,10,4.01287,5.98713,4.01287,3.60251,2.38462,4.01287,3.60251,2.38462,7.61538,2.38462
840,10,4.01287,5.98713,4.01287,3.60251,2.38462,4.01287,3.60251,2.38462,7.61538,2.38462
841,10,4.01287,5.98713,4.01287,3.60251,2.38462,4.01287,3.60251,2.38462,7.61538,2.38462
842,10,4.01287,5.98713,4.01287,3.60251,2.38462,4.01287,3.60251,2.38462,7.61538,2.38462
843,10,4.01287,5.98713,4.01287,3.60251,2.38462,4.01287,3.60251,2.38462,7.61538,2.38462
844,10,4.01287,5.98713,4.01287,3.60251,2.38462,4.01287,3.60251,2.38462,7.61538,2.38462
845,10,4.01287,5.98713,4.01287,3.60251,2.38462,4.01287,3.60251,2.38462,7.61538,2.38462
846,10,4.01287,5.98713,4.01287,3.60251,2.38462,4.01287,3.60251,2.38462,7.61538,2.38462
847,10,4.01287,5.98713,4.01287,3.60251,2.38462,4.01287,3.60251,2.38462,7.61538,2.38462
848,10,4.01287,5.98713,4.01287,3.60251,2.38462,4.01287,3.60251,2.38462,7.61538,2.38462
849,10,4.01287,5.98713,4.01287,3.60251,2.38462,4.01287,3.60251,2.38462,7.61538,2.38462
850,10,4.01287,5.98713,4.01287,3.60251,2.38462,4.01287,3.60251,2.38462,7.61538,2.38462
851,10,4.01287,5.98713,4.01287,3.60251,2.38462,4.01287,3.60251,2.38462,7.61538,2.38462
852,10,4.01287,5.98713,4.01287,3.60251,2.38462,4.01287,3.60251,2.38462,7.61538,2.38462
853,10,4.01287,5.98713,4.01287,3.60251,2.38462,4.01287,3.60251,2.38462,7.61538,2.38462
854,10,4.01287,5.98713,4.01287,3.60251,2.38462,4.01287,3.60251,2.38462,7.61538,2.38462
855,10,4.01287,5.98713,4.01287,3.60251,2.38462,4.01287,3.60251,2.38462,7.61538,2.38462
856,10,4.01287,5.98713,4.01287,3.60251,2.38462,4.01287,3.60251,2.38462,7.61538,2.38462
857,10,4.01287,5.98713,4.01287,3.60251,2.38462,4.01287,3.60251,2.38462,7.61538,2.38462
858,10,4.01287,5.98713,4.01287,3.60251,2.38462,4.01287,3.60251,2.38462,7.61538,2.38462
859,10,4.01287,5.98713,4.01287,3.60251,2.38462,4.01287,3.60251,2.38462,7.61538,2.38462
860,10,4.01287,5.98713,4.01287,3.60251,2.38462,4.01287,3.60251,2.38462,7.61538,2.38462
861,10,4.01287,5.98713,4.01287,3.60251,2.38462,4.01287,3.60251,2.38462,7.61538,2.38462
862,10,4.01287,5.98713,4.01287,3.60251,2.38462,4.01287,3.60251,2.38462,7.61538,2.38462
863,10,4.01287,5.98713,4.01287,3.60251,2.38462,4.01287,3.60251,2.38462,7.61538,2.38462
864,10,4.01287,5.98713,4.01287,3.60251,2.38462,4.01287,3.60251,2.38462,7.61538,2.38462
865,10,4.01287,5.98713,4.01287,3.60251,2.38462,4.01287,3.60251,2.38462,7.61538,2.38462
866,10,4.01287,5.98713,4.01287,3.60251,2.38462,4.01287,3.60251,2.38462,7.61538,2.38462
867,10,4.01287,5.98713,4.01287,3.60251,2.38462,4.01287,3.60251,2.38462,7.61538,2.38462
868,10,4.01287,5.98713,4.01287,3.60251,2.38462,4.01287,3.60251,2.38462,7.61538,2.38462
869,10,4.01287,5.98713,4.01287,3.60251,2.38462,4.01287,3.60251,2.38462,7.61538,2.38462
870,10,4.01287,5.98713,4.01287,3.60251,2.38462,4.01287,3.60251,2.38462,7.61538,2.38462
871,10,4.01287,5.98713,4.01287,3.60251,2.38462,4.01287,3.60251,2.38462,7.61538,2.38462
872,10,4.01287,5.98713,4.01287,3.60251,2.38462,4.01287,3.60251,2.38462,7.61538,2.38462
873,10,4.01287,5.98713,4.01287,3.60251,2.38462,4.01287,3.60251,2.38462,7.61538,2.38462
874,10,4.01287,5.98713,4.01287,3.60251,2.38462,4.01287,3.60251,2.38462,7.61538,2.38462
875,10,4.01287,5.98713,4.01287,3.60251,2.38462,4.01287,3.60251,2.38462,7.61538,2.38462
876,10,4.01287,5.98713,4.01287,3.60251,2.38462,4.01287,3.60251,2.38462,7.61538,2.38462
877,10,4.01287,5.98713,4.01287,3.60251,2.38462,4.01287,3.60251,2.38462,7.61538,2.38462
878,10,4.01287,5.98713,4.01287,3.60251,2.38462,4.01287,3.60251,2.38462,7.61538,2.38462
879,10,4.01287,5.98713,4.01287,3.60251,2.38462,4.01287,3.60251,2.38462,7.61538,2.38462
880,10,4.01287,5.98713,4.01287,3.60251,2.38462,4.01287,3.60251,2.38462,7.61538,2.38462
881,10,4.01287,5.98713,4.01287,3.60251,2.38462,4.01287,3.60251,2.38462,7.61538,2.38462
882,10,4.01287,5.98713,4.01287,3.60251,2.38462,4.01287,3.60251,2.38462,7.61538,2.38462
883,10,4.01287,5.98713,4.01287,3.60251,2.38462,4.01287,3.60251,2.38462,7.61538,2.38462
884,10,4.01287,5.98713,4.01287,3.60251,2.38462,4.01287,3.60251,2.38462,7.61538,2.38462
885,10,4.01287,5.98713,4.01287,3.60251,2.38462,4.01287,3.60251,2.38462,7.61538,2.38462
886,10,4.01287,5.98713,4.01287,3.60251,2.38462,4.01287,3.60251,2.38462,7.61538,2.38462
887,10,4.01287,5.98713,4.01287,3.60251,2.38462,4.01287,3.60251,2.38462,7.61538,2.38462
888,10,4.01287,5.98713,4.01287,3.60251,2.38462,4.01287,3.60251,2.38462,7.61538,2.38462
889,10,4.01287,5.98713,4.01287,3.60251,2.38462,4.01287,3.60251,2.38462,7.61538,2.38462
890,10,4.01287,5.98713,4.01287,3.60251,2.38462,4.01287,3.60251,2.38462,7.61538,2.38462
891,10,4.01287,5.98713,4.01287,3.60251,2.38462,4.01287,3.60251,2.38462,7.61538,2.38462
892,10,4.01287,5.98713,4.01287,3.60251,2.38462,4.01287,3.60251,2.38462,7.61538,2.38462
893,10,4.01287,5.98713,4.01287,3.60251,2.38462,4.01287,3.60251,2.38462,7.61538,2.38462
894,10,4.01287,5.98713,4.01287,3.60251,2.38462,4.01287,3.60251,2.38462,7.61538,2.38462
895,10,4.01287,5.98713,4.01287,3.60251,2.38462,4.01287,3.60251,2.38462,7.61538,2.38462
896,10,4.01287,5.98713,4.01287,3.60251,2.38462,4.01287,3.60251,2.38462,7.61538,2.38462
897,10,4.01287,5.98713,4.01287,3.60251,2.38462,4.01287,3.60251,2.38462,7.61538,2.38462
898,10,4.01287,5.98713,4.01287,3.60251,2.38462,4.01287,3.60251,2.38462,7.61538,2.38462
899,10,4.01287,5.98713,4.01287,3.60251,2.38462,4.01287,3.60251,2.38462,7.61538,2.38462
900,10,4.01287,5.98713,4.01287,3.60251,2.38462,4.01287,3.60251,2.38462,7.61538,2.38462
901,10,4.01287,5.98713,4.01287,3.60251,2.38462,4.01287,3.60251,2.38462,7.61538,2.38462
902,10,4.01287,5.98713,4.01287,3.60251,2.38462,4.01287,3.60251,2.38462,7.61538,2.38462
903,10,4.01287,5.98713,4.01287,3.60251,2.38462,4.01287,3.60251,2.38462,7.61538,2.38462
904,10,4.01287,5.98713,4.01287,3.60251,2.38462,4.01287,3.60251,2.38462,7.61538,2.38462
905,10,4.01287,5.98713,4.01287,3.60251,2.38462,4.01287,3.60251,2.38462,7.61538,2.38462
906,10,4.01287,5.98713,4.01287,3.60251,2.38462,4.01287,3.60251,2.38462,7.61538,2.38462
907,10,4.01287,5.98713,4.01287,3.60251,2.38462,4.01287,3.60251,2.38462,7.61538,2.38462
908,10,4.01287,5.98713,4.01287,3.60251,2.38462,4.01287,3.60251,2.38462,7.61538,2.38462
909,10,4.01287,5.98713,4.01287,3.60251,2.38462,4.01287,3.60251,2.38462,7.61538,2.38462
910,10,4.01287,5.98713,4.01287,3.60251,2.38462,4.01287,3.60251,2.38462,7.61538,2.38462
911,10,4.01287,5.98713,4.01287,3.60251,2.38462,4.01287,3.60251,2.38462,7.61538,2.38462
912,10,4.01287,5.98713,4.01287,3.60251,2.38462,4.01287,3.60251,2.38462,7.61538,2.38462
913,10,4.01287,5.98713,4.01287,3.60251,2.38462,4.01287,3.60251,2.38462,7.61538,2.38462
914,10,4.01287,5.98713,4.01287,3.60251,2.38462,4.01287,3.60251,2.38462,7.61538,2.38462
915,10,4.01287,5.98713,4.01287,3.60251,2.38462,4.01287,3.60251,2.38462,7.61538,2.38462
916,10,4.01287,5.98713,4.01287,3.60251,2.38462,4.01287,3.60251,2.38462,7.61538,2.38462
917,10,4.01287,5.98713,4.01287,3.60251,2.38462,4.01287,3.60251,2.38462,7.61538,2.38462
918,10,4.01287,5.98713,4.01287,3.60251,2.38462,4.01287,3.60251,2.38462,7.61538,2.38462
919,10,4.01287,5.98713,4.01287,3.60251,2.38462,4.01287,3.60251,2.38462,7.61538,2.38462
920,10,4.01287,5.98713,4.01287,3.60251,2.38462,4.01287,3.60251,2.38462,7.61538,2.38462
921,10,4.01287,5.98713,4.01287,3.60251,2.38462,4.01287,3.60251,2.38462,7.61538,2.38462
922,10,4.01287,5.98713,4.01287,3.60251,2.38462,4.01287,3.60251,2.38462,7.61538,2.38462
923,10,4.01287,5.98713,4.01287,3.60251,2.38462,4.01287,3.60251,2.38462,7.61538,2.38462
924,10,4.01287,5.98713,4.01287,3.60251,2.38462,4.01287,3.60251,2.38462,7.61538,2.38462
925,10,4.01287,5.98713,4.01287,3.60251,2.38462,4.01287,3.60251,2.38462,7.61538,2.38462
926,10,4.01287,5.98713,4.01287,3.60251,2.38462,4.01287,3.60251,2.38462,7.61538,2.38462
927,10,4.01287,5.98713,4.01287,3.60251,2.38462,4.01287,3.60251,2.38462,7.61538,2.38462
928,10,4.01287,5.98713,4.01287,3.60251,2.38462,4.01287,3.60251,2.38462,7.61538,2.38462
929,10,4.01287,5.98713,4.01287,3.60251,2.38462,4.01287,3.60251,2.38462,7.61538,2.38462
930,10,4.01287,5.98713,4.01287,3.60251,2.38462,4.01287,3.60251,2.38462,7.61538,2.38462
931,10,4.01287,5.98713,4.01287,3.60251,2.38462,4.01287,3.60251,2.38462,7.61538,2.38462
932,10,4.01287,5.98713,4.01287,3.60251,2.38462,4.01287,3.60251,2.38462,7.61538,2.38462
933,10,4.01287,5.98713,4.01287,3.60251,2.38462,4.01287,3.60251,2.38462,7.61538,2.38462
934,10,4.01287,5.98713,4.01287,3.60251,2.38462,4.01287,3.60251,2.38462,7.61538,2.38462
935,10,4.01287,5.98713,4.01287,3.60251,2.38462,4.01287,3.60251,2.38462,7.61538,2.38462
936,10,4.01287,5.98713,4.01287,3.60251,2.38462,4.01287,3.60251,2.38462,7.61538,2.38462
937,10,4.01287,5.98713,4.01287,3.60251,2.38462,4.01287,3.60251,2.38462,7.61538,2.38462
938,10,4.01287,5.98713,4.01287,3.60251,2.38462,4.01287,3.60251,2.38462,7.61538,2.38462
939,10,4.01287,5.98713,4.01287,3.60251,2.38462,4.01287,3.60251,2.38462,7.61538,2.38462
940,10,4.01287,5.98713,4.01287,3.60251,2.38462,4.01287,3.60251,2.38462,7.61538,2.38462
941,10,4.01287,5.98713,4.01287,3.60251,2.38462,4.01287,3.60251,2.38462,7.61538,2.38462
942,10,4.01287,5.98713,4.01287,3.60251,2.38462,4.01287,3.60251,2.38462,7.61538,2.38462
943,10,4.01287,5.98713,4.01287,3.60251,2.38462,4.01287,3.60251,2.38462,7.61538,2.38462
944,10,4.01287,5.98713,4.01287,3.60251,2.38462,4.01287,3.60251,2.38462,7.61538,2.38462
945,10,4.01287,5.98713,4.01287,3.60251,2.38462,4.01287,3.60251,2.38462,7.61538,2.38462
946,10,4.01287,5.98713,4.01287,3.60251,2.38462,4.01287,3.60251,2.38462,7.61538,2.38462
947,10,4.01287,5.98713,4.01287,3.60251,2.38462,4.01287,3.60251,2.38462,7.61538,2.38462
948,10,4.01287,5.98713,4.01287,3.60251,2.38462,4.01287,3.60251,2.38462,7.61538,2.38462
949,10,4.01287,5.98713,4.01287,3.60251,2.38462,4.01287,3.60251,2.38462,7.61538,2.38462
950,10,4.01287,5.98713,4.01287,3.60251,2.38462,4.01287,3.60251,2.38462,7.61538,2.38462
951,10,4.01287,5.98713,4.01287,3.60251,2.38462,4.01287,3.60251,2.38462,7.61538,2.38462
952,10,4.01287,5.98713,4.01287,3.60251,2.38462,4.01287,3.60251,2.38462,7.61538,2.38462
953,10,4.01287,5.98713,4.01287,3.60251,2.38462,4.01287,3.60251,2.38462,7.61538,2.38462
954,10,4.01287,5.98713,4.01287,3.60251,2.38462,4.01287,3.60251,2.38462,7.61538,2.38462
955,10,4.01287,5.98713,4.01287,3.60251,2.38462,4.01287,3.60251,2.38462,7.61538,2.38462
956,10,4.01287,5.98713,4.01287,3.60251,2.38462,4.01287,3.60251,2.38462,7.61538,2.38462
957,10,4.01287,5.98713,4.01287,3.60251,2.38462,4.01287,3.60251,2.38462,7.61538,2.38462
958,10,4.01287,5.98713,4.01287,3.60251,2.38462,4.01287,3.60251,2.38462,7.61538,2.38462
959,10,4.01287,5.98713,4.01287,3.60251,2.38462,4.01287,3.60251,2.38462,7.61538,2.38462
960,10,4.01287,5.98713,4.01287,3.60251,2.38462,4.01287,3.60251,2.38462,7.61538,2.38462
961,10,4.01287,5.98713,4.01287,3.60251,2.38462,4.01287,3.60251,2.38462,7.61538,2.38462
962,10,4.01287,5.98713,4.01287,3.60251,2.38462,4.01287,3.60251,2.38462,7.61538,2.38462
963,10,4.01287,5.98713,4.01287,3.60251,2.38462,4.01287,3.60251,2.38462,7.61538,2.38462
964,10,4.01287,5.98713,4.01287,3.60251,2.38462,4.01287,3.60251,2.38462,7.61538,2.38462
965,10,4.01287,5.98713,4.01287,3.60251,2.38462,4.01287,3.60251,2.38462,7.61538,2.38462
966,10,4.01287,5.98713,4.01287,3.60251,2.38462,4.01287,3.60251,2.38462,7.61538,2.38462
967,10,4.01287,5.98713,4.01287,3.60251,2.38462,4.01287,3.60251,2.38462,7.61538,2.38462
968,10,4.01287,5.98713,4.01287,3.60251,2.38462,4.01287,3.60251,2.38462,7.61538,2.38462
969,10,4.01287,5.98713,4.01287,3.60251,2.38462,4.01287,3.60251,2.38462,7.61538,2.38462
970,10,4.01287,5.98713,4.01287,3.60251,2.38462,4.01287,3.60251,2.38462,7.61538,2.38462
971,10,4.01287,5.98713,4.01287,3.60251,2.38462,4.01287,3.60251,2.38462,7.61538,2.38462
972,10,4.01287,5.98713,4.01287,3.60251,2.38462,4.01287,3.60251,2.38462,7.61538,2.38462
973,10,4.01287,5.98713,4.01287,3.60251,2.38462,4.01287,3.60251,2.38462,7.61538,2.38462
974,10,4.01287,5.98713,4.01287,3.60251,2.38462,4.01287,3.60251,2.38462,7.61538,2.38462
975,10,4.01287,5.98713,4.01287,3.60251,2.38462,4.01287,3.60251,2.38462,7.61538,2.38462
976,10,4.01287,5.98713,4.01287,3.60251,2.38462,4.01287,3.60251,2.38462,7.61538,2.38462
977,10,4.01287,5.98713,4.01287,3.60251,2.38462,4.01287,3.60251,2.38462,7.61538,2.38462
978,10,4.01287,5.98713,4.01287,3.60251,2.38462,4.01287,3.60251,2.38462,7.61538,2.38462
979,10,4.01287,5.98713,4.01287,3.60251,2.38462,4.01287,3.60251,2.38462,7.61538,2.38462
980,10,4.01287,5.98713,4.01287,3.60251,2.38462,4.01287,3.60251,2.38462,7.61538,2.38462
981,10,4.01287,5.98713,4.01287,3.60251,2.38462,4.01287,3.60251,2.38462,7.61538,2.38462
982,10,4.01287,5.98713,4.01287,3.60251,2.38462,4.01287,3.60251,2.38462,7.61538,2.38462
983,10,4.01287,5.98713,4.01287,3.60251,2.38462,4.01287,3.60251,2.38462,7.61538,2.38462
984,10,4.01287,5.98713,4.01287,3.60251,2.38462,4.01287,3.60251,2.38462,7.61538,2.38462
985,10,4.01287,5.98713,4.01287,3.60251,2.38462,4.01287,3.60251,2.38462,7.61538,2.38462
986,10,4.01287,5.98713,4.01287,3.60251,2.38462,4.01287,3.60251,2.38462,7.61538,2.38462
987,10,4.01287,5.98713,4.01287,3.60251,2.38462,4.01287,3.60251,2.38462,7.61538,2.38462
988,10,4.01287,5.98713,4.01287,3.60251,2.38462,4.01287,3.60251,2.38462,7.61538,2.38462
989,10,4.01287,5.98713,4.01287,3.60251,2.38462,4.01287,3.60251,2.38462,7.61538,2.38462
990,10,4.01287,5.98713,4.01287,3.60251,2.38462,4.01287,3.60251,2.38462,7.61538,2.38462
991,10,4.01287,5.98713,4.01287,3.60251,2.38462,4.01287,3.60251,2.38462,7.61538,2.38462
992,10,4.01287,5.98713,4.01287,3.60251,2.38462,4.01287,3.60251,2.38462,7.61538,2.38462
993,10,4.01287,5.98713,4.01287,3.60251,2.38462,4.01287,3.60251,2.38462,7.61538,2.38462
994,10,4.01287,5.98713,4.01287,3.60251,2.38462,4.01287,3.60251,2.38462,7.61538,2.38462
995,10,4.01287,5.98713,4.01287,3.60251,2.38462,4.01287,3.60251,2.38462,7.61538,2.38462
996,10,4.01287,5.98713,4.01287,3.60251,2.38462,4.01287,3.60251,2.38462,7.61538,2.38462
997,10,4.01287,5.98713,4.01287,3.60251,2.38462,4.01287,3.60251,2.38462,7.61538,2.38462
998,10,4.01287,5.98713,4.01287,3.60251,2.38462,4.01287,3.60251,2.38462,7.61538,2.38462
999,10,4.01287,5.98713,4.01287,3.60251,2.38462,4.01287,3.60251,2.38462,7.61538,2.38462
1000,10,4.01287,5.98713,4.01287,3.60251,2.38462,4.01287,3.60251,2.38462,7.61538,2.38462
