step,stayUtil
0,5.50207
1,5.58956
2,5.67432
3,5.75646
4,5.83609
5,5.91331
6,5.98819
7,6.06084
8,6.13133
9,6.19974
10,6.26615
11,6.33064
12,6.39326
13,6.45408
14,6.51317
15,6.57059
16,6.6264
17,6.68064
18,6.73338
19,6.78466
20,6.83453
21,6.88304
22,6.93023
23,6.97614
24,7.02082
25,7.0643
26,7.10663
27,7.14783
28,7.18795
29,7.22701
30,7.26505
31,7.30211
32,7.3382
33,7.37336
34,7.40762
35,7.441
36,7.47353
37,7.50524
38,7.53614
39,7.56627
40,7.59564
41,7.62427
42,7.65219
43,7.67942
44,7.70597
45,7.73187
46,7.75713
47,7.78177
48,7.80581
49,7.82926
50,7.85215
51,7.87448
52,7.89626
53,7.91753
54,7.93828
55,7.95854
56,7.97831
57,7.99761
58,8.01645
59,8.03484
60,8.0528
61,8.07033
62,8.08745
63,8.10417
64,8.12049
65,8.13643
66,8.152
67,8.16721
68,8.18206
69,8.19657
70,8.21074
71,8.22459
72,8.23811
73,8.25132
74,8.26423
75,8.27684
76,8.28916
77,8.3012
78,8.31296
79,8.32446
80,8.33569
81,8.34667
82,8.3574
83,8.36788
84,8.37813
85,8.38814
86,8.39793
87,8.4075
88,8.41685
89,8.42599
90,8.43493
91,8.44366
92,8.4522
93,8.46055
94,8.46871
95,8.47668
96,8.48448
97,8.49211
98,8.49956
99,8.50685
100,8.51398
101,8.52095
102,8.52776
103,8.53443
104,8.54094
105,8.54731
106,8.55354
107,8.55964
108,8.56559
109,8.57142
110,8.57712
111,8.58269
112,8.58814
113,8.59347
114,8.59868
115,8.60378
116,8.60876
117,8.61364
118,8.61841
119,8.62308
120,8.62764
121,8.6321
122,8.63647
123,8.64074
124,8.64491
125,8.649
126,8.653
127,8.6569
128,8.66073
129,8.66447
130,8.66813
131,8.67171
132,8.67521
133,8.67864
134,8.68199
135,8.68527
136,8.68847
137,8.69161
138,8.69468
139,8.69768
140,8.70062
141,8.7035
142,8.70631
143,8.70906
144,8.71175
145,8.71438
146,8.71696
147,8.71948
148,8.72195
149,8.72436
150,8.72672
151,8.72903
152,8.73129
153,8.7335
154,8.73567
155,8.73778
156,8.73985
157,8.74188
158,8.74386
159,8.7458
160,8.7477
161,8.74956
162,8.75138
163,8.75316
164,8.7549
165,8.7566
166,8.75827
167,8.7599
168,8.76149
169,8.76305
170,8.76458
171,8.76608
172,8.76754
173,8.76897
174,8.77037
175,8.77174
176,8.77308
177,8.77439
178,8.77568
179,8.77693
180,8.77816
181,8.77937
182,8.78054
183,8.7817
184,8.78282
185,8.78393
186,8.78501
187,8.78606
188,8.7871
189,8.78811
190,8.7891
191,8.79007
192,8.79102
193,8.79194
194,8.79285
195,8.79374
196,8.79461
197,8.79546
198,8.79629
199,8.79711
200,8.79791
201,8.79869
202,8.79945
203,8.8002
204,8.80093
205,8.80165
206,8.80235
207,8.80303
208,8.8037
209,8.80436
210,8.805
211,8.80563
212,8.80625
213,8.80685
214,8.80744
215,8.80801
216,8.80858
217,8.80913
218,8.80967
219,8.8102
220,8.81072
221,8.81122
222,8.81172
223,8.8122
224,8.81268
225,8.81314
226,8.8136
227,8.81404
228,8.81448
229,8.81491
230,8.81532
231,8.81573
232,8.81613
233,8.81652
234,8.8169
235,8.81728
236,8.81764
237,8.818
238,8.81835
239,8.8187
240,8.81903
241,8.81936
242,8.81968
243,8.82
244,8.82031
245,8.82061
246,8.8209
247,8.82119
248,8.82148
249,8.82175
250,8.82202
251,8.82229
252,8.82255
253,8.8228
254,8.82305
255,8.82329
256,8.82353
257,8.82376
258,8.82399
259,8.82421
260,8.82443
261,8.82464
262,8.82485
263,8.82506
264,8.82526
265,8.82545
266,8.82565
267,8.82583
268,8.82602
269,8.8262
270,8.82637
271,8.82654
272,8.82671
273,8.82688
274,8.82704
275,8.8272
276,8.82735
277,8.8275
278,8.82765
279,8.82779
280,8.82793
281,8.82807
282,8.82821
283,8.82834
284,8.82847
285,8.8286
286,8.82872
287,8.82884
288,8.82896
289,8.82908
290,8.82919
291,8.8293
292,8.82941
293,8.82952
294,8.82962
295,8.82973
296,8.82983
297,8.82992
298,8.83002
299,8.83011
300,8.83021
301,8.83029
302,8.83038
303,8.83047
304,8.83055
305,8.83063
306,8.83072
307,8.83079
308,8.83087
309,8.83095
310,8.83102
311,8.83109
312,8.83116
313,8.83123
314,8.8313
315,8.83137
316,8.83143
317,8.83149
318,8.83156
319,8.83162
320,8.83167
321,8.83173
322,8.83179
323,8.83185
324,8.8319
325,8.83195
326,8.832
327,8.83206
328,8.83211
329,8.83215
330,8.8322
331,8.83225
332,8.83229
333,8.83234
334,8.83238
335,8.83242
336,8.83247
337,8.83251
338,8.83255
339,8.83259
340,8.83262
341,8.83266
342,8.8327
343,8.83273
344,8.83277
345,8.8328
346,8.83284
347,8.83287
348,8.8329
349,8.83293
350,8.83296
351,8.83299
352,8.83302
353,8.83305
354,8.83308
355,8.83311
356,8.83313
357,8.83316
358,8.83318
359,8.83321
360,8.83323
361,8.83326
362,8.83328
363,8.8333
364,8.83333
365,8.83335
366,8.83337
367,8.83339
368,8.83341
369,8.83343
370,8.83345
371,8.83347
372,8.83349
373,8.83351
374,8.83352
375,8.83354
376,8.83356
377,8.83358
378,8.83359
379,8.83361
380,8.83362
381,8.83364
382,8.83365
383,8.83367
384,8.83368
385,8.8337
386,8.83371
387,8.83372
388,8.83374
389,8.83375
390,8.83376
391,8.83377
392,8.83379
393,8.8338
394,8.83381
395,8.83382
396,8.83383
397,8.83384
398,8.83385
399,8.83386
400,8.83387
401,8.83388
402,8.83389
403,8.8339
404,8.83391
405,8.83392
406,8.83392
407,8.83393
408,8.83394
409,8.83395
410,8.83396
411,8.83396
412,8.83397
413,8.83398
414,8.83399
415,8.83399
416,8.834
417,8.83401
418,8.83401
419,8.83402
420,8.83402
421,8.83403
422,8.83404
423,8.83404
424,8.83405
425,8.83405
426,8.83406
427,8.83406
428,8.83407
429,8.83407
430,8.83408
431,8.83408
432,8.83409
433,8.83409
434,8.83409
435,8.8341
436,8.8341
437,8.83411
438,8.83411
439,8.83411
440,8.83412
441,8.83412
442,8.83412
443,8.83413
444,8.83413
445,8.83413
446,8.83414
447,8.83414
448,8.83414
449,8.83415
450,8.83415
451,8.83415
452,8.83415
453,8.83416
454,8.83416
455,8.83416
456,8.83416
457,8.83417
458,8.83417
459,8.83417
460,8.83417
461,8.83417
462,8.83418
463,8.83418
464,8.83418
465,8.83418
466,8.83418
467,8.83418
468,8.83419
469,8.83419
470,8.83419
471,8.83419
472,8.83419
473,8.83419
474,8.83419
475,8.83419
476,8.8342
477,8.8342
478,8.8342
479,8.8342
480,8.8342
481,8.8342
482,8.8342
483,8.8342
484,8.8342
485,8.8342
486,8.83421
487,8.83421
488,8.83421
489,8.83421
490,8.83421
491,8.83421
492,8.83421
493,8.83421
494,8.83421
495,8.83421
496,8.83421
497,8.83421
498,8.83421
499,8.83421
500,8.83421
501,8.83421
502,8.83421
503,8.83421
504,8.83421
505,8.83421
506,8.83421
507,8.83421
508,8.83421
509,8.83421
510,8.83421
511,8.83421
512,8.83421
513,8.83421
514,8.83421
515,8.83421
516,8.83421
517,8.83421
518,8.83421
519,8.83421
520,8.83421
521,8.83421
522,8.83421
523,8.83421
524,8.83421
525,8.83421
526,8.83421
527,8.83421
528,8.83421
529,8.83421
530,8.83421
531,8.83421
532,8.83421
533,8.83421
534,8.83421
535,8.83421
536,8.83421
537,8.83421
538,8.83421
539,8.83421
540,8.83421
541,8.83421
542,8.83421
543,8.83421
544,8.83421
545,8.83421
546,8.83421
547,8.83421
548,8.83421
549,8.83421
550,8.8342
551,8.8342
552,8.8342
553,8.8342
554,8.8342
555,8.8342
556,8.8342
557,8.8342
558,8.8342
559,8.8342
560,8.8342
561,8.8342
562,8.8342
563,8.8342
564,8.8342
565,8.8342
566,8.8342
567,8.8342
568,8.8342
569,8.83419
570,8.83419
571,8.83419
572,8.83419
573,8.83419
574,8.83419
575,8.83419
576,8.83419
577,8.83419
578,8.83419
579,8.83419
580,8.83419
581,8.83419
582,8.83419
583,8.83419
584,8.83419
585,8.83418
586,8.83418
587,8.83418
588,8.83418
589,8.83418
590,8.83418
591,8.83418
592,8.83418
593,8.83418
594,8.83418
595,8.83418
596,8.83418
597,8.83418
598,8.83418
599,8.83418
600,8.83417
601,8.83417
602,8.83417
603,8.83417
604,8.83417
605,8.83417
606,8.83417
607,8.83417
608,8.83417
609,8.83417
610,8.83417
611,8.83417
612,8.83417
613,8.83417
614,8.83417
615,8.83416
616,8.83416
617,8.83416
618,8.83416
619,8.83416
620,8.83416
621,8.83416
622,8.83416
623,8.83416
624,8.83416
625,8.83416
626,8.83416
627,8.83416
628,8.83415
629,8.83415
630,8.83415
631,8.83415
632,8.83415
633,8.83415
634,8.83415
635,8.83415
636,8.83415
637,8.83415
638,8.83415
639,8.83415
640,8.83415
641,8.83415
642,8.83414
643,8.83414
644,8.83414
645,8.83414
646,8.83414
647,8.83414
648,8.83414
649,8.83414
650,8.83414
651,8.83414
652,8.83414
653,8.83414
654,8.83414
655,8.83414
656,8.83413
657,8.83413
658,8.83413
659,8.83413
660,8.83413
661,8.83413
662,8.83413
663,8.83413
664,8.83413
665,8.83413
666,8.83413
667,8.83413
668,8.83413
669,8.83412
670,8.83412
671,8.83412
672,8.83412
673,8.83412
674,8.83412
675,8.83412
676,8.83412
677,8.83412
678,8.83412
679,8.83412
680,8.83412
681,8.83412
682,8.83412
683,8.83411
684,8.83411
685,8.83411
686,8.83411
687,8.83411
688,8.83411
689,8.83411
690,8.83411
691,8.83411
692,8.83411
693,8.83411
694,8.83411
695,8.83411
696,8.8341
697,8.8341
698,8.8341
699,8.8341
700,8.8341
701,8.8341
702,8.8341
703,8.8341
704,8.8341
705,8.8341
706,8.8341
707,8.8341
708,8.8341
709,8.8341
710,8.83409
711,8.83409
712,8.83409
713,8.83409
714,8.83409
715,8.83409
716,8.83409
717,8.83409
718,8.83409
719,8.83409
720,8.83409
721,8.83409
722,8.83409
723,8.83409
724,8.83408
725,8.83408
726,8.83408
727,8.83408
728,8.83408
729,8.83408
730,8.83408
731,8.83408
732,8.83408
733,8.83408
734,8.83408
735,8.83408
736,8.83408
737,8.83407
738,8.83407
739,8.83407
740,8.83407
741,8.83407
742,8.83407
743,8.83407
744,8.83407
745,8.83407
746,8.83407
747,8.83407
748,8.83407
749,8.83407
750,8.83407
751,8.83406
752,8.83406
753,8.83406
754,8.83406
755,8.83406
756,8.83406
757,8.83406
758,8.83406
759,8.83406
760,8.83406
761,8.83406
762,8.83406
763,8.83406
764,8.83406
765,8.83405
766,8.83405
767,8.83405
768,8.83405
769,8.83405
770,8.83405
771,8.83405
772,8.83405
773,8.83405
774,8.83405
775,8.83405
776,8.83405
777,8.83405
778,8.83405
779,8.83404
780,8.83404
781,8.83404
782,8.83404
783,8.83404
784,8.83404
785,8.83404
786,8.83404
787,8.83404
788,8.83404
789,8.83404
790,8.83404
791,8.83404
792,8.83404
793,8.83404
794,8.83403
795,8.83403
796,8.83403
797,8.83403
798,8.83403
799,8.83403
800,8.83403
801,8.83403
802,8.83403
803,8.83403
804,8.83403
805,8.83403
806,8.83403
807,8.83403
808,8.83402
809,8.83402
810,8.83402
811,8.83402
812,8.83402
813,8.83402
814,8.83402
815,8.83402
816,8.83402
817,8.83402
818,8.83402
819,8.83402
820,8.83402
821,8.83402
822,8.83402
823,8.83401
824,8.83401
825,8.83401
826,8.83401
827,8.83401
828,8.83401
829,8.83401
830,8.83401
831,8.83401
832,8.83401
833,8.83401
834,8.83401
835,8.83401
836,8.83401
837,8.83401
838,8.834
839,8.834
840,8.834
841,8.834
842,8.834
843,8.834
844,8.834
845,8.834
846,8.834
847,8.834
848,8.834
849,8.834
850,8.834
851,8.834
852,8.834
853,8.83399
854,8.83399
855,8.83399
856,8.83399
857,8.83399
858,8.83399
859,8.83399
860,8.83399
861,8.83399
862,8.83399
863,8.83399
864,8.83399
865,8.83399
866,8.83399
867,8.83399
868,8.83398
869,8.83398
870,8.83398
871,8.83398
872,8.83398
873,8.83398
874,8.83398
875,8.83398
876,8.83398
877,8.83398
878,8.83398
879,8.83398
880,8.83398
881,8.83398
882,8.83398
883,8.83397
884,8.83397
885,8.83397
886,8.83397
887,8.83397
888,8.83397
889,8.83397
890,8.83397
891,8.83397
892,8.83397
893,8.83397
894,8.83397
895,8.83397
896,8.83397
897,8.83397
898,8.83397
899,8.83396
900,8.83396
901,8.83396
902,8.83396
903,8.83396
904,8.83396
905,8.83396
906,8.83396
907,8.83396
908,8.83396
909,8.83396
910,8.83396
911,8.83396
912,8.83396
913,8.83396
914,8.83396
915,8.83395
916,8.83395
917,8.83395
918,8.83395
919,8.83395
920,8.83395
921,8.83395
922,8.83395
923,8.83395
924,8.83395
925,8.83395
926,8.83395
927,8.83395
928,8.83395
929,8.83395
930,8.83395
931,8.83394
932,8.83394
933,8.83394
934,8.83394
935,8.83394
936,8.83394
937,8.83394
938,8.83394
939,8.83394
940,8.83394
941,8.83394
942,8.83394
943,8.83394
944,8.83394
945,8.83394
946,8.83394
947,8.83394
948,8.83393
949,8.83393
950,8.83393
951,8.83393
952,8.83393
953,8.83393
954,8.83393
955,8.83393
956,8.83393
957,8.83393
958,8.83393
959,8.83393
960,8.83393
961,8.83393
962,8.83393
963,8.83393
964,8.83393
965,8.83392
966,8.83392
967,8.83392
968,8.83392
969,8.83392
970,8.83392
971,8.83392
972,8.83392
973,8.83392
974,8.83392
975,8.83392
976,8.83392
977,8.83392
978,8.83392
979,8.83392
980,8.83392
981,8.83392
982,8.83391
983,8.83391
984,8.83391
985,8.83391
986,8.83391
987,8.83391
988,8.83391
989,8.83391
990,8.83391
991,8.83391
992,8.83391
993,8.83391
994,8.83391
995,8.83391
996,8.83391
997,8.83391
998,8.83391
999,8.8339
1000,8.8339
1001,8.8339
1002,8.8339
1003,8.8339
1004,8.8339
1005,8.8339
1006,8.8339
1007,8.8339
1008,8.8339
1009,8.8339
1010,8.8339
1011,8.8339
1012,8.8339
1013,8.8339
1014,8.8339
1015,8.8339
1016,8.8339
1017,8.83389
1018,8.83389
1019,8.83389
1020,8.83389
1021,8.83389
1022,8.83389
1023,8.83389
1024,8.83389
1025,8.83389
1026,8.83389
1027,8.83389
1028,8.83389
1029,8.83389
1030,8.83389
1031,8.83389
1032,8.83389
1033,8.83389
1034,8.83389
1035,8.83388
1036,8.83388
1037,8.83388
1038,8.83388
1039,8.83388
1040,8.83388
1041,8.83388
1042,8.83388
1043,8.83388
1044,8.83388
1045,8.83388
1046,8.83388
1047,8.83388
1048,8.83388
1049,8.83388
1050,8.83388
1051,8.83388
1052,8.83388
1053,8.83387
1054,8.83387
1055,8.83387
1056,8.83387
1057,8.83387
1058,8.83387
1059,8.83387
1060,8.83387
1061,8.83387
1062,8.83387
1063,8.83387
1064,8.83387
1065,8.83387
1066,8.83387
1067,8.83387
1068,8.83387
1069,8.83387
1070,8.83387
1071,8.83386
1072,8.83386
1073,8.83386
1074,8.83386
1075,8.83386
1076,8.83386
1077,8.83386
1078,8.83386
1079,8.83386
1080,8.83386
1081,8.83386
1082,8.83386
1083,8.83386
1084,8.83386
1085,8.83386
1086,8.83386
1087,8.83386
1088,8.83386
1089,8.83386
1090,8.83385
1091,8.83385
1092,8.83385
1093,8.83385
1094,8.83385
1095,8.83385
1096,8.83385
1097,8.83385
1098,8.83385
1099,8.83385
1100,8.83385
1101,8.83385
1102,8.83385
1103,8.83385
1104,8.83385
1105,8.83385
1106,8.83385
1107,8.83385
1108,8.83385
1109,8.83385
1110,8.83384
1111,8.83384
1112,8.83384
1113,8.83384
1114,8.83384
1115,8.83384
1116,8.83384
1117,8.83384
1118,8.83384
1119,8.83384
1120,8.83384
1121,8.83384
1122,8.83384
1123,8.83384
1124,8.83384
1125,8.83384
1126,8.83384
1127,8.83384
1128,8.83384
1129,8.83384
1130,8.83383
1131,8.83383
1132,8.83383
1133,8.83383
1134,8.83383
1135,8.83383
1136,8.83383
1137,8.83383
1138,8.83383
1139,8.83383
1140,8.83383
1141,8.83383
1142,8.83383
1143,8.83383
1144,8.83383
1145,8.83383
1146,8.83383
1147,8.83383
1148,8.83383
1149,8.83383
1150,8.83382
1151,8.83382
1152,8.83382
1153,8.83382
1154,8.83382
1155,8.83382
1156,8.83382
1157,8.83382
1158,8.83382
1159,8.83382
1160,8.83382
1161,8.83382
1162,8.83382
1163,8.83382
1164,8.83382
1165,8.83382
1166,8.83382
1167,8.83382
1168,8.83382
1169,8.83382
1170,8.83381
1171,8.83381
1172,8.83381
1173,8.83381
1174,8.83381
1175,8.83381
1176,8.83381
1177,8.83381
1178,8.83381
1179,8.83381
1180,8.83381
1181,8.83381
1182,8.83381
1183,8.83381
1184,8.83381
1185,8.83381
1186,8.83381
1187,8.83381
1188,8.83381
1189,8.83381
1190,8.83381
1191,8.8338
1192,8.8338
1193,8.8338
1194,8.8338
1195,8.8338
1196,8.8338
1197,8.8338
1198,8.8338
1199,8.8338
1200,8.8338
1201,8.8338
1202,8.8338
1203,8.8338
1204,8.8338
1205,8.8338
1206,8.8338
1207,8.8338
1208,8.8338
1209,8.8338
1210,8.8338
1211,8.8338
1212,8.8338
1213,8.83379
1214,8.83379
1215,8.83379
1216,8.83379
1217,8.83379
1218,8.83379
1219,8.83379
1220,8.83379
1221,8.83379
1222,8.83379
1223,8.83379
1224,8.83379
1225,8.83379
1226,8.83379
1227,8.83379
1228,8.83379
1229,8.83379
1230,8.83379
1231,8.83379
1232,8.83379
1233,8.83379
1234,8.83378
1235,8.83378
1236,8.83378
1237,8.83378
1238,8.83378
1239,8.83378
1240,8.83378
1241,8.83378
1242,8.83378
1243,8.83378
1244,8.83378
1245,8.83378
1246,8.83378
1247,8.83378
1248,8.83378
1249,8.83378
1250,8.83378
1251,8.83378
1252,8.83378
1253,8.83378
1254,8.83378
1255,8.83378
1256,8.83378
1257,8.83377
1258,8.83377
1259,8.83377
1260,8.83377
1261,8.83377
1262,8.83377
1263,8.83377
1264,8.83377
1265,8.83377
1266,8.83377
1267,8.83377
1268,8.83377
1269,8.83377
1270,8.83377
1271,8.83377
1272,8.83377
1273,8.83377
1274,8.83377
1275,8.83377
1276,8.83377
1277,8.83377
1278,8.83377
1279,8.83377
1280,8.83376
1281,8.83376
1282,8.83376
1283,8.83376
1284,8.83376
1285,8.83376
1286,8.83376
1287,8.83376
1288,8.83376
1289,8.83376
1290,8.83376
1291,8.83376
1292,8.83376
1293,8.83376
1294,8.83376
1295,8.83376
1296,8.83376
1297,8.83376
1298,8.83376
1299,8.83376
1300,8.83376
1301,8.83376
1302,8.83376
1303,8.83375
1304,8.83375
1305,8.83375
1306,8.83375
1307,8.83375
1308,8.83375
1309,8.83375
1310,8.83375
1311,8.83375
1312,8.83375
1313,8.83375
1314,8.83375
1315,8.83375
1316,8.83375
1317,8.83375
1318,8.83375
1319,8.83375
1320,8.83375
1321,8.83375
1322,8.83375
1323,8.83375
1324,8.83375
1325,8.83375
1326,8.83375
1327,8.83374
1328,8.83374
1329,8.83374
1330,8.83374
1331,8.83374
1332,8.83374
1333,8.83374
1334,8.83374
1335,8.83374
1336,8.83374
1337,8.83374
1338,8.83374
1339,8.83374
1340,8.83374
1341,8.83374
1342,8.83374
1343,8.83374
1344,8.83374
1345,8.83374
1346,8.83374
1347,8.83374
1348,8.83374
1349,8.83374
1350,8.83374
1351,8.83374
1352,8.83373
1353,8.83373
1354,8.83373
1355,8.83373
1356,8.83373
1357,8.83373
1358,8.83373
1359,8.83373
1360,8.83373
1361,8.83373
1362,8.83373
1363,8.83373
1364,8.83373
1365,8.83373
1366,8.83373
1367,8.83373
1368,8.83373
1369,8.83373
1370,8.83373
1371,8.83373
1372,8.83373
1373,8.83373
1374,8.83373
1375,8.83373
1376,8.83373
1377,8.83372
1378,8.83372
1379,8.83372
1380,8.83372
1381,8.83372
1382,8.83372
1383,8.83372
1384,8.83372
1385,8.83372
1386,8.83372
1387,8.83372
1388,8.83372
1389,8.83372
1390,8.83372
1391,8.83372
1392,8.83372
1393,8.83372
1394,8.83372
1395,8.83372
1396,8.83372
1397,8.83372
1398,8.83372
1399,8.83372
1400,8.83372
1401,8.83372
1402,8.83372
1403,8.83371
1404,8.83371
1405,8.83371
1406,8.83371
1407,8.83371
1408,8.83371
1409,8.83371
1410,8.83371
1411,8.83371
1412,8.83371
1413,8.83371
1414,8.83371
1415,8.83371
1416,8.83371
1417,8.83371
1418,8.83371
1419,8.83371
1420,8.83371
1421,8.83371
1422,8.83371
1423,8.83371
1424,8.83371
1425,8.83371
1426,8.83371
1427,8.83371
1428,8.83371
1429,8.8337
1430,8.8337
1431,8.8337
1432,8.8337
1433,8.8337
1434,8.8337
1435,8.8337
1436,8.8337
1437,8.8337
1438,8.8337
1439,8.8337
1440,8.8337
1441,8.8337
1442,8.8337
1443,8.8337
1444,8.8337
1445,8.8337
1446,8.8337
1447,8.8337
1448,8.8337
1449,8.8337
1450,8.8337
1451,8.8337
1452,8.8337
1453,8.8337
1454,8.8337
1455,8.8337
1456,8.8337
1457,8.83369
1458,8.83369
1459,8.83369
1460,8.83369
1461,8.83369
1462,8.83369
1463,8.83369
1464,8.83369
1465,8.83369
1466,8.83369
1467,8.83369
1468,8.83369
1469,8.83369
1470,8.83369
1471,8.83369
1472,8.83369
1473,8.83369
1474,8.83369
1475,8.83369
1476,8.83369
1477,8.83369
1478,8.83369
1479,8.83369
1480,8.83369
1481,8.83369
1482,8.83369
1483,8.83369
1484,8.83369
1485,8.83368
1486,8.83368
1487,8.83368
1488,8.83368
1489,8.83368
1490,8.83368
1491,8.83368
1492,8.83368
1493,8.83368
1494,8.83368
1495,8.83368
1496,8.83368
1497,8.83368
1498,8.83368
1499,8.83368
1500,8.83368
1501,8.83368
1502,8.83368
1503,8.83368
1504,8.83368
1505,8.83368
1506,8.83368
1507,8.83368
1508,8.83368
1509,8.83368
1510,8.83368
1511,8.83368
1512,8.83368
1513,8.83367
1514,8.83367
1515,8.83367
1516,8.83367
1517,8.83367
1518,8.83367
1519,8.83367
1520,8.83367
1521,8.83367
1522,8.83367
1523,8.83367
1524,8.83367
1525,8.83367
1526,8.83367
1527,8.83367
1528,8.83367
1529,8.83367
1530,8.83367
1531,8.83367
1532,8.83367
1533,8.83367
1534,8.83367
1535,8.83367
1536,8.83367
1537,8.83367
1538,8.83367
1539,8.83367
1540,8.83367
1541,8.83367
1542,8.83367
1543,8.83366
1544,8.83366
1545,8.83366
1546,8.83366
1547,8.83366
1548,8.83366
1549,8.83366
1550,8.83366
1551,8.83366
1552,8.83366
1553,8.83366
1554,8.83366
1555,8.83366
1556,8.83366
1557,8.83366
1558,8.83366
1559,8.83366
1560,8.83366
1561,8.83366
1562,8.83366
1563,8.83366
1564,8.83366
1565,8.83366
1566,8.83366
1567,8.83366
1568,8.83366
1569,8.83366
1570,8.83366
1571,8.83366
1572,8.83366
1573,8.83366
1574,8.83365
1575,8.83365
1576,8.83365
1577,8.83365
1578,8.83365
1579,8.83365
1580,8.83365
1581,8.83365
1582,8.83365
1583,8.83365
1584,8.83365
1585,8.83365
1586,8.83365
1587,8.83365
1588,8.83365
1589,8.83365
1590,8.83365
1591,8.83365
1592,8.83365
1593,8.83365
1594,8.83365
1595,8.83365
1596,8.83365
1597,8.83365
1598,8.83365
1599,8.83365
1600,8.83365
1601,8.83365
1602,8.83365
1603,8.83365
1604,8.83365
1605,8.83364
1606,8.83364
1607,8.83364
1608,8.83364
1609,8.83364
1610,8.83364
1611,8.83364
1612,8.83364
1613,8.83364
1614,8.83364
1615,8.83364
1616,8.83364
1617,8.83364
1618,8.83364
1619,8.83364
1620,8.83364
1621,8.83364
1622,8.83364
1623,8.83364
1624,8.83364
1625,8.83364
1626,8.83364
1627,8.83364
1628,8.83364
1629,8.83364
1630,8.83364
1631,8.83364
1632,8.83364
1633,8.83364
1634,8.83364
1635,8.83364
1636,8.83364
1637,8.83364
1638,8.83363
1639,8.83363
1640,8.83363
1641,8.83363
1642,8.83363
1643,8.83363
1644,8.83363
1645,8.83363
1646,8.83363
1647,8.83363
1648,8.83363
1649,8.83363
1650,8.83363
1651,8.83363
1652,8.83363
1653,8.83363
1654,8.83363
1655,8.83363
1656,8.83363
1657,8.83363
1658,8.83363
1659,8.83363
1660,8.83363
1661,8.83363
1662,8.83363
1663,8.83363
1664,8.83363
1665,8.83363
1666,8.83363
1667,8.83363
1668,8.83363
1669,8.83363
1670,8.83363
1671,8.83363
1672,8.83362
1673,8.83362
1674,8.83362
1675,8.83362
1676,8.83362
1677,8.83362
1678,8.83362
1679,8.83362
1680,8.83362
1681,8.83362
1682,8.83362
1683,8.83362
1684,8.83362
1685,8.83362
1686,8.83362
1687,8.83362
1688,8.83362
1689,8.83362
1690,8.83362
1691,8.83362
1692,8.83362
1693,8.83362
1694,8.83362
1695,8.83362
1696,8.83362
1697,8.83362
1698,8.83362
1699,8.83362
1700,8.83362
1701,8.83362
1702,8.83362
1703,8.83362
1704,8.83362
1705,8.83362
1706,8.83361
1707,8.83361
1708,8.83361
1709,8.83361
1710,8.83361
1711,8.83361
1712,8.83361
1713,8.83361
1714,8.83361
1715,8.83361
1716,8.83361
1717,8.83361
1718,8.83361
1719,8.83361
1720,8.83361
1721,8.83361
1722,8.83361
1723,8.83361
1724,8.83361
1725,8.83361
1726,8.83361
1727,8.83361
1728,8.83361
1729,8.83361
1730,8.83361
1731,8.83361
1732,8.83361
1733,8.83361
1734,8.83361
1735,8.83361
1736,8.83361
1737,8.83361
1738,8.83361
1739,8.83361
1740,8.83361
1741,8.83361
1742,8.83361
1743,8.8336
1744,8.8336
1745,8.8336
1746,8.8336
1747,8.8336
1748,8.8336
1749,8.8336
1750,8.8336
1751,8.8336
1752,8.8336
1753,8.8336
1754,8.8336
1755,8.8336
1756,8.8336
1757,8.8336
1758,8.8336
1759,8.8336
1760,8.8336
1761,8.8336
1762,8.8336
1763,8.8336
1764,8.8336
1765,8.8336
1766,8.8336
1767,8.8336
1768,8.8336
1769,8.8336
1770,8.8336
1771,8.8336
1772,8.8336
1773,8.8336
1774,8.8336
1775,8.8336
1776,8.8336
1777,8.8336
1778,8.8336
1779,8.8336
1780,8.83359
1781,8.83359
1782,8.83359
1783,8.83359
1784,8.83359
1785,8.83359
1786,8.83359
1787,8.83359
1788,8.83359
1789,8.83359
1790,8.83359
1791,8.83359
1792,8.83359
1793,8.83359
1794,8.83359
1795,8.83359
1796,8.83359
1797,8.83359
1798,8.83359
1799,8.83359
1800,8.83359
1801,8.83359
1802,8.83359
1803,8.83359
1804,8.83359
1805,8.83359
1806,8.83359
1807,8.83359
1808,8.83359
1809,8.83359
1810,8.83359
1811,8.83359
1812,8.83359
1813,8.83359
1814,8.83359
1815,8.83359
1816,8.83359
1817,8.83359
1818,8.83359
1819,8.83358
1820,8.83358
1821,8.83358
1822,8.83358
1823,8.83358
1824,8.83358
1825,8.83358
1826,8.83358
1827,8.83358
1828,8.83358
1829,8.83358
1830,8.83358
1831,8.83358
1832,8.83358
1833,8.83358
1834,8.83358
1835,8.83358
1836,8.83358
1837,8.83358
1838,8.83358
1839,8.83358
1840,8.83358
1841,8.83358
1842,8.83358
1843,8.83358
1844,8.83358
1845,8.83358
1846,8.83358
1847,8.83358
1848,8.83358
1849,8.83358
1850,8.83358
1851,8.83358
1852,8.83358
1853,8.83358
1854,8.83358
1855,8.83358
1856,8.83358
1857,8.83358
1858,8.83358
1859,8.83358
1860,8.83357
1861,8.83357
1862,8.83357
1863,8.83357
1864,8.83357
1865,8.83357
1866,8.83357
1867,8.83357
1868,8.83357
1869,8.83357
1870,8.83357
1871,8.83357
1872,8.83357
1873,8.83357
1874,8.83357
1875,8.83357
1876,8.83357
1877,8.83357
1878,8.83357
1879,8.83357
1880,8.83357
1881,8.83357
1882,8.83357
1883,8.83357
1884,8.83357
1885,8.83357
1886,8.83357
1887,8.83357
1888,8.83357
1889,8.83357
1890,8.83357
1891,8.83357
1892,8.83357
1893,8.83357
1894,8.83357
1895,8.83357
1896,8.83357
1897,8.83357
1898,8.83357
1899,8.83357
1900,8.83357
1901,8.83357
1902,8.83356
1903,8.83356
1904,8.83356
1905,8.83356
1906,8.83356
1907,8.83356
1908,8.83356
1909,8.83356
1910,8.83356
1911,8.83356
1912,8.83356
1913,8.83356
1914,8.83356
1915,8.83356
1916,8.83356
1917,8.83356
1918,8.83356
1919,8.83356
1920,8.83356
1921,8.83356
1922,8.83356
1923,8.83356
1924,8.83356
1925,8.83356
1926,8.83356
1927,8.83356
1928,8.83356
1929,8.83356
1930,8.83356
1931,8.83356
1932,8.83356
1933,8.83356
1934,8.83356
1935,8.83356
1936,8.83356
1937,8.83356
1938,8.83356
1939,8.83356
1940,8.83356
1941,8.83356
1942,8.83356
1943,8.83356
1944,8.83356
1945,8.83356
1946,8.83355
1947,8.83355
1948,8.83355
1949,8.83355
1950,8.83355
1951,8.83355
1952,8.83355
1953,8.83355
1954,8.83355
1955,8.83355
1956,8.83355
1957,8.83355
1958,8.83355
1959,8.83355
1960,8.83355
1961,8.83355
1962,8.83355
1963,8.83355
1964,8.83355
1965,8.83355
1966,8.83355
1967,8.83355
1968,8.83355
1969,8.83355
1970,8.83355
1971,8.83355
1972,8.83355
1973,8.83355
1974,8.83355
1975,8.83355
1976,8.83355
1977,8.83355
1978,8.83355
1979,8.83355
1980,8.83355
1981,8.83355
1982,8.83355
1983,8.83355
1984,8.83355
1985,8.83355
1986,8.83355
1987,8.83355
1988,8.83355
1989,8.83355
1990,8.83355
1991,8.83355
1992,8.83354
1993,8.83354
1994,8.83354
1995,8.83354
1996,8.83354
1997,8.83354
1998,8.83354
1999,8.83354
2000,8.83354
