step,0,1,2,3,4,5,6,7,8,9,10,11,12,13,14
0,8.1273,0.936349,0.936349,3.74867e-21,1.46127e-43,1.05245e-31,1.05245e-31,7.13812e-83,1.33849e-05,1.05245e-31,7.13812e-83,1.33849e-05,2.29346e-38,4.99997,2.82126e-09
1,7.40307,1.2618,1.2618,0.073327,1.21415e-43,2.68296e-07,2.68296e-07,5.57356e-83,1.25888e-05,2.68296e-07,5.57356e-83,1.25888e-05,2.15233e-38,4.99997,2.62612e-07
2,6.99031,1.46234,1.46234,0.0850155,1.04933e-43,3.42235e-07,3.42235e-07,4.55845e-83,1.22385e-05,3.42235e-07,4.55845e-83,1.22385e-05,2.00667e-38,4.99997,3.69419e-07
3,6.72441,1.59715,1.59715,0.081297,9.27428e-44,3.36594e-07,3.36594e-07,3.82141e-83,1.20814e-05,3.36594e-07,3.82141e-83,1.20814e-05,1.86611e-38,4.99997,4.03754e-07
4,6.53798,1.69203,1.69203,0.0779545,8.31594e-44,3.28788e-07,3.28788e-07,3.25286e-83,1.19678e-05,3.28788e-07,3.25286e-83,1.19678e-05,1.73336e-38,4.99997,4.0266e-07
5,6.40407,1.76052,1.76052,0.0748939,7.53158e-44,3.19589e-07,3.19589e-07,2.79796e-83,1.18716e-05,3.19589e-07,2.79796e-83,1.18716e-05,1.60907e-38,4.99997,4.01142e-07
6,6.3063,1.81082,1.81082,0.0720542,6.87005e-44,3.09537e-07,3.09537e-07,2.42444e-83,1.17875e-05,3.09537e-07,2.42444e-83,1.17875e-05,1.49321e-38,4.99998,3.99307e-07
7,6.2341,1.84825,1.84825,0.0693936,6.29924e-44,2.99007e-07,2.99007e-07,2.11195e-83,1.17121e-05,2.99007e-07,2.11195e-83,1.17121e-05,1.38543e-38,4.99998,3.97214e-07
8,6.18036,1.87638,1.87638,0.066883,5.79801e-44,2.88267e-07,2.88267e-07,1.84689e-83,1.16428e-05,2.88267e-07,1.84689e-83,1.16428e-05,1.28531e-38,4.99998,3.94897e-07
9,6.14016,1.89767,1.89767,0.0645009,5.3519e-44,2.77502e-07,2.77502e-07,1.61972e-83,1.15779e-05,2.77502e-07,1.61972e-83,1.15779e-05,1.19236e-38,4.99998,3.9238e-07
10,6.10998,1.9139,1.9139,0.0622316,4.95069e-44,2.66843e-07,2.66843e-07,1.42353e-83,1.15164e-05,2.66843e-07,1.42353e-83,1.15164e-05,1.10609e-38,4.99998,3.89682e-07
11,6.08729,1.92632,1.92632,0.0600628,4.58694e-44,2.56379e-07,2.56379e-07,1.25309e-83,1.14573e-05,2.56379e-07,1.25309e-83,1.14573e-05,1.02604e-38,4.99998,3.86818e-07
12,6.07024,1.93589,1.93589,0.0579851,4.25511e-44,2.46169e-07,2.46169e-07,1.10438e-83,1.14e-05,2.46169e-07,1.10438e-83,1.14e-05,9.51775e-39,4.99998,3.83804e-07
13,6.05744,1.94328,1.94328,0.0559912,3.95093e-44,2.36254e-07,2.36254e-07,9.74194e-84,1.1344e-05,2.36254e-07,9.74194e-84,1.1344e-05,8.82878e-39,4.99998,3.80653e-07
14,6.04787,1.94903,1.94903,0.0540748,3.67107e-44,2.26658e-07,2.26658e-07,8.59928e-84,1.1289e-05,2.26658e-07,8.59928e-84,1.1289e-05,8.18966e-39,4.99998,3.77377e-07
15,6.04074,1.95352,1.95352,0.052231,3.41286e-44,2.17393e-07,2.17393e-07,7.59446e-84,1.12347e-05,2.17393e-07,7.59446e-84,1.12347e-05,7.59678e-39,4.99998,3.73988e-07
16,6.03547,1.95704,1.95704,0.0504554,3.17411e-44,2.08466e-07,2.08466e-07,6.70954e-84,1.11809e-05,2.08466e-07,6.70954e-84,1.11809e-05,7.04681e-39,4.99998,3.70497e-07
17,6.03161,1.95982,1.95982,0.0487445,2.95296e-44,1.99875e-07,1.99875e-07,5.92938e-84,1.11276e-05,1.99875e-07,5.92938e-84,1.11276e-05,6.53664e-39,4.99998,3.66914e-07
18,6.02884,1.96203,1.96203,0.0470951,2.74787e-44,1.91618e-07,1.91618e-07,5.24098e-84,1.10745e-05,1.91618e-07,5.24098e-84,1.10745e-05,6.06341e-39,4.99998,3.63249e-07
19,6.02688,1.96381,1.96381,0.0455041,2.55747e-44,1.83688e-07,1.83688e-07,4.63318e-84,1.10216e-05,1.83688e-07,4.63318e-84,1.10216e-05,5.62444e-39,4.99998,3.5951e-07
20,6.02554,1.96525,1.96525,0.0439692,2.38058e-44,1.76076e-07,1.76076e-07,4.09628e-84,1.0969e-05,1.76076e-07,4.09628e-84,1.0969e-05,5.21724e-39,4.99998,3.55707e-07
21,6.02467,1.96642,1.96642,0.0424879,2.21616e-44,1.68774e-07,1.68774e-07,3.62185e-84,1.09164e-05,1.68774e-07,3.62185e-84,1.09164e-05,4.83953e-39,4.99998,3.51845e-07
22,6.02416,1.96739,1.96739,0.0410581,2.06324e-44,1.6177e-07,1.6177e-07,3.20252e-84,1.0864e-05,1.6177e-07,3.20252e-84,1.0864e-05,4.48916e-39,4.99998,3.47934e-07
23,6.02392,1.9682,1.9682,0.0396777,1.92098e-44,1.55055e-07,1.55055e-07,2.83181e-84,1.08116e-05,1.55055e-07,2.83181e-84,1.08116e-05,4.16415e-39,4.99998,3.43979e-07
24,6.02388,1.96889,1.96889,0.0383449,1.78861e-44,1.48617e-07,1.48617e-07,2.50405e-84,1.07594e-05,1.48617e-07,2.50405e-84,1.07594e-05,3.86268e-39,4.99998,3.39987e-07
25,6.02398,1.96948,1.96948,0.0370578,1.6654e-44,1.42447e-07,1.42447e-07,2.21422e-84,1.07072e-05,1.42447e-07,2.21422e-84,1.07072e-05,3.58303e-39,4.99998,3.35963e-07
26,6.0242,1.96999,1.96999,0.0358149,1.55072e-44,1.36533e-07,1.36533e-07,1.95793e-84,1.0655e-05,1.36533e-07,1.95793e-84,1.0655e-05,3.32362e-39,4.99998,3.31913e-07
27,6.0245,1.97044,1.97044,0.0346143,1.44395e-44,1.30866e-07,1.30866e-07,1.73129e-84,1.0603e-05,1.30866e-07,1.73129e-84,1.0603e-05,3.083e-39,4.99998,3.27842e-07
28,6.02485,1.97085,1.97085,0.0334548,1.34455e-44,1.25434e-07,1.25434e-07,1.53086e-84,1.0551e-05,1.25434e-07,1.53086e-84,1.0551e-05,2.8598e-39,4.99998,3.23755e-07
29,6.02523,1.97122,1.97122,0.0323347,1.252e-44,1.2023e-07,1.2023e-07,1.3536e-84,1.0499e-05,1.2023e-07,1.3536e-84,1.0499e-05,2.65275e-39,4.99998,3.19656e-07
30,6.02561,1.97157,1.97157,0.0312527,1.16582e-44,1.15242e-07,1.15242e-07,1.19685e-84,1.04472e-05,1.15242e-07,1.19685e-84,1.04472e-05,2.4607e-39,4.99998,3.15549e-07
31,6.02599,1.9719,1.9719,0.0302074,1.08558e-44,1.10463e-07,1.10463e-07,1.05823e-84,1.03955e-05,1.10463e-07,1.05823e-84,1.03955e-05,2.28255e-39,4.99998,3.11438e-07
32,6.02637,1.97222,1.97222,0.0291976,1.01086e-44,1.05883e-07,1.05883e-07,9.35643e-85,1.03438e-05,1.05883e-07,9.35643e-85,1.03438e-05,2.1173e-39,4.99998,3.07327e-07
33,6.02675,1.97251,1.97251,0.028222,9.41284e-45,1.01494e-07,1.01494e-07,8.27242e-85,1.02922e-05,1.01494e-07,8.27242e-85,1.02922e-05,1.96401e-39,4.99998,3.03218e-07
34,6.02712,1.9728,1.9728,0.0272794,8.76499e-45,9.72879e-08,9.72879e-08,7.31385e-85,1.02408e-05,9.72879e-08,7.31385e-85,1.02408e-05,1.82182e-39,4.99998,2.99116e-07
35,6.0275,1.97307,1.97307,0.0263687,8.16173e-45,9.32571e-08,9.32571e-08,6.46624e-85,1.01894e-05,9.32571e-08,6.46624e-85,1.01894e-05,1.68993e-39,4.99998,2.95022e-07
36,6.02786,1.97332,1.97332,0.0254888,7.59998e-45,8.93943e-08,8.93943e-08,5.71674e-85,1.01382e-05,8.93943e-08,5.71674e-85,1.01382e-05,1.56758e-39,4.99998,2.90941e-07
37,6.02823,1.97357,1.97357,0.0246386,7.0769e-45,8.56923e-08,8.56923e-08,5.05402e-85,1.00871e-05,8.56923e-08,5.05402e-85,1.00871e-05,1.45409e-39,4.99998,2.86873e-07
38,6.02859,1.9738,1.9738,0.023817,6.58981e-45,8.21444e-08,8.21444e-08,4.46804e-85,1.00361e-05,8.21444e-08,4.46804e-85,1.00361e-05,1.34882e-39,4.99998,2.82822e-07
39,6.02894,1.97402,1.97402,0.0230232,6.13623e-45,7.87443e-08,7.87443e-08,3.94993e-85,9.98519e-06,7.87443e-08,3.94993e-85,9.98519e-06,1.25117e-39,4.99998,2.78791e-07
40,6.02929,1.97423,1.97423,0.022256,5.71387e-45,7.54856e-08,7.54856e-08,3.49184e-85,9.93446e-06,7.54856e-08,3.49184e-85,9.93446e-06,1.16059e-39,4.99998,2.7478e-07
41,6.02963,1.97443,1.97443,0.0215147,5.32056e-45,7.23625e-08,7.23625e-08,3.08681e-85,9.88386e-06,7.23625e-08,3.08681e-85,9.88386e-06,1.07656e-39,4.99998,2.70792e-07
42,6.02996,1.97462,1.97462,0.0207983,4.95432e-45,6.93693e-08,6.93693e-08,2.72872e-85,9.83341e-06,6.93693e-08,2.72872e-85,9.83341e-06,9.98624e-40,4.99998,2.66829e-07
43,6.03029,1.9748,1.9748,0.020106,4.61327e-45,6.65005e-08,6.65005e-08,2.41212e-85,9.78311e-06,6.65005e-08,2.41212e-85,9.78311e-06,9.26327e-40,4.99998,2.62893e-07
44,6.03062,1.97497,1.97497,0.019437,4.29569e-45,6.37509e-08,6.37509e-08,2.13223e-85,9.73295e-06,6.37509e-08,2.13223e-85,9.73295e-06,8.59264e-40,4.99998,2.58984e-07
45,6.03093,1.97514,1.97514,0.0187904,3.99996e-45,6.11156e-08,6.11156e-08,1.88477e-85,9.68295e-06,6.11156e-08,1.88477e-85,9.68295e-06,7.97055e-40,4.99998,2.55105e-07
46,6.03124,1.9753,1.9753,0.0181654,3.72458e-45,5.85897e-08,5.85897e-08,1.66601e-85,9.6331e-06,5.85897e-08,1.66601e-85,9.6331e-06,7.39351e-40,4.99998,2.51257e-07
47,6.03155,1.97545,1.97545,0.0175615,3.46815e-45,5.61687e-08,5.61687e-08,1.47262e-85,9.58341e-06,5.61687e-08,1.47262e-85,9.58341e-06,6.85824e-40,4.99998,2.47441e-07
48,6.03184,1.97559,1.97559,0.0169777,3.22936e-45,5.38482e-08,5.38482e-08,1.30165e-85,9.53389e-06,5.38482e-08,1.30165e-85,9.53389e-06,6.36173e-40,4.99998,2.43657e-07
49,6.03213,1.97573,1.97573,0.0164135,3.007e-45,5.1624e-08,5.1624e-08,1.15052e-85,9.48453e-06,5.1624e-08,1.15052e-85,9.48453e-06,5.90116e-40,4.99998,2.39908e-07
50,6.03241,1.97586,1.97586,0.0158682,2.79995e-45,4.94921e-08,4.94921e-08,1.01692e-85,9.43534e-06,4.94921e-08,1.01692e-85,9.43534e-06,5.47393e-40,4.99998,2.36194e-07
51,6.03269,1.97598,1.97598,0.0153411,2.60714e-45,4.74486e-08,4.74486e-08,8.98816e-86,9.38632e-06,4.74486e-08,8.98816e-86,9.38632e-06,5.07764e-40,4.99998,2.32516e-07
52,6.03296,1.97611,1.97611,0.0148317,2.4276e-45,4.54898e-08,4.54898e-08,7.9442e-86,9.33748e-06,4.54898e-08,7.9442e-86,9.33748e-06,4.71003e-40,4.99998,2.28875e-07
53,6.03322,1.97622,1.97622,0.0143393,2.26042e-45,4.36122e-08,4.36122e-08,7.02139e-86,9.28881e-06,4.36122e-08,7.02139e-86,9.28881e-06,4.36904e-40,4.99998,2.25271e-07
54,6.03348,1.97633,1.97633,0.0138633,2.10475e-45,4.18124e-08,4.18124e-08,6.20569e-86,9.24032e-06,4.18124e-08,6.20569e-86,9.24032e-06,4.05274e-40,4.99998,2.21704e-07
55,6.03372,1.97644,1.97644,0.0134032,1.95979e-45,4.00872e-08,4.00872e-08,5.48468e-86,9.19201e-06,4.00872e-08,5.48468e-86,9.19201e-06,3.75933e-40,4.99998,2.18177e-07
56,6.03397,1.97654,1.97654,0.0129585,1.8248e-45,3.84334e-08,3.84334e-08,4.84738e-86,9.14388e-06,3.84334e-08,4.84738e-86,9.14388e-06,3.48717e-40,4.99998,2.14688e-07
57,6.0342,1.97663,1.97663,0.0125286,1.69911e-45,3.68481e-08,3.68481e-08,4.28408e-86,9.09594e-06,3.68481e-08,4.28408e-86,9.09594e-06,3.23471e-40,4.99998,2.11239e-07
58,6.03443,1.97673,1.97673,0.012113,1.58207e-45,3.53284e-08,3.53284e-08,3.78619e-86,9.04818e-06,3.53284e-08,3.78619e-86,9.04818e-06,3.00053e-40,4.99998,2.07829e-07
59,6.03465,1.97682,1.97682,0.0117113,1.47309e-45,3.38716e-08,3.38716e-08,3.34612e-86,9.00061e-06,3.38716e-08,3.34612e-86,9.00061e-06,2.7833e-40,4.99998,2.0446e-07
60,6.03487,1.9769,1.9769,0.011323,1.37161e-45,3.24751e-08,3.24751e-08,2.95717e-86,8.95323e-06,3.24751e-08,2.95717e-86,8.95323e-06,2.5818e-40,4.99998,2.01131e-07
61,6.03508,1.97698,1.97698,0.0109476,1.27712e-45,3.11364e-08,3.11364e-08,2.6134e-86,8.90604e-06,3.11364e-08,2.6134e-86,8.90604e-06,2.39489e-40,4.99998,1.97842e-07
62,6.03529,1.97706,1.97706,0.0105847,1.18913e-45,2.9853e-08,2.9853e-08,2.30957e-86,8.85905e-06,2.9853e-08,2.30957e-86,8.85905e-06,2.22151e-40,4.99998,1.94595e-07
63,6.03549,1.97714,1.97714,0.0102339,1.1072e-45,2.86227e-08,2.86227e-08,2.04104e-86,8.81224e-06,2.86227e-08,2.04104e-86,8.81224e-06,2.06068e-40,4.99998,1.91388e-07
64,6.03568,1.97721,1.97721,0.0098948,1.03092e-45,2.74432e-08,2.74432e-08,1.80371e-86,8.76564e-06,2.74432e-08,1.80371e-86,8.76564e-06,1.91149e-40,4.99998,1.88222e-07
65,6.03587,1.97728,1.97728,0.00956697,9.59884e-46,2.63125e-08,2.63125e-08,1.59396e-86,8.71922e-06,2.63125e-08,1.59396e-86,8.71922e-06,1.77311e-40,4.99998,1.85097e-07
66,6.03605,1.97735,1.97735,0.00925003,8.93743e-46,2.52285e-08,2.52285e-08,1.40859e-86,8.673e-06,2.52285e-08,1.40859e-86,8.673e-06,1.64474e-40,4.99998,1.82013e-07
67,6.03623,1.97741,1.97741,0.00894364,8.32156e-46,2.41893e-08,2.41893e-08,1.24477e-86,8.62699e-06,2.41893e-08,1.24477e-86,8.62699e-06,1.52567e-40,4.99998,1.7897e-07
68,6.0364,1.97748,1.97748,0.00864743,7.74812e-46,2.3193e-08,2.3193e-08,1.09999e-86,8.58116e-06,2.3193e-08,1.09999e-86,8.58116e-06,1.41521e-40,4.99998,1.75968e-07
69,6.03657,1.97754,1.97754,0.00836107,7.21417e-46,2.22378e-08,2.22378e-08,9.72036e-87,8.53554e-06,2.22378e-08,9.72036e-87,8.53554e-06,1.31276e-40,4.99998,1.73007e-07
70,6.03673,1.97759,1.97759,0.00808422,6.71699e-46,2.13221e-08,2.13221e-08,8.58961e-87,8.49012e-06,2.13221e-08,8.58961e-87,8.49012e-06,1.21772e-40,4.99998,1.70086e-07
71,6.03689,1.97765,1.97765,0.00781657,6.25407e-46,2.04442e-08,2.04442e-08,7.59034e-87,8.4449e-06,2.04442e-08,7.59034e-87,8.4449e-06,1.12956e-40,4.99998,1.67206e-07
72,6.03704,1.9777,1.9777,0.00755781,5.82303e-46,1.96025e-08,1.96025e-08,6.70726e-87,8.39988e-06,1.96025e-08,6.70726e-87,8.39988e-06,1.04779e-40,4.99998,1.64367e-07
73,6.03719,1.97775,1.97775,0.00730764,5.42169e-46,1.87956e-08,1.87956e-08,5.92687e-87,8.35506e-06,1.87956e-08,5.92687e-87,8.35506e-06,9.7193e-41,4.99998,1.61568e-07
74,6.03733,1.9778,1.9778,0.00706578,5.048e-46,1.80219e-08,1.80219e-08,5.23724e-87,8.31044e-06,1.80219e-08,5.23724e-87,8.31044e-06,9.01566e-41,4.99998,1.58809e-07
75,6.03747,1.97785,1.97785,0.00683194,4.70005e-46,1.72802e-08,1.72802e-08,4.62782e-87,8.26603e-06,1.72802e-08,4.62782e-87,8.26603e-06,8.36296e-41,4.99998,1.56089e-07
76,6.0376,1.9779,1.9779,0.00660587,4.37608e-46,1.6569e-08,1.6569e-08,4.08929e-87,8.22182e-06,1.6569e-08,4.08929e-87,8.22182e-06,7.75752e-41,4.99998,1.5341e-07
77,6.03773,1.97794,1.97794,0.0063873,4.07443e-46,1.58872e-08,1.58872e-08,3.61339e-87,8.17781e-06,1.58872e-08,3.61339e-87,8.17781e-06,7.1959e-41,4.99998,1.50769e-07
78,6.03786,1.97798,1.97798,0.00617598,3.79356e-46,1.52335e-08,1.52335e-08,3.19286e-87,8.134e-06,1.52335e-08,3.19286e-87,8.134e-06,6.67495e-41,4.99998,1.48168e-07
79,6.03798,1.97802,1.97802,0.00597166,3.53205e-46,1.46067e-08,1.46067e-08,2.82125e-87,8.0904e-06,1.46067e-08,2.82125e-87,8.0904e-06,6.19171e-41,4.99998,1.45605e-07
80,6.0381,1.97806,1.97806,0.00577412,3.28855e-46,1.40058e-08,1.40058e-08,2.49288e-87,8.047e-06,1.40058e-08,2.49288e-87,8.047e-06,5.74345e-41,4.99998,1.43081e-07
81,6.03821,1.9781,1.9781,0.00558314,3.06184e-46,1.34296e-08,1.34296e-08,2.20271e-87,8.0038e-06,1.34296e-08,2.20271e-87,8.0038e-06,5.32765e-41,4.99998,1.40595e-07
82,6.03833,1.97814,1.97814,0.00539848,2.85075e-46,1.28772e-08,1.28772e-08,1.94631e-87,7.96081e-06,1.28772e-08,1.94631e-87,7.96081e-06,4.94195e-41,4.99998,1.38147e-07
83,6.03843,1.97817,1.97817,0.00521994,2.65421e-46,1.23476e-08,1.23476e-08,1.71974e-87,7.91802e-06,1.23476e-08,1.71974e-87,7.91802e-06,4.58417e-41,4.99998,1.35737e-07
84,6.03854,1.97821,1.97821,0.00504733,2.47122e-46,1.18397e-08,1.18397e-08,1.51954e-87,7.87544e-06,1.18397e-08,1.51954e-87,7.87544e-06,4.2523e-41,4.99998,1.33363e-07
85,6.03864,1.97824,1.97824,0.00488043,2.30083e-46,1.13528e-08,1.13528e-08,1.34263e-87,7.83306e-06,1.13528e-08,1.34263e-87,7.83306e-06,3.94445e-41,4.99998,1.31027e-07
86,6.03874,1.97827,1.97827,0.00471906,2.14219e-46,1.08859e-08,1.08859e-08,1.18632e-87,7.79088e-06,1.08859e-08,1.18632e-87,7.79088e-06,3.65889e-41,4.99998,1.28726e-07
87,6.03883,1.9783,1.9783,0.00456303,1.99449e-46,1.04383e-08,1.04383e-08,1.0482e-87,7.7489e-06,1.04383e-08,1.0482e-87,7.7489e-06,3.394e-41,4.99998,1.26462e-07
88,6.03892,1.97833,1.97833,0.00441218,1.85696e-46,1.00091e-08,1.00091e-08,9.26155e-88,7.70713e-06,1.00091e-08,9.26155e-88,7.70713e-06,3.14829e-41,4.99998,1.24234e-07
89,6.03901,1.97836,1.97836,0.00426632,1.72892e-46,9.59759e-09,9.59759e-09,8.18317e-88,7.66556e-06,9.59759e-09,8.18317e-88,7.66556e-06,2.92037e-41,4.99998,1.22041e-07
90,6.0391,1.97839,1.97839,0.00412529,1.6097e-46,9.20301e-09,9.20301e-09,7.23032e-88,7.6242e-06,9.20301e-09,7.23032e-88,7.6242e-06,2.70894e-41,4.99998,1.19883e-07
91,6.03918,1.97841,1.97841,0.00398893,1.4987e-46,8.82467e-09,8.82467e-09,6.38838e-88,7.58303e-06,8.82467e-09,6.38838e-88,7.58303e-06,2.51283e-41,4.99998,1.17759e-07
92,6.03926,1.97844,1.97844,0.00385709,1.39536e-46,8.4619e-09,8.4619e-09,5.64447e-88,7.54207e-06,8.4619e-09,5.64447e-88,7.54207e-06,2.33091e-41,4.99998,1.1567e-07
93,6.03934,1.97846,1.97846,0.00372961,1.29913e-46,8.11407e-09,8.11407e-09,4.98716e-88,7.50131e-06,8.11407e-09,4.98716e-88,7.50131e-06,2.16216e-41,4.99998,1.13614e-07
94,6.03942,1.97849,1.97849,0.00360635,1.20955e-46,7.78055e-09,7.78055e-09,4.40637e-88,7.46075e-06,7.78055e-09,4.40637e-88,7.46075e-06,2.00563e-41,4.99998,1.11592e-07
95,6.03949,1.97851,1.97851,0.00348716,1.12613e-46,7.46075e-09,7.46075e-09,3.89321e-88,7.42039e-06,7.46075e-09,3.89321e-88,7.42039e-06,1.86043e-41,4.99999,1.09602e-07
96,6.03956,1.97853,1.97853,0.00337193,1.04847e-46,7.15412e-09,7.15412e-09,3.43979e-88,7.38023e-06,7.15412e-09,3.43979e-88,7.38023e-06,1.72574e-41,4.99999,1.07645e-07
97,6.03963,1.97855,1.97855,0.0032605,9.76166e-47,6.8601e-09,6.8601e-09,3.03918e-88,7.34028e-06,6.8601e-09,3.03918e-88,7.34028e-06,1.60081e-41,4.99999,1.05721e-07
98,6.0397,1.97858,1.97858,0.00315277,9.08844e-47,6.57817e-09,6.57817e-09,2.68521e-88,7.30052e-06,6.57817e-09,2.68521e-88,7.30052e-06,1.48492e-41,4.99999,1.03828e-07
99,6.03976,1.9786,1.9786,0.0030486,8.46165e-47,6.30785e-09,6.30785e-09,2.37245e-88,7.26096e-06,6.30785e-09,2.37245e-88,7.26096e-06,1.37741e-41,4.99999,1.01966e-07
100,6.03982,1.97861,1.97861,0.00294787,7.87807e-47,6.04864e-09,6.04864e-09,2.09612e-88,7.2216e-06,6.04864e-09,2.09612e-88,7.2216e-06,1.2777e-41,4.99999,1.00135e-07
101,6.03988,1.97863,1.97863,0.00285048,7.33473e-47,5.80009e-09,5.80009e-09,1.85197e-88,7.18244e-06,5.80009e-09,1.85197e-88,7.18244e-06,1.1852e-41,4.99999,9.83351e-08
102,6.03994,1.97865,1.97865,0.0027563,6.82886e-47,5.56177e-09,5.56177e-09,1.63625e-88,7.14347e-06,5.56177e-09,1.63625e-88,7.14347e-06,1.09939e-41,4.99999,9.6565e-08
103,6.04,1.97867,1.97867,0.00266524,6.35787e-47,5.33325e-09,5.33325e-09,1.44565e-88,7.10471e-06,5.33325e-09,1.44565e-88,7.10471e-06,1.0198e-41,4.99999,9.48246e-08
104,6.04005,1.97868,1.97868,0.0025772,5.91936e-47,5.11413e-09,5.11413e-09,1.27726e-88,7.06614e-06,5.11413e-09,1.27726e-88,7.06614e-06,9.45972e-42,4.99999,9.31136e-08
105,6.04011,1.9787,1.9787,0.00249206,5.51109e-47,4.90401e-09,4.90401e-09,1.12847e-88,7.02776e-06,4.90401e-09,1.12847e-88,7.02776e-06,8.77488e-42,4.99999,9.14314e-08
106,6.04016,1.97872,1.97872,0.00240974,5.13097e-47,4.70254e-09,4.70254e-09,9.97013e-89,6.98958e-06,4.70254e-09,9.97013e-89,6.98958e-06,8.13962e-42,4.99999,8.97777e-08
107,6.04021,1.97873,1.97873,0.00233015,4.77707e-47,4.50935e-09,4.50935e-09,8.80868e-89,6.9516e-06,4.50935e-09,8.80868e-89,6.9516e-06,7.55034e-42,4.99999,8.8152e-08
108,6.04025,1.97875,1.97875,0.00225318,4.44757e-47,4.3241e-09,4.3241e-09,7.7825e-89,6.91381e-06,4.3241e-09,7.7825e-89,6.91381e-06,7.00373e-42,4.99999,8.65541e-08
109,6.0403,1.97876,1.97876,0.00217876,4.1408e-47,4.14647e-09,4.14647e-09,6.87586e-89,6.87621e-06,4.14647e-09,6.87586e-89,6.87621e-06,6.49669e-42,4.99999,8.49835e-08
110,6.04034,1.97877,1.97877,0.0021068,3.85518e-47,3.97614e-09,3.97614e-09,6.07482e-89,6.83881e-06,3.97614e-09,6.07482e-89,6.83881e-06,6.02636e-42,4.99999,8.34398e-08
111,6.04039,1.97879,1.97879,0.00203721,3.58926e-47,3.81281e-09,3.81281e-09,5.36709e-89,6.8016e-06,3.81281e-09,5.36709e-89,6.8016e-06,5.59008e-42,4.99999,8.19226e-08
112,6.04043,1.9788,1.9788,0.00196993,3.34168e-47,3.6562e-09,3.6562e-09,4.7418e-89,6.76458e-06,3.6562e-09,4.7418e-89,6.76458e-06,5.18538e-42,4.99999,8.04315e-08
113,6.04047,1.97881,1.97881,0.00190487,3.11117e-47,3.50602e-09,3.50602e-09,4.18935e-89,6.72775e-06,3.50602e-09,4.18935e-89,6.72775e-06,4.80998e-42,4.99999,7.89661e-08
114,6.04051,1.97882,1.97882,0.00184196,2.89657e-47,3.36201e-09,3.36201e-09,3.70126e-89,6.69111e-06,3.36201e-09,3.70126e-89,6.69111e-06,4.46176e-42,4.99999,7.75261e-08
115,6.04055,1.97884,1.97884,0.00178113,2.69676e-47,3.22393e-09,3.22393e-09,3.27003e-89,6.65467e-06,3.22393e-09,3.27003e-89,6.65467e-06,4.13875e-42,4.99999,7.6111e-08
116,6.04058,1.97885,1.97885,0.00172232,2.51074e-47,3.09152e-09,3.09152e-09,2.88903e-89,6.61841e-06,3.09152e-09,2.88903e-89,6.61841e-06,3.83912e-42,4.99999,7.47205e-08
117,6.04062,1.97886,1.97886,0.00166544,2.33754e-47,2.96454e-09,2.96454e-09,2.55242e-89,6.58234e-06,2.96454e-09,2.55242e-89,6.58234e-06,3.56119e-42,4.99999,7.33543e-08
118,6.04065,1.97887,1.97887,0.00161044,2.17629e-47,2.84279e-09,2.84279e-09,2.25503e-89,6.54645e-06,2.84279e-09,2.25503e-89,6.54645e-06,3.30337e-42,4.99999,7.20119e-08
119,6.04069,1.97888,1.97888,0.00155727,2.02617e-47,2.72604e-09,2.72604e-09,1.99228e-89,6.51076e-06,2.72604e-09,1.99228e-89,6.51076e-06,3.06422e-42,4.99999,7.06929e-08
120,6.04072,1.97889,1.97889,0.00150584,1.8864e-47,2.61409e-09,2.61409e-09,1.76014e-89,6.47525e-06,2.61409e-09,1.76014e-89,6.47525e-06,2.84239e-42,4.99999,6.93971e-08
121,6.04075,1.9789,1.9789,0.00145612,1.75627e-47,2.50674e-09,2.50674e-09,1.55505e-89,6.43992e-06,2.50674e-09,1.55505e-89,6.43992e-06,2.63661e-42,4.99999,6.81241e-08
122,6.04078,1.97891,1.97891,0.00140804,1.63511e-47,2.40379e-09,2.40379e-09,1.37386e-89,6.40478e-06,2.40379e-09,1.37386e-89,6.40478e-06,2.44573e-42,4.99999,6.68734e-08
123,6.04081,1.97891,1.97891,0.00136155,1.52231e-47,2.30508e-09,2.30508e-09,1.21377e-89,6.36983e-06,2.30508e-09,1.21377e-89,6.36983e-06,2.26867e-42,4.99999,6.56447e-08
124,6.04084,1.97892,1.97892,0.00131659,1.4173e-47,2.21042e-09,2.21042e-09,1.07234e-89,6.33506e-06,2.21042e-09,1.07234e-89,6.33506e-06,2.10443e-42,4.99999,6.44378e-08
125,6.04086,1.97893,1.97893,0.00127312,1.31952e-47,2.11966e-09,2.11966e-09,9.47385e-90,6.30047e-06,2.11966e-09,9.47385e-90,6.30047e-06,1.95208e-42,4.99999,6.32522e-08
126,6.04089,1.97894,1.97894,0.00123109,1.22849e-47,2.03262e-09,2.03262e-09,8.3699e-90,6.26606e-06,2.03262e-09,8.3699e-90,6.26606e-06,1.81076e-42,4.99999,6.20876e-08
127,6.04092,1.97895,1.97895,0.00119044,1.14375e-47,1.94915e-09,1.94915e-09,7.39458e-90,6.23183e-06,1.94915e-09,7.39458e-90,6.23183e-06,1.67967e-42,4.99999,6.09436e-08
128,6.04094,1.97895,1.97895,0.00115114,1.06484e-47,1.86912e-09,1.86912e-09,6.5329e-90,6.19778e-06,1.86912e-09,6.5329e-90,6.19778e-06,1.55807e-42,4.99999,5.982e-08
129,6.04096,1.97896,1.97896,0.00111314,9.91381e-48,1.79237e-09,1.79237e-09,5.77162e-90,6.16392e-06,1.79237e-09,5.77162e-90,6.16392e-06,1.44527e-42,4.99999,5.87164e-08
130,6.04099,1.97897,1.97897,0.00107639,9.22987e-48,1.71877e-09,1.71877e-09,5.09905e-90,6.13023e-06,1.71877e-09,5.09905e-90,6.13023e-06,1.34064e-42,4.99999,5.76325e-08
131,6.04101,1.97897,1.97897,0.00104085,8.59312e-48,1.6482e-09,1.6482e-09,4.50485e-90,6.09672e-06,1.6482e-09,4.50485e-90,6.09672e-06,1.24358e-42,4.99999,5.65679e-08
132,6.04103,1.97898,1.97898,0.00100649,8.00029e-48,1.58053e-09,1.58053e-09,3.97989e-90,6.06338e-06,1.58053e-09,3.97989e-90,6.06338e-06,1.15355e-42,4.99999,5.55224e-08
133,6.04105,1.97899,1.97899,0.000973261,7.44836e-48,1.51563e-09,1.51563e-09,3.5161e-90,6.03023e-06,1.51563e-09,3.5161e-90,6.03023e-06,1.07004e-42,4.99999,5.44956e-08
134,6.04107,1.97899,1.97899,0.000941131,6.9345e-48,1.4534e-09,1.4534e-09,3.10635e-90,5.99725e-06,1.4534e-09,3.10635e-90,5.99725e-06,9.92574e-43,4.99999,5.34872e-08
135,6.04109,1.979,1.979,0.000910062,6.45609e-48,1.39373e-09,1.39373e-09,2.74435e-90,5.96444e-06,1.39373e-09,2.74435e-90,5.96444e-06,9.20716e-43,4.99999,5.24969e-08
136,6.04111,1.979,1.979,0.000880019,6.01069e-48,1.33651e-09,1.33651e-09,2.42453e-90,5.93181e-06,1.33651e-09,2.42453e-90,5.93181e-06,8.5406e-43,4.99999,5.15244e-08
137,6.04113,1.97901,1.97901,0.000850968,5.59601e-48,1.28164e-09,1.28164e-09,2.14198e-90,5.89935e-06,1.28164e-09,2.14198e-90,5.89935e-06,7.9223e-43,4.99999,5.05694e-08
138,6.04115,1.97902,1.97902,0.000822877,5.20993e-48,1.22902e-09,1.22902e-09,1.89236e-90,5.86706e-06,1.22902e-09,1.89236e-90,5.86706e-06,7.34876e-43,4.99999,4.96316e-08
139,6.04116,1.97902,1.97902,0.000795713,4.8505e-48,1.17856e-09,1.17856e-09,1.67183e-90,5.83495e-06,1.17856e-09,1.67183e-90,5.83495e-06,6.81674e-43,4.99999,4.87107e-08
140,6.04118,1.97903,1.97903,0.000769446,4.51585e-48,1.13017e-09,1.13017e-09,1.47699e-90,5.803e-06,1.13017e-09,1.47699e-90,5.803e-06,6.32324e-43,4.99999,4.78065e-08
141,6.0412,1.97903,1.97903,0.000744047,4.2043e-48,1.08377e-09,1.08377e-09,1.30486e-90,5.77123e-06,1.08377e-09,1.30486e-90,5.77123e-06,5.86547e-43,4.99999,4.69187e-08
142,6.04121,1.97903,1.97903,0.000719486,3.91423e-48,1.03928e-09,1.03928e-09,1.15279e-90,5.73963e-06,1.03928e-09,1.15279e-90,5.73963e-06,5.44083e-43,4.99999,4.60469e-08
143,6.04123,1.97904,1.97904,0.000695736,3.64418e-48,9.96614e-10,9.96614e-10,1.01844e-90,5.70819e-06,9.96614e-10,1.01844e-90,5.70819e-06,5.04694e-43,4.99999,4.51909e-08
144,6.04124,1.97904,1.97904,0.000672771,3.39276e-48,9.55699e-10,9.55699e-10,8.99751e-91,5.67692e-06,9.55699e-10,8.99751e-91,5.67692e-06,4.68157e-43,4.99999,4.43504e-08
145,6.04125,1.97905,1.97905,0.000650563,3.15869e-48,9.16465e-10,9.16465e-10,7.94891e-91,5.64582e-06,9.16465e-10,7.94891e-91,5.64582e-06,4.34264e-43,4.99999,4.35253e-08
146,6.04127,1.97905,1.97905,0.000629089,2.94076e-48,8.78841e-10,8.78841e-10,7.02251e-91,5.61489e-06,8.78841e-10,7.02251e-91,5.61489e-06,4.02825e-43,4.99999,4.27151e-08
147,6.04128,1.97906,1.97906,0.000608324,2.73787e-48,8.42763e-10,8.42763e-10,6.20408e-91,5.58412e-06,8.42763e-10,6.20408e-91,5.58412e-06,3.73663e-43,4.99999,4.19196e-08
148,6.04129,1.97906,1.97906,0.000588245,2.54897e-48,8.08166e-10,8.08166e-10,5.48102e-91,5.55351e-06,8.08166e-10,5.48102e-91,5.55351e-06,3.46611e-43,4.99999,4.11387e-08
149,6.04131,1.97906,1.97906,0.000568828,2.37311e-48,7.74989e-10,7.74989e-10,4.84223e-91,5.52307e-06,7.74989e-10,4.84223e-91,5.52307e-06,3.21518e-43,4.99999,4.0372e-08
150,6.04132,1.97907,1.97907,0.000550053,2.20938e-48,7.43175e-10,7.43175e-10,4.27789e-91,5.4928e-06,7.43175e-10,4.27789e-91,5.4928e-06,2.98242e-43,4.99999,3.96193e-08
151,6.04133,1.97907,1.97907,0.000531897,2.05695e-48,7.12667e-10,7.12667e-10,3.77931e-91,5.46268e-06,7.12667e-10,3.77931e-91,5.46268e-06,2.7665e-43,4.99999,3.88803e-08
152,6.04134,1.97907,1.97907,0.000514341,1.91503e-48,6.83412e-10,6.83412e-10,3.33884e-91,5.43273e-06,6.83412e-10,3.33884e-91,5.43273e-06,2.56622e-43,4.99999,3.81549e-08
153,6.04135,1.97908,1.97908,0.000497364,1.7829e-48,6.55357e-10,6.55357e-10,2.94971e-91,5.40294e-06,6.55357e-10,2.94971e-91,5.40294e-06,2.38044e-43,4.99999,3.74427e-08
154,6.04136,1.97908,1.97908,0.000480948,1.65989e-48,6.28455e-10,6.28455e-10,2.60592e-91,5.37331e-06,6.28455e-10,2.60592e-91,5.37331e-06,2.2081e-43,4.99999,3.67436e-08
155,6.04137,1.97908,1.97908,0.000465074,1.54537e-48,6.02657e-10,6.02657e-10,2.30221e-91,5.34383e-06,6.02657e-10,2.30221e-91,5.34383e-06,2.04825e-43,4.99999,3.60573e-08
156,6.04138,1.97908,1.97908,0.000449723,1.43875e-48,5.77918e-10,5.77918e-10,2.03388e-91,5.31452e-06,5.77918e-10,2.03388e-91,5.31452e-06,1.89996e-43,4.99999,3.53836e-08
157,6.04139,1.97909,1.97909,0.00043488,1.33948e-48,5.54195e-10,5.54195e-10,1.79684e-91,5.28536e-06,5.54195e-10,1.79684e-91,5.28536e-06,1.76241e-43,4.99999,3.47222e-08
158,6.0414,1.97909,1.97909,0.000420526,1.24706e-48,5.31446e-10,5.31446e-10,1.58741e-91,5.25636e-06,5.31446e-10,1.58741e-91,5.25636e-06,1.63482e-43,4.99999,3.4073e-08
159,6.04141,1.97909,1.97909,0.000406647,1.16102e-48,5.0963e-10,5.0963e-10,1.4024e-91,5.22752e-06,5.0963e-10,1.4024e-91,5.22752e-06,1.51647e-43,4.99999,3.34358e-08
160,6.04142,1.9791,1.9791,0.000393225,1.08091e-48,4.88711e-10,4.88711e-10,1.23895e-91,5.19883e-06,4.88711e-10,1.23895e-91,5.19883e-06,1.40668e-43,4.99999,3.28102e-08
161,6.04142,1.9791,1.9791,0.000380247,1.00634e-48,4.6865e-10,4.6865e-10,1.09455e-91,5.1703e-06,4.6865e-10,1.09455e-91,5.1703e-06,1.30485e-43,4.99999,3.21962e-08
162,6.04143,1.9791,1.9791,0.000367697,9.36903e-49,4.49413e-10,4.49413e-10,9.66976e-92,5.14192e-06,4.49413e-10,9.66976e-92,5.14192e-06,1.21038e-43,4.99999,3.15935e-08
163,6.04144,1.9791,1.9791,0.000355561,8.7226e-49,4.30965e-10,4.30965e-10,8.54273e-92,5.11369e-06,4.30965e-10,8.54273e-92,5.11369e-06,1.12276e-43,4.99999,3.10019e-08
164,6.04145,1.9791,1.9791,0.000343826,8.12078e-49,4.13275e-10,4.13275e-10,7.54705e-92,5.08562e-06,4.13275e-10,7.54705e-92,5.08562e-06,1.04147e-43,4.99999,3.04212e-08
165,6.04145,1.97911,1.97911,0.000332478,7.56047e-49,3.96311e-10,3.96311e-10,6.66742e-92,5.0577e-06,3.96311e-10,6.66742e-92,5.0577e-06,9.66075e-44,4.99999,2.98513e-08
166,6.04146,1.97911,1.97911,0.000321505,7.03883e-49,3.80044e-10,3.80044e-10,5.89031e-92,5.02993e-06,3.80044e-10,5.89031e-92,5.02993e-06,8.96135e-44,4.99999,2.92918e-08
167,6.04147,1.97911,1.97911,0.000310894,6.55317e-49,3.64444e-10,3.64444e-10,5.20378e-92,5.0023e-06,3.64444e-10,5.20378e-92,5.0023e-06,8.31259e-44,4.99999,2.87427e-08
168,6.04147,1.97911,1.97911,0.000300633,6.10103e-49,3.49485e-10,3.49485e-10,4.59726e-92,4.97483e-06,3.49485e-10,4.59726e-92,4.97483e-06,7.7108e-44,4.99999,2.82038e-08
169,6.04148,1.97911,1.97911,0.000290711,5.68008e-49,3.3514e-10,3.3514e-10,4.06143e-92,4.94751e-06,3.3514e-10,4.06143e-92,4.94751e-06,7.15257e-44,4.99999,2.76748e-08
170,6.04149,1.97912,1.97912,0.000281117,5.28817e-49,3.21383e-10,3.21383e-10,3.58805e-92,4.92033e-06,3.21383e-10,3.58805e-92,4.92033e-06,6.63476e-44,4.99999,2.71557e-08
171,6.04149,1.97912,1.97912,0.000271839,4.9233e-49,3.08192e-10,3.08192e-10,3.16985e-92,4.8933e-06,3.08192e-10,3.16985e-92,4.8933e-06,6.15443e-44,4.99999,2.66461e-08
172,6.0415,1.97912,1.97912,0.000262867,4.58361e-49,2.95541e-10,2.95541e-10,2.80038e-92,4.86642e-06,2.95541e-10,2.80038e-92,4.86642e-06,5.70888e-44,4.99999,2.6146e-08
173,6.0415,1.97912,1.97912,0.000254192,4.26735e-49,2.83411e-10,2.83411e-10,2.47398e-92,4.83969e-06,2.83411e-10,2.47398e-92,4.83969e-06,5.29558e-44,4.99999,2.56552e-08
174,6.04151,1.97912,1.97912,0.000245802,3.97292e-49,2.71778e-10,2.71778e-10,2.18563e-92,4.81309e-06,2.71778e-10,2.18563e-92,4.81309e-06,4.9122e-44,4.99999,2.51734e-08
175,6.04151,1.97912,1.97912,0.00023769,3.6988e-49,2.60622e-10,2.60622e-10,1.93088e-92,4.78665e-06,2.60622e-10,1.93088e-92,4.78665e-06,4.55658e-44,4.99999,2.47007e-08
176,6.04152,1.97913,1.97913,0.000229846,3.44359e-49,2.49925e-10,2.49925e-10,1.70583e-92,4.76034e-06,2.49925e-10,1.70583e-92,4.76034e-06,4.22671e-44,4.99999,2.42367e-08
177,6.04152,1.97913,1.97913,0.00022226,3.20599e-49,2.39667e-10,2.39667e-10,1.507e-92,4.73418e-06,2.39667e-10,1.507e-92,4.73418e-06,3.92071e-44,4.99999,2.37813e-08
178,6.04153,1.97913,1.97913,0.000214925,2.98478e-49,2.29829e-10,2.29829e-10,1.33135e-92,4.70816e-06,2.29829e-10,1.33135e-92,4.70816e-06,3.63687e-44,4.99999,2.33344e-08
179,6.04153,1.97913,1.97913,0.000207832,2.77884e-49,2.20396e-10,2.20396e-10,1.17617e-92,4.68228e-06,2.20396e-10,1.17617e-92,4.68228e-06,3.37358e-44,4.99999,2.28957e-08
180,6.04154,1.97913,1.97913,0.000200973,2.58711e-49,2.1135e-10,2.1135e-10,1.03908e-92,4.65655e-06,2.1135e-10,1.03908e-92,4.65655e-06,3.12934e-44,4.99999,2.24653e-08
181,6.04154,1.97913,1.97913,0.00019434,2.4086e-49,2.02675e-10,2.02675e-10,9.1797e-93,4.63095e-06,2.02675e-10,9.1797e-93,4.63095e-06,2.90279e-44,4.99999,2.20429e-08
182,6.04155,1.97913,1.97913,0.000187926,2.24241e-49,1.94356e-10,1.94356e-10,8.10974e-93,4.60549e-06,1.94356e-10,8.10974e-93,4.60549e-06,2.69264e-44,4.99999,2.16283e-08
183,6.04155,1.97913,1.97913,0.000181724,2.08769e-49,1.86379e-10,1.86379e-10,7.16449e-93,4.58017e-06,1.86379e-10,7.16449e-93,4.58017e-06,2.49771e-44,4.99999,2.12215e-08
184,6.04155,1.97914,1.97914,0.000175727,1.94365e-49,1.78729e-10,1.78729e-10,6.32941e-93,4.55499e-06,1.78729e-10,6.32941e-93,4.55499e-06,2.31689e-44,4.99999,2.08222e-08
185,6.04156,1.97914,1.97914,0.000169928,1.80954e-49,1.71393e-10,1.71393e-10,5.59167e-93,4.52994e-06,1.71393e-10,5.59167e-93,4.52994e-06,2.14915e-44,4.99999,2.04304e-08
186,6.04156,1.97914,1.97914,0.00016432,1.68468e-49,1.64358e-10,1.64358e-10,4.93992e-93,4.50503e-06,1.64358e-10,4.93992e-93,4.50503e-06,1.99356e-44,4.99999,2.00459e-08
187,6.04156,1.97914,1.97914,0.000158897,1.56844e-49,1.57612e-10,1.57612e-10,4.36413e-93,4.48026e-06,1.57612e-10,4.36413e-93,4.48026e-06,1.84924e-44,4.99999,1.96685e-08
188,6.04157,1.97914,1.97914,0.000153653,1.46022e-49,1.51143e-10,1.51143e-10,3.85545e-93,4.45562e-06,1.51143e-10,3.85545e-93,4.45562e-06,1.71536e-44,4.99999,1.92982e-08
189,6.04157,1.97914,1.97914,0.000148582,1.35947e-49,1.4494e-10,1.4494e-10,3.40607e-93,4.43111e-06,1.4494e-10,3.40607e-93,4.43111e-06,1.59118e-44,4.99999,1.89349e-08
190,6.04157,1.97914,1.97914,0.000143679,1.26567e-49,1.38991e-10,1.38991e-10,3.00906e-93,4.40674e-06,1.38991e-10,3.00906e-93,4.40674e-06,1.47598e-44,4.99999,1.85783e-08
191,6.04158,1.97914,1.97914,0.000138937,1.17834e-49,1.33286e-10,1.33286e-10,2.65833e-93,4.3825e-06,1.33286e-10,2.65833e-93,4.3825e-06,1.36913e-44,4.99999,1.82283e-08
192,6.04158,1.97914,1.97914,0.000134352,1.09704e-49,1.27815e-10,1.27815e-10,2.34848e-93,4.35839e-06,1.27815e-10,2.34848e-93,4.35839e-06,1.27001e-44,4.99999,1.7885e-08
193,6.04158,1.97914,1.97914,0.000129918,1.02134e-49,1.22569e-10,1.22569e-10,2.07474e-93,4.33441e-06,1.22569e-10,2.07474e-93,4.33441e-06,1.17807e-44,4.99999,1.7548e-08
194,6.04158,1.97914,1.97914,0.00012563,9.50871e-50,1.17539e-10,1.17539e-10,1.83291e-93,4.31057e-06,1.17539e-10,1.83291e-93,4.31057e-06,1.09278e-44,4.99999,1.72173e-08
195,6.04159,1.97915,1.97915,0.000121484,8.85262e-50,1.12714e-10,1.12714e-10,1.61927e-93,4.28685e-06,1.12714e-10,1.61927e-93,4.28685e-06,1.01367e-44,4.99999,1.68929e-08
196,6.04159,1.97915,1.97915,0.000117475,8.2418e-50,1.08088e-10,1.08088e-10,1.43053e-93,4.26327e-06,1.08088e-10,1.43053e-93,4.26327e-06,9.40283e-45,4.99999,1.65744e-08
197,6.04159,1.97915,1.97915,0.000113598,7.67313e-50,1.03652e-10,1.03652e-10,1.26379e-93,4.23981e-06,1.03652e-10,1.26379e-93,4.23981e-06,8.72211e-45,4.99999,1.6262e-08
198,6.04159,1.97915,1.97915,0.000109849,7.14369e-50,9.93975e-11,9.93975e-11,1.11648e-93,4.21648e-06,9.93975e-11,1.11648e-93,4.21648e-06,8.09067e-45,4.99999,1.59554e-08
199,6.0416,1.97915,1.97915,0.000106224,6.65078e-50,9.53179e-11,9.53179e-11,9.86344e-94,4.19328e-06,9.53179e-11,9.86344e-94,4.19328e-06,7.50494e-45,4.99999,1.56546e-08
200,6.0416,1.97915,1.97915,0.000102719,6.19189e-50,9.14057e-11,9.14057e-11,8.71376e-94,4.1702e-06,9.14057e-11,8.71376e-94,4.1702e-06,6.96161e-45,4.99999,1.53593e-08
201,6.0416,1.97915,1.97915,9.93289e-05,5.76465e-50,8.76541e-11,8.76541e-11,7.69809e-94,4.14725e-06,8.76541e-11,7.69809e-94,4.14725e-06,6.45762e-45,4.99999,1.50697e-08
202,6.0416,1.97915,1.97915,9.60509e-05,5.3669e-50,8.40565e-11,8.40565e-11,6.8008e-94,4.12443e-06,8.40565e-11,6.8008e-94,4.12443e-06,5.99012e-45,4.99999,1.47854e-08
203,6.04161,1.97915,1.97915,9.28811e-05,4.99659e-50,8.06065e-11,8.06065e-11,6.0081e-94,4.10173e-06,8.06065e-11,6.0081e-94,4.10173e-06,5.55646e-45,4.99999,1.45065e-08
204,6.04161,1.97915,1.97915,8.98159e-05,4.65183e-50,7.72982e-11,7.72982e-11,5.3078e-94,4.07915e-06,7.72982e-11,5.3078e-94,4.07915e-06,5.1542e-45,4.99999,1.42328e-08
205,6.04161,1.97915,1.97915,8.68519e-05,4.33086e-50,7.41256e-11,7.41256e-11,4.68912e-94,4.0567e-06,7.41256e-11,4.68912e-94,4.0567e-06,4.78106e-45,4.99999,1.39642e-08
206,6.04161,1.97915,1.97915,8.39857e-05,4.03203e-50,7.10832e-11,7.10832e-11,4.14255e-94,4.03436e-06,7.10832e-11,4.14255e-94,4.03436e-06,4.43493e-45,4.99999,1.37007e-08
207,6.04161,1.97915,1.97915,8.12141e-05,3.75383e-50,6.81658e-11,6.81658e-11,3.6597e-94,4.01216e-06,6.81658e-11,3.6597e-94,4.01216e-06,4.11386e-45,4.99999,1.34421e-08
208,6.04161,1.97915,1.97915,7.85339e-05,3.49482e-50,6.5368e-11,6.5368e-11,3.23312e-94,3.99007e-06,6.5368e-11,3.23312e-94,3.99007e-06,3.81604e-45,4.99999,1.31884e-08
209,6.04162,1.97915,1.97915,7.59422e-05,3.25368e-50,6.26851e-11,6.26851e-11,2.85627e-94,3.9681e-06,6.26851e-11,2.85627e-94,3.9681e-06,3.53977e-45,4.99999,1.29395e-08
210,6.04162,1.97915,1.97915,7.34361e-05,3.02918e-50,6.01123e-11,6.01123e-11,2.52334e-94,3.94626e-06,6.01123e-11,2.52334e-94,3.94626e-06,3.28351e-45,4.99999,1.26952e-08
211,6.04162,1.97915,1.97915,7.10126e-05,2.82016e-50,5.76452e-11,5.76452e-11,2.22922e-94,3.92453e-06,5.76452e-11,2.22922e-94,3.92453e-06,3.0458e-45,4.99999,1.24555e-08
212,6.04162,1.97916,1.97916,6.86691e-05,2.62558e-50,5.52792e-11,5.52792e-11,1.96938e-94,3.90292e-06,5.52792e-11,1.96938e-94,3.90292e-06,2.82529e-45,4.99999,1.22203e-08
213,6.04162,1.97916,1.97916,6.6403e-05,2.44441e-50,5.30104e-11,5.30104e-11,1.73982e-94,3.88143e-06,5.30104e-11,1.73982e-94,3.88143e-06,2.62076e-45,4.99999,1.19896e-08
214,6.04162,1.97916,1.97916,6.42117e-05,2.27575e-50,5.08347e-11,5.08347e-11,1.53703e-94,3.86006e-06,5.08347e-11,1.53703e-94,3.86006e-06,2.43102e-45,4.99999,1.17631e-08
215,6.04163,1.97916,1.97916,6.20926e-05,2.11872e-50,4.87483e-11,4.87483e-11,1.35787e-94,3.8388e-06,4.87483e-11,1.35787e-94,3.8388e-06,2.25503e-45,4.99999,1.1541e-08
216,6.04163,1.97916,1.97916,6.00435e-05,1.97253e-50,4.67475e-11,4.67475e-11,1.1996e-94,3.81766e-06,4.67475e-11,1.1996e-94,3.81766e-06,2.09178e-45,4.99999,1.1323e-08
217,6.04163,1.97916,1.97916,5.8062e-05,1.83643e-50,4.48289e-11,4.48289e-11,1.05977e-94,3.79664e-06,4.48289e-11,1.05977e-94,3.79664e-06,1.94034e-45,4.99999,1.11091e-08
218,6.04163,1.97916,1.97916,5.6146e-05,1.70972e-50,4.2989e-11,4.2989e-11,9.36243e-95,3.77573e-06,4.2989e-11,9.36243e-95,3.77573e-06,1.79987e-45,4.99999,1.08992e-08
219,6.04163,1.97916,1.97916,5.42931e-05,1.59175e-50,4.12246e-11,4.12246e-11,8.27113e-95,3.75493e-06,4.12246e-11,8.27113e-95,3.75493e-06,1.66957e-45,4.99999,1.06933e-08
220,6.04163,1.97916,1.97916,5.25014e-05,1.48192e-50,3.95327e-11,3.95327e-11,7.30704e-95,3.73425e-06,3.95327e-11,7.30704e-95,3.73425e-06,1.5487e-45,4.99999,1.04912e-08
221,6.04163,1.97916,1.97916,5.07688e-05,1.37967e-50,3.79101e-11,3.79101e-11,6.45532e-95,3.71369e-06,3.79101e-11,6.45532e-95,3.71369e-06,1.43658e-45,4.99999,1.0293e-08
222,6.04163,1.97916,1.97916,4.90934e-05,1.28447e-50,3.63542e-11,3.63542e-11,5.70288e-95,3.69323e-06,3.63542e-11,5.70288e-95,3.69323e-06,1.33258e-45,4.99999,1.00985e-08
223,6.04163,1.97916,1.97916,4.74733e-05,1.19584e-50,3.48621e-11,3.48621e-11,5.03815e-95,3.67289e-06,3.48621e-11,5.03815e-95,3.67289e-06,1.2361e-45,4.99999,9.90762e-09
224,6.04164,1.97916,1.97916,4.59067e-05,1.11333e-50,3.34313e-11,3.34313e-11,4.45089e-95,3.65266e-06,3.34313e-11,4.45089e-95,3.65266e-06,1.14661e-45,4.99999,9.72037e-09
225,6.04164,1.97916,1.97916,4.43917e-05,1.03651e-50,3.20592e-11,3.20592e-11,3.93209e-95,3.63254e-06,3.20592e-11,3.93209e-95,3.63254e-06,1.0636e-45,4.99999,9.53664e-09
226,6.04164,1.97916,1.97916,4.29268e-05,9.64992e-51,3.07434e-11,3.07434e-11,3.47376e-95,3.61253e-06,3.07434e-11,3.47376e-95,3.61253e-06,9.86605e-46,4.99999,9.35637e-09
227,6.04164,1.97916,1.97916,4.15102e-05,8.98408e-51,2.94816e-11,2.94816e-11,3.06885e-95,3.59262e-06,2.94816e-11,3.06885e-95,3.59262e-06,9.15179e-46,4.99999,9.17949e-09
228,6.04164,1.97916,1.97916,4.01403e-05,8.36419e-51,2.82716e-11,2.82716e-11,2.71114e-95,3.57283e-06,2.82716e-11,2.71114e-95,3.57283e-06,8.48924e-46,4.99999,9.00595e-09
229,6.04164,1.97916,1.97916,3.88157e-05,7.78706e-51,2.71113e-11,2.71113e-11,2.39513e-95,3.55315e-06,2.71113e-11,2.39513e-95,3.55315e-06,7.87466e-46,4.99999,8.83568e-09
230,6.04164,1.97916,1.97916,3.75347e-05,7.24976e-51,2.59986e-11,2.59986e-11,2.11595e-95,3.53357e-06,2.59986e-11,2.11595e-95,3.53357e-06,7.30456e-46,4.99999,8.66862e-09
231,6.04164,1.97916,1.97916,3.62961e-05,6.74953e-51,2.49315e-11,2.49315e-11,1.86931e-95,3.5141e-06,2.49315e-11,1.86931e-95,3.5141e-06,6.77575e-46,4.99999,8.5047e-09
232,6.04164,1.97916,1.97916,3.50983e-05,6.28381e-51,2.39083e-11,2.39083e-11,1.65142e-95,3.49474e-06,2.39083e-11,1.65142e-95,3.49474e-06,6.28521e-46,4.99999,8.34388e-09
233,6.04164,1.97916,1.97916,3.394e-05,5.85023e-51,2.2927e-11,2.2927e-11,1.45893e-95,3.47549e-06,2.2927e-11,1.45893e-95,3.47549e-06,5.83019e-46,4.99999,8.18609e-09
234,6.04164,1.97916,1.97916,3.282e-05,5.44657e-51,2.19861e-11,2.19861e-11,1.28887e-95,3.45634e-06,2.19861e-11,1.28887e-95,3.45634e-06,5.40811e-46,4.99999,8.03127e-09
235,6.04164,1.97916,1.97916,3.17369e-05,5.07076e-51,2.10837e-11,2.10837e-11,1.13864e-95,3.43729e-06,2.10837e-11,1.13864e-95,3.43729e-06,5.01659e-46,4.99999,7.87938e-09
236,6.04165,1.97916,1.97916,3.06896e-05,4.72088e-51,2.02184e-11,2.02184e-11,1.00592e-95,3.41835e-06,2.02184e-11,1.00592e-95,3.41835e-06,4.65341e-46,4.99999,7.73035e-09
237,6.04165,1.97916,1.97916,2.96768e-05,4.39514e-51,1.93886e-11,1.93886e-11,8.88666e-96,3.39952e-06,1.93886e-11,8.88666e-96,3.39952e-06,4.31652e-46,4.99999,7.58413e-09
238,6.04165,1.97916,1.97916,2.86975e-05,4.09187e-51,1.85928e-11,1.85928e-11,7.85081e-96,3.38078e-06,1.85928e-11,7.85081e-96,3.38078e-06,4.00403e-46,4.99999,7.44066e-09
239,6.04165,1.97916,1.97916,2.77504e-05,3.80954e-51,1.78297e-11,1.78297e-11,6.93571e-96,3.36215e-06,1.78297e-11,6.93571e-96,3.36215e-06,3.71415e-46,4.99999,7.29991e-09
240,6.04165,1.97916,1.97916,2.68347e-05,3.54668e-51,1.7098e-11,1.7098e-11,6.12727e-96,3.34362e-06,1.7098e-11,6.12727e-96,3.34362e-06,3.44526e-46,4.99999,7.16181e-09
241,6.04165,1.97916,1.97916,2.59491e-05,3.30196e-51,1.63962e-11,1.63962e-11,5.41306e-96,3.3252e-06,1.63962e-11,5.41306e-96,3.3252e-06,3.19584e-46,4.99999,7.02632e-09
242,6.04165,1.97916,1.97916,2.50928e-05,3.07412e-51,1.57233e-11,1.57233e-11,4.7821e-96,3.30687e-06,1.57233e-11,4.7821e-96,3.30687e-06,2.96448e-46,4.99999,6.89338e-09
243,6.04165,1.97916,1.97916,2.42647e-05,2.86201e-51,1.5078e-11,1.5078e-11,4.22469e-96,3.28864e-06,1.5078e-11,4.22469e-96,3.28864e-06,2.74986e-46,4.99999,6.76295e-09
244,6.04165,1.97916,1.97916,2.3464e-05,2.66453e-51,1.44591e-11,1.44591e-11,3.73225e-96,3.27052e-06,1.44591e-11,3.73225e-96,3.27052e-06,2.55078e-46,4.99999,6.63499e-09
245,6.04165,1.97916,1.97916,2.26897e-05,2.48068e-51,1.38657e-11,1.38657e-11,3.29721e-96,3.25249e-06,1.38657e-11,3.29721e-96,3.25249e-06,2.36612e-46,4.99999,6.50944e-09
246,6.04165,1.97916,1.97916,2.19409e-05,2.30951e-51,1.32966e-11,1.32966e-11,2.91288e-96,3.23457e-06,1.32966e-11,2.91288e-96,3.23457e-06,2.19482e-46,4.99999,6.38626e-09
247,6.04165,1.97916,1.97916,2.12168e-05,2.15016e-51,1.27509e-11,1.27509e-11,2.57335e-96,3.21674e-06,1.27509e-11,2.57335e-96,3.21674e-06,2.03593e-46,4.99999,6.26541e-09
248,6.04165,1.97916,1.97916,2.05167e-05,2.0018e-51,1.22276e-11,1.22276e-11,2.2734e-96,3.19901e-06,1.22276e-11,2.2734e-96,3.19901e-06,1.88853e-46,4.99999,6.14684e-09
249,6.04165,1.97916,1.97916,1.98396e-05,1.86367e-51,1.17257e-11,1.17257e-11,2.0084e-96,3.18137e-06,1.17257e-11,2.0084e-96,3.18137e-06,1.75181e-46,4.99999,6.0305e-09
250,6.04165,1.97916,1.97916,1.91849e-05,1.73508e-51,1.12445e-11,1.12445e-11,1.7743e-96,3.16384e-06,1.12445e-11,1.7743e-96,3.16384e-06,1.62499e-46,4.99999,5.91637e-09
251,6.04165,1.97916,1.97916,1.85518e-05,1.61536e-51,1.0783e-11,1.0783e-11,1.56748e-96,3.1464e-06,1.0783e-11,1.56748e-96,3.1464e-06,1.50735e-46,4.99999,5.80439e-09
252,6.04165,1.97916,1.97916,1.79396e-05,1.5039e-51,1.03404e-11,1.03404e-11,1.38478e-96,3.12905e-06,1.03404e-11,1.38478e-96,3.12905e-06,1.39822e-46,4.99999,5.69453e-09
253,6.04165,1.97916,1.97916,1.73476e-05,1.40013e-51,9.91604e-12,9.91604e-12,1.22336e-96,3.1118e-06,9.91604e-12,1.22336e-96,3.1118e-06,1.297e-46,4.99999,5.58674e-09
254,6.04165,1.97916,1.97916,1.67751e-05,1.30352e-51,9.50907e-12,9.50907e-12,1.08076e-96,3.09465e-06,9.50907e-12,1.08076e-96,3.09465e-06,1.2031e-46,4.99999,5.48099e-09
255,6.04165,1.97916,1.97916,1.62215e-05,1.21358e-51,9.1188e-12,9.1188e-12,9.54789e-97,3.07759e-06,9.1188e-12,9.54789e-97,3.07759e-06,1.116e-46,4.99999,5.37724e-09
256,6.04165,1.97916,1.97916,1.56862e-05,1.12984e-51,8.74455e-12,8.74455e-12,8.43496e-97,3.06062e-06,8.74455e-12,8.43496e-97,3.06062e-06,1.03521e-46,4.99999,5.27544e-09
257,6.04166,1.97916,1.97916,1.51686e-05,1.05188e-51,8.38565e-12,8.38565e-12,7.45176e-97,3.04375e-06,8.38565e-12,7.45176e-97,3.04375e-06,9.60262e-47,4.99999,5.17558e-09
258,6.04166,1.97916,1.97916,1.4668e-05,9.79305e-52,8.04149e-12,8.04149e-12,6.58317e-97,3.02697e-06,8.04149e-12,6.58317e-97,3.02697e-06,8.90744e-47,4.99999,5.07759e-09
259,6.04166,1.97917,1.97917,1.4184e-05,9.11733e-52,7.71145e-12,7.71145e-12,5.81582e-97,3.01028e-06,7.71145e-12,5.81582e-97,3.01028e-06,8.26258e-47,4.99999,4.98146e-09
260,6.04166,1.97917,1.97917,1.37159e-05,8.48823e-52,7.39496e-12,7.39496e-12,5.13792e-97,2.99368e-06,7.39496e-12,5.13792e-97,2.99368e-06,7.6644e-47,4.99999,4.88715e-09
261,6.04166,1.97917,1.97917,1.32633e-05,7.90255e-52,7.09145e-12,7.09145e-12,4.53903e-97,2.97718e-06,7.09145e-12,4.53903e-97,2.97718e-06,7.10953e-47,4.99999,4.79462e-09
262,6.04166,1.97917,1.97917,1.28256e-05,7.35727e-52,6.80041e-12,6.80041e-12,4.00995e-97,2.96076e-06,6.80041e-12,4.00995e-97,2.96076e-06,6.59483e-47,4.99999,4.70384e-09
263,6.04166,1.97917,1.97917,1.24023e-05,6.84962e-52,6.52131e-12,6.52131e-12,3.54254e-97,2.94444e-06,6.52131e-12,3.54254e-97,2.94444e-06,6.1174e-47,4.99999,4.61478e-09
264,6.04166,1.97917,1.97917,1.1993e-05,6.377e-52,6.25366e-12,6.25366e-12,3.12961e-97,2.9282e-06,6.25366e-12,3.12961e-97,2.9282e-06,5.67452e-47,4.99999,4.5274e-09
265,6.04166,1.97917,1.97917,1.15973e-05,5.93699e-52,5.997e-12,5.997e-12,2.76482e-97,2.91206e-06,5.997e-12,2.76482e-97,2.91206e-06,5.26371e-47,4.99999,4.44167e-09
266,6.04166,1.97917,1.97917,1.12146e-05,5.52734e-52,5.75087e-12,5.75087e-12,2.44254e-97,2.896e-06,5.75087e-12,2.44254e-97,2.896e-06,4.88264e-47,4.99999,4.35756e-09
267,6.04166,1.97917,1.97917,1.08445e-05,5.14595e-52,5.51484e-12,5.51484e-12,2.15784e-97,2.88003e-06,5.51484e-12,2.15784e-97,2.88003e-06,4.52916e-47,4.99999,4.27504e-09
268,6.04166,1.97917,1.97917,1.04866e-05,4.79088e-52,5.2885e-12,5.2885e-12,1.90631e-97,2.86415e-06,5.2885e-12,1.90631e-97,2.86415e-06,4.20127e-47,4.99999,4.19409e-09
269,6.04166,1.97917,1.97917,1.01406e-05,4.46031e-52,5.07145e-12,5.07145e-12,1.68411e-97,2.84836e-06,5.07145e-12,1.68411e-97,2.84836e-06,3.89712e-47,4.99999,4.11466e-09
270,6.04166,1.97917,1.97917,9.80592e-06,4.15255e-52,4.86331e-12,4.86331e-12,1.4878e-97,2.83265e-06,4.86331e-12,1.4878e-97,2.83265e-06,3.61498e-47,4.99999,4.03674e-09
271,6.04166,1.97917,1.97917,9.48232e-06,3.86602e-52,4.66371e-12,4.66371e-12,1.31438e-97,2.81703e-06,4.66371e-12,1.31438e-97,2.81703e-06,3.35327e-47,4.99999,3.96029e-09
272,6.04166,1.97917,1.97917,9.1694e-06,3.59927e-52,4.4723e-12,4.4723e-12,1.16117e-97,2.8015e-06,4.4723e-12,1.16117e-97,2.8015e-06,3.11051e-47,4.99999,3.88529e-09
273,6.04166,1.97917,1.97917,8.86681e-06,3.35092e-52,4.28875e-12,4.28875e-12,1.02583e-97,2.78605e-06,4.28875e-12,1.02583e-97,2.78605e-06,2.88532e-47,4.99999,3.8117e-09
274,6.04166,1.97917,1.97917,8.57421e-06,3.11971e-52,4.11273e-12,4.11273e-12,9.06253e-98,2.77068e-06,4.11273e-12,9.06253e-98,2.77068e-06,2.67644e-47,4.99999,3.73951e-09
275,6.04166,1.97917,1.97917,8.29126e-06,2.90445e-52,3.94394e-12,3.94394e-12,8.00618e-98,2.7554e-06,3.94394e-12,8.00618e-98,2.7554e-06,2.48268e-47,4.99999,3.66868e-09
276,6.04166,1.97917,1.97917,8.01764e-06,2.70404e-52,3.78207e-12,3.78207e-12,7.07296e-98,2.74021e-06,3.78207e-12,7.07296e-98,2.74021e-06,2.30294e-47,4.99999,3.5992e-09
277,6.04166,1.97917,1.97917,7.75306e-06,2.51746e-52,3.62685e-12,3.62685e-12,6.24852e-98,2.7251e-06,3.62685e-12,6.24852e-98,2.7251e-06,2.13622e-47,4.99999,3.53103e-09
278,6.04166,1.97917,1.97917,7.49721e-06,2.34376e-52,3.478e-12,3.478e-12,5.52017e-98,2.71007e-06,3.478e-12,5.52017e-98,2.71007e-06,1.98157e-47,4.99999,3.46414e-09
279,6.04166,1.97917,1.97917,7.2498e-06,2.18204e-52,3.33525e-12,3.33525e-12,4.87673e-98,2.69512e-06,3.33525e-12,4.87673e-98,2.69512e-06,1.83811e-47,4.99999,3.39853e-09
280,6.04166,1.97917,1.97917,7.01056e-06,2.03148e-52,3.19837e-12,3.19837e-12,4.30829e-98,2.68026e-06,3.19837e-12,4.30829e-98,2.68026e-06,1.70504e-47,4.99999,3.33415e-09
281,6.04166,1.97917,1.97917,6.77921e-06,1.89131e-52,3.0671e-12,3.0671e-12,3.8061e-98,2.66547e-06,3.0671e-12,3.8061e-98,2.66547e-06,1.5816e-47,4.99999,3.27099e-09
282,6.04166,1.97917,1.97917,6.5555e-06,1.76081e-52,2.94122e-12,2.94122e-12,3.36245e-98,2.65077e-06,2.94122e-12,3.36245e-98,2.65077e-06,1.4671e-47,4.99999,3.20903e-09
283,6.04166,1.97917,1.97917,6.33916e-06,1.63931e-52,2.82051e-12,2.82051e-12,2.97052e-98,2.63615e-06,2.82051e-12,2.97052e-98,2.63615e-06,1.36089e-47,4.99999,3.14824e-09
284,6.04166,1.97917,1.97917,6.12997e-06,1.5262e-52,2.70475e-12,2.70475e-12,2.62427e-98,2.62161e-06,2.70475e-12,2.62427e-98,2.62161e-06,1.26237e-47,4.99999,3.08861e-09
285,6.04166,1.97917,1.97917,5.92768e-06,1.42089e-52,2.59374e-12,2.59374e-12,2.31838e-98,2.60715e-06,2.59374e-12,2.31838e-98,2.60715e-06,1.17098e-47,4.99999,3.0301e-09
286,6.04166,1.97917,1.97917,5.73207e-06,1.32285e-52,2.48729e-12,2.48729e-12,2.04814e-98,2.59277e-06,2.48729e-12,2.04814e-98,2.59277e-06,1.0862e-47,4.99999,2.97269e-09
287,6.04166,1.97917,1.97917,5.54291e-06,1.23157e-52,2.38521e-12,2.38521e-12,1.8094e-98,2.57847e-06,2.38521e-12,1.8094e-98,2.57847e-06,1.00757e-47,4.99999,2.91638e-09
288,6.04166,1.97917,1.97917,5.35999e-06,1.14659e-52,2.28731e-12,2.28731e-12,1.59849e-98,2.56425e-06,2.28731e-12,1.59849e-98,2.56425e-06,9.34622e-48,4.99999,2.86113e-09
289,6.04166,1.97917,1.97917,5.18311e-06,1.06748e-52,2.19344e-12,2.19344e-12,1.41217e-98,2.55011e-06,2.19344e-12,1.41217e-98,2.55011e-06,8.6696e-48,4.99999,2.80692e-09
290,6.04166,1.97917,1.97917,5.01207e-06,9.93823e-53,2.10342e-12,2.10342e-12,1.24756e-98,2.53604e-06,2.10342e-12,1.24756e-98,2.53604e-06,8.04196e-48,4.99999,2.75374e-09
291,6.04166,1.97917,1.97917,4.84667e-06,9.25249e-53,2.01709e-12,2.01709e-12,1.10214e-98,2.52205e-06,2.01709e-12,1.10214e-98,2.52205e-06,7.45975e-48,4.99999,2.70157e-09
292,6.04166,1.97917,1.97917,4.68673e-06,8.61407e-53,1.9343e-12,1.9343e-12,9.73676e-99,2.50814e-06,1.9343e-12,9.73676e-99,2.50814e-06,6.9197e-48,4.99999,2.65039e-09
293,6.04166,1.97917,1.97917,4.53207e-06,8.0197e-53,1.85492e-12,1.85492e-12,8.60182e-99,2.49431e-06,1.85492e-12,8.60182e-99,2.49431e-06,6.41874e-48,5,2.60017e-09
294,6.04166,1.97917,1.97917,4.38251e-06,7.46634e-53,1.77879e-12,1.77879e-12,7.59917e-99,2.48055e-06,1.77879e-12,7.59917e-99,2.48055e-06,5.95406e-48,5,2.55091e-09
295,6.04166,1.97917,1.97917,4.23789e-06,6.95116e-53,1.70578e-12,1.70578e-12,6.71339e-99,2.46686e-06,1.70578e-12,6.71339e-99,2.46686e-06,5.52301e-48,5,2.50258e-09
296,6.04166,1.97917,1.97917,4.09804e-06,6.47153e-53,1.63577e-12,1.63577e-12,5.93086e-99,2.45326e-06,1.63577e-12,5.93086e-99,2.45326e-06,5.12317e-48,5,2.45516e-09
297,6.04166,1.97917,1.97917,3.9628e-06,6.025e-53,1.56864e-12,1.56864e-12,5.23954e-99,2.43972e-06,1.56864e-12,5.23954e-99,2.43972e-06,4.75227e-48,5,2.40864e-09
298,6.04166,1.97917,1.97917,3.83203e-06,5.60927e-53,1.50426e-12,1.50426e-12,4.62881e-99,2.42626e-06,1.50426e-12,4.62881e-99,2.42626e-06,4.40823e-48,5,2.36301e-09
299,6.04166,1.97917,1.97917,3.70557e-06,5.22223e-53,1.44252e-12,1.44252e-12,4.08926e-99,2.41288e-06,1.44252e-12,4.08926e-99,2.41288e-06,4.08909e-48,5,2.31823e-09
300,6.04166,1.97917,1.97917,3.58329e-06,4.8619e-53,1.38332e-12,1.38332e-12,3.61261e-99,2.39957e-06,1.38332e-12,3.61261e-99,2.39957e-06,3.79306e-48,5,2.27431e-09
301,6.04166,1.97917,1.97917,3.46504e-06,4.52643e-53,1.32654e-12,1.32654e-12,3.19151e-99,2.38633e-06,1.32654e-12,3.19151e-99,2.38633e-06,3.51846e-48,5,2.23121e-09
302,6.04166,1.97917,1.97917,3.35069e-06,4.21411e-53,1.2721e-12,1.2721e-12,2.8195e-99,2.37317e-06,1.2721e-12,2.8195e-99,2.37317e-06,3.26374e-48,5,2.18894e-09
303,6.04166,1.97917,1.97917,3.24012e-06,3.92333e-53,1.21989e-12,1.21989e-12,2.49085e-99,2.36007e-06,1.21989e-12,2.49085e-99,2.36007e-06,3.02746e-48,5,2.14746e-09
304,6.04166,1.97917,1.97917,3.1332e-06,3.65262e-53,1.16983e-12,1.16983e-12,2.20051e-99,2.34705e-06,1.16983e-12,2.20051e-99,2.34705e-06,2.80828e-48,5,2.10677e-09
305,6.04166,1.97917,1.97917,3.0298e-06,3.40059e-53,1.12181e-12,1.12181e-12,1.94402e-99,2.33411e-06,1.12181e-12,1.94402e-99,2.33411e-06,2.60497e-48,5,2.06684e-09
306,6.04166,1.97917,1.97917,2.92982e-06,3.16595e-53,1.07577e-12,1.07577e-12,1.71742e-99,2.32123e-06,1.07577e-12,1.71742e-99,2.32123e-06,2.41638e-48,5,2.02768e-09
307,6.04166,1.97917,1.97917,2.83313e-06,2.9475e-53,1.03162e-12,1.03162e-12,1.51723e-99,2.30842e-06,1.03162e-12,1.51723e-99,2.30842e-06,2.24145e-48,5,1.98926e-09
308,6.04166,1.97917,1.97917,2.73964e-06,2.74412e-53,9.89281e-13,9.89281e-13,1.34038e-99,2.29569e-06,9.89281e-13,1.34038e-99,2.29569e-06,2.07918e-48,5,1.95156e-09
309,6.04166,1.97917,1.97917,2.64923e-06,2.55478e-53,9.48679e-13,9.48679e-13,1.18414e-99,2.28302e-06,9.48679e-13,1.18414e-99,2.28302e-06,1.92865e-48,5,1.91458e-09
310,6.04166,1.97917,1.97917,2.56181e-06,2.3785e-53,9.09744e-13,9.09744e-13,1.04611e-99,2.27043e-06,9.09744e-13,1.04611e-99,2.27043e-06,1.78903e-48,5,1.8783e-09
311,6.04166,1.97917,1.97917,2.47727e-06,2.21438e-53,8.72406e-13,8.72406e-13,9.24176e-100,2.2579e-06,8.72406e-13,9.24176e-100,2.2579e-06,1.65951e-48,5,1.8427e-09
312,6.04166,1.97917,1.97917,2.39552e-06,2.06159e-53,8.36601e-13,8.36601e-13,8.16452e-100,2.24544e-06,8.36601e-13,8.16452e-100,2.24544e-06,1.53937e-48,5,1.80778e-09
313,6.04166,1.97917,1.97917,2.31647e-06,1.91934e-53,8.02266e-13,8.02266e-13,7.21284e-100,2.23305e-06,8.02266e-13,7.21284e-100,2.23305e-06,1.42793e-48,5,1.77352e-09
314,6.04166,1.97917,1.97917,2.24002e-06,1.78691e-53,7.69339e-13,7.69339e-13,6.37209e-100,2.22073e-06,7.69339e-13,6.37209e-100,2.22073e-06,1.32455e-48,5,1.73991e-09
315,6.04166,1.97917,1.97917,2.1661e-06,1.66361e-53,7.37764e-13,7.37764e-13,5.62934e-100,2.20848e-06,7.37764e-13,5.62934e-100,2.20848e-06,1.22866e-48,5,1.70694e-09
316,6.04166,1.97917,1.97917,2.09462e-06,1.54882e-53,7.07485e-13,7.07485e-13,4.97317e-100,2.1963e-06,7.07485e-13,4.97317e-100,2.1963e-06,1.13971e-48,5,1.67459e-09
317,6.04166,1.97917,1.97917,2.0255e-06,1.44195e-53,6.78449e-13,6.78449e-13,4.39349e-100,2.18418e-06,6.78449e-13,4.39349e-100,2.18418e-06,1.0572e-48,5,1.64286e-09
318,6.04166,1.97917,1.97917,1.95866e-06,1.34246e-53,6.50604e-13,6.50604e-13,3.88137e-100,2.17213e-06,6.50604e-13,3.88137e-100,2.17213e-06,9.80662e-49,5,1.61172e-09
319,6.04166,1.97917,1.97917,1.89402e-06,1.24983e-53,6.23902e-13,6.23902e-13,3.42895e-100,2.16014e-06,6.23902e-13,3.42895e-100,2.16014e-06,9.09666e-49,5,1.58118e-09
320,6.04166,1.97917,1.97917,1.83152e-06,1.16359e-53,5.98296e-13,5.98296e-13,3.02926e-100,2.14822e-06,5.98296e-13,3.02926e-100,2.14822e-06,8.4381e-49,5,1.55121e-09
321,6.04166,1.97917,1.97917,1.77108e-06,1.0833e-53,5.73741e-13,5.73741e-13,2.67616e-100,2.13637e-06,5.73741e-13,2.67616e-100,2.13637e-06,7.82722e-49,5,1.52181e-09
322,6.04166,1.97917,1.97917,1.71263e-06,1.00855e-53,5.50194e-13,5.50194e-13,2.36422e-100,2.12458e-06,5.50194e-13,2.36422e-100,2.12458e-06,7.26056e-49,5,1.49297e-09
323,6.04166,1.97917,1.97917,1.65612e-06,9.38964e-54,5.27613e-13,5.27613e-13,2.08864e-100,2.11286e-06,5.27613e-13,2.08864e-100,2.11286e-06,6.73493e-49,5,1.46468e-09
324,6.04166,1.97917,1.97917,1.60146e-06,8.74175e-54,5.05959e-13,5.05959e-13,1.84518e-100,2.1012e-06,5.05959e-13,1.84518e-100,2.1012e-06,6.24735e-49,5,1.43692e-09
325,6.04166,1.97917,1.97917,1.54862e-06,8.13857e-54,4.85193e-13,4.85193e-13,1.63011e-100,2.08961e-06,4.85193e-13,1.63011e-100,2.08961e-06,5.79507e-49,5,1.40969e-09
326,6.04166,1.97917,1.97917,1.49751e-06,7.57701e-54,4.6528e-13,4.6528e-13,1.4401e-100,2.07808e-06,4.6528e-13,1.4401e-100,2.07808e-06,5.37553e-49,5,1.38297e-09
327,6.04166,1.97917,1.97917,1.44809e-06,7.0542e-54,4.46184e-13,4.46184e-13,1.27223e-100,2.06661e-06,4.46184e-13,1.27223e-100,2.06661e-06,4.98637e-49,5,1.35676e-09
328,6.04166,1.97917,1.97917,1.40031e-06,6.56746e-54,4.27872e-13,4.27872e-13,1.12394e-100,2.05521e-06,4.27872e-13,1.12394e-100,2.05521e-06,4.62537e-49,5,1.33104e-09
329,6.04166,1.97917,1.97917,1.3541e-06,6.1143e-54,4.10311e-13,4.10311e-13,9.9293e-101,2.04387e-06,4.10311e-13,9.9293e-101,2.04387e-06,4.29052e-49,5,1.30582e-09
330,6.04166,1.97917,1.97917,1.30941e-06,5.69242e-54,3.93472e-13,3.93472e-13,8.77192e-101,2.03259e-06,3.93472e-13,8.77192e-101,2.03259e-06,3.9799e-49,5,1.28107e-09
331,6.04166,1.97917,1.97917,1.2662e-06,5.29964e-54,3.77323e-13,3.77323e-13,7.74944e-101,2.02137e-06,3.77323e-13,7.74944e-101,2.02137e-06,3.69177e-49,5,1.25679e-09
332,6.04166,1.97917,1.97917,1.22442e-06,4.93396e-54,3.61837e-13,3.61837e-13,6.84615e-101,2.01022e-06,3.61837e-13,6.84615e-101,2.01022e-06,3.42451e-49,5,1.23297e-09
333,6.04166,1.97917,1.97917,1.18401e-06,4.59352e-54,3.46986e-13,3.46986e-13,6.04814e-101,1.99913e-06,3.46986e-13,6.04814e-101,1.99913e-06,3.17659e-49,5,1.2096e-09
334,6.04166,1.97917,1.97917,1.14494e-06,4.27657e-54,3.32746e-13,3.32746e-13,5.34315e-101,1.98809e-06,3.32746e-13,5.34315e-101,1.98809e-06,2.94662e-49,5,1.18667e-09
335,6.04166,1.97917,1.97917,1.10716e-06,3.98149e-54,3.19089e-13,3.19089e-13,4.72034e-101,1.97712e-06,3.19089e-13,4.72034e-101,1.97712e-06,2.73329e-49,5,1.16418e-09
336,6.04166,1.97917,1.97917,1.07062e-06,3.70676e-54,3.05993e-13,3.05993e-13,4.17013e-101,1.96621e-06,3.05993e-13,4.17013e-101,1.96621e-06,2.53541e-49,5,1.14211e-09
337,6.04166,1.97917,1.97917,1.03529e-06,3.451e-54,2.93435e-13,2.93435e-13,3.68405e-101,1.95536e-06,2.93435e-13,3.68405e-101,1.95536e-06,2.35186e-49,5,1.12047e-09
338,6.04166,1.97917,1.97917,1.00112e-06,3.21288e-54,2.81392e-13,2.81392e-13,3.25462e-101,1.94457e-06,2.81392e-13,3.25462e-101,1.94457e-06,2.1816e-49,5,1.09923e-09
339,6.04166,1.97917,1.97917,9.68087e-07,2.99119e-54,2.69843e-13,2.69843e-13,2.87526e-101,1.93384e-06,2.69843e-13,2.87526e-101,1.93384e-06,2.02366e-49,5,1.07839e-09
340,6.04166,1.97917,1.97917,9.36141e-07,2.7848e-54,2.58768e-13,2.58768e-13,2.54011e-101,1.92317e-06,2.58768e-13,2.54011e-101,1.92317e-06,1.87715e-49,5,1.05795e-09
341,6.04166,1.97917,1.97917,9.05248e-07,2.59265e-54,2.48148e-13,2.48148e-13,2.24403e-101,1.91256e-06,2.48148e-13,2.24403e-101,1.91256e-06,1.74126e-49,5,1.0379e-09
342,6.04166,1.97917,1.97917,8.75375e-07,2.41375e-54,2.37963e-13,2.37963e-13,1.98246e-101,1.902e-06,2.37963e-13,1.98246e-101,1.902e-06,1.6152e-49,5,1.01823e-09
343,6.04166,1.97917,1.97917,8.46487e-07,2.2472e-54,2.28197e-13,2.28197e-13,1.75138e-101,1.89151e-06,2.28197e-13,1.75138e-101,1.89151e-06,1.49826e-49,5,9.98929e-10
344,6.04166,1.97917,1.97917,8.18553e-07,2.09215e-54,2.18831e-13,2.18831e-13,1.54723e-101,1.88107e-06,2.18831e-13,1.54723e-101,1.88107e-06,1.3898e-49,5,9.79994e-10
345,6.04166,1.97917,1.97917,7.91541e-07,1.94779e-54,2.0985e-13,2.0985e-13,1.36688e-101,1.87069e-06,2.0985e-13,1.36688e-101,1.87069e-06,1.28918e-49,5,9.61419e-10
346,6.04166,1.97917,1.97917,7.6542e-07,1.81339e-54,2.01237e-13,2.01237e-13,1.20756e-101,1.86037e-06,2.01237e-13,1.20756e-101,1.86037e-06,1.19585e-49,5,9.43196e-10
347,6.04166,1.97917,1.97917,7.40161e-07,1.68827e-54,1.92978e-13,1.92978e-13,1.0668e-101,1.8501e-06,1.92978e-13,1.0668e-101,1.8501e-06,1.10928e-49,5,9.25318e-10
348,6.04167,1.97917,1.97917,7.15736e-07,1.57178e-54,1.85058e-13,1.85058e-13,9.42451e-102,1.83989e-06,1.85058e-13,9.42451e-102,1.83989e-06,1.02897e-49,5,9.07778e-10
349,6.04167,1.97917,1.97917,6.92117e-07,1.46332e-54,1.77463e-13,1.77463e-13,8.32596e-102,1.82974e-06,1.77463e-13,8.32596e-102,1.82974e-06,9.54475e-50,5,8.90572e-10
350,6.04167,1.97917,1.97917,6.69277e-07,1.36236e-54,1.7018e-13,1.7018e-13,7.35546e-102,1.81964e-06,1.7018e-13,7.35546e-102,1.81964e-06,8.85376e-50,5,8.73691e-10
351,6.04167,1.97917,1.97917,6.47191e-07,1.26835e-54,1.63195e-13,1.63195e-13,6.49809e-102,1.8096e-06,1.63195e-13,6.49809e-102,1.8096e-06,8.21278e-50,5,8.5713e-10
352,6.04167,1.97917,1.97917,6.25834e-07,1.18084e-54,1.56497e-13,1.56497e-13,5.74066e-102,1.79961e-06,1.56497e-13,5.74066e-102,1.79961e-06,7.61821e-50,5,8.40883e-10
353,6.04167,1.97917,1.97917,6.05181e-07,1.09936e-54,1.50074e-13,1.50074e-13,5.07151e-102,1.78968e-06,1.50074e-13,5.07151e-102,1.78968e-06,7.06669e-50,5,8.24944e-10
354,6.04167,1.97917,1.97917,5.8521e-07,1.0235e-54,1.43915e-13,1.43915e-13,4.48036e-102,1.7798e-06,1.43915e-13,4.48036e-102,1.7798e-06,6.55509e-50,5,8.09307e-10
355,6.04167,1.97917,1.97917,5.65898e-07,9.52881e-55,1.38009e-13,1.38009e-13,3.95812e-102,1.76998e-06,1.38009e-13,3.95812e-102,1.76998e-06,6.08053e-50,5,7.93966e-10
356,6.04167,1.97917,1.97917,5.47224e-07,8.87132e-55,1.32345e-13,1.32345e-13,3.49675e-102,1.76021e-06,1.32345e-13,3.49675e-102,1.76021e-06,5.64032e-50,5,7.78916e-10
357,6.04167,1.97917,1.97917,5.29165e-07,8.2592e-55,1.26913e-13,1.26913e-13,3.08916e-102,1.7505e-06,1.26913e-13,3.08916e-102,1.7505e-06,5.23199e-50,5,7.64151e-10
358,6.04167,1.97917,1.97917,5.11703e-07,7.68932e-55,1.21704e-13,1.21704e-13,2.72908e-102,1.74083e-06,1.21704e-13,2.72908e-102,1.74083e-06,4.85321e-50,5,7.49667e-10
359,6.04167,1.97917,1.97917,4.94817e-07,7.15875e-55,1.16709e-13,1.16709e-13,2.41097e-102,1.73123e-06,1.16709e-13,2.41097e-102,1.73123e-06,4.50186e-50,5,7.35456e-10
360,6.04167,1.97917,1.97917,4.78488e-07,6.6648e-55,1.11919e-13,1.11919e-13,2.12994e-102,1.72167e-06,1.11919e-13,2.12994e-102,1.72167e-06,4.17595e-50,5,7.21515e-10
361,6.04167,1.97917,1.97917,4.62698e-07,6.20493e-55,1.07326e-13,1.07326e-13,1.88167e-102,1.71217e-06,1.07326e-13,1.88167e-102,1.71217e-06,3.87363e-50,5,7.07838e-10
362,6.04167,1.97917,1.97917,4.47429e-07,5.77679e-55,1.02921e-13,1.02921e-13,1.66234e-102,1.70272e-06,1.02921e-13,1.66234e-102,1.70272e-06,3.59319e-50,5,6.94421e-10
363,6.04167,1.97917,1.97917,4.32663e-07,5.37819e-55,9.8697e-14,9.8697e-14,1.46857e-102,1.69332e-06,9.8697e-14,1.46857e-102,1.69332e-06,3.33306e-50,5,6.81257e-10
364,6.04167,1.97917,1.97917,4.18386e-07,5.0071e-55,9.46463e-14,9.46463e-14,1.29739e-102,1.68398e-06,9.46463e-14,1.29739e-102,1.68398e-06,3.09176e-50,5,6.68344e-10
365,6.04167,1.97917,1.97917,4.04579e-07,4.66161e-55,9.07619e-14,9.07619e-14,1.14616e-102,1.67468e-06,9.07619e-14,1.14616e-102,1.67468e-06,2.86793e-50,5,6.55674e-10
366,6.04167,1.97917,1.97917,3.91228e-07,4.33996e-55,8.70369e-14,8.70369e-14,1.01256e-102,1.66544e-06,8.70369e-14,1.01256e-102,1.66544e-06,2.66031e-50,5,6.43246e-10
367,6.04167,1.97917,1.97917,3.78317e-07,4.0405e-55,8.34647e-14,8.34647e-14,8.94537e-103,1.65625e-06,8.34647e-14,8.94537e-103,1.65625e-06,2.46771e-50,5,6.31052e-10
368,6.04167,1.97917,1.97917,3.65833e-07,3.7617e-55,8.00392e-14,8.00392e-14,7.90268e-103,1.64711e-06,8.00392e-14,7.90268e-103,1.64711e-06,2.28906e-50,5,6.1909e-10
369,6.04167,1.97917,1.97917,3.5376e-07,3.50215e-55,7.67543e-14,7.67543e-14,6.98152e-103,1.63802e-06,7.67543e-14,6.98152e-103,1.63802e-06,2.12334e-50,5,6.07354e-10
370,6.04167,1.97917,1.97917,3.42086e-07,3.2605e-55,7.36041e-14,7.36041e-14,6.16774e-103,1.62898e-06,7.36041e-14,6.16774e-103,1.62898e-06,1.96962e-50,5,5.95841e-10
371,6.04167,1.97917,1.97917,3.30797e-07,3.03552e-55,7.05833e-14,7.05833e-14,5.44881e-103,1.61999e-06,7.05833e-14,5.44881e-103,1.61999e-06,1.82703e-50,5,5.84546e-10
372,6.04167,1.97917,1.97917,3.19881e-07,2.82607e-55,6.76864e-14,6.76864e-14,4.81368e-103,1.61105e-06,6.76864e-14,4.81368e-103,1.61105e-06,1.69476e-50,5,5.73465e-10
373,6.04167,1.97917,1.97917,3.09325e-07,2.63107e-55,6.49085e-14,6.49085e-14,4.25259e-103,1.60215e-06,6.49085e-14,4.25259e-103,1.60215e-06,1.57207e-50,5,5.62595e-10
374,6.04167,1.97917,1.97917,2.99117e-07,2.44953e-55,6.22445e-14,6.22445e-14,3.75689e-103,1.59331e-06,6.22445e-14,3.75689e-103,1.59331e-06,1.45825e-50,5,5.5193e-10
375,6.04167,1.97917,1.97917,2.89246e-07,2.28051e-55,5.96899e-14,5.96899e-14,3.31898e-103,1.58452e-06,5.96899e-14,3.31898e-103,1.58452e-06,1.35268e-50,5,5.41467e-10
376,6.04167,1.97917,1.97917,2.79701e-07,2.12316e-55,5.72401e-14,5.72401e-14,2.93211e-103,1.57577e-06,5.72401e-14,2.93211e-103,1.57577e-06,1.25476e-50,5,5.31203e-10
377,6.04167,1.97917,1.97917,2.70471e-07,1.97666e-55,5.48909e-14,5.48909e-14,2.59034e-103,1.56707e-06,5.48909e-14,2.59034e-103,1.56707e-06,1.16392e-50,5,5.21133e-10
378,6.04167,1.97917,1.97917,2.61546e-07,1.84027e-55,5.26381e-14,5.26381e-14,2.2884e-103,1.55842e-06,5.26381e-14,2.2884e-103,1.55842e-06,1.07965e-50,5,5.11254e-10
379,6.04167,1.97917,1.97917,2.52915e-07,1.71329e-55,5.04777e-14,5.04777e-14,2.02166e-103,1.54982e-06,5.04777e-14,2.02166e-103,1.54982e-06,1.00149e-50,5,5.01563e-10
380,6.04167,1.97917,1.97917,2.44568e-07,1.59507e-55,4.8406e-14,4.8406e-14,1.78601e-103,1.54127e-06,4.8406e-14,1.78601e-103,1.54127e-06,9.28988e-51,5,4.92055e-10
381,6.04167,1.97917,1.97917,2.36498e-07,1.48501e-55,4.64194e-14,4.64194e-14,1.57783e-103,1.53276e-06,4.64194e-14,1.57783e-103,1.53276e-06,8.61733e-51,5,4.82727e-10
382,6.04167,1.97917,1.97917,2.28693e-07,1.38255e-55,4.45142e-14,4.45142e-14,1.39391e-103,1.5243e-06,4.45142e-14,1.39391e-103,1.5243e-06,7.99347e-51,5,4.73576e-10
383,6.04167,1.97917,1.97917,2.21146e-07,1.28715e-55,4.26873e-14,4.26873e-14,1.23143e-103,1.51589e-06,4.26873e-14,1.23143e-103,1.51589e-06,7.41478e-51,5,4.64599e-10
384,6.04167,1.97917,1.97917,2.13849e-07,1.19834e-55,4.09353e-14,4.09353e-14,1.08789e-103,1.50752e-06,4.09353e-14,1.08789e-103,1.50752e-06,6.87798e-51,5,4.55791e-10
385,6.04167,1.97917,1.97917,2.06792e-07,1.11565e-55,3.92553e-14,3.92553e-14,9.61086e-104,1.4992e-06,3.92553e-14,9.61086e-104,1.4992e-06,6.38004e-51,5,4.47151e-10
386,6.04167,1.97917,1.97917,1.99967e-07,1.03867e-55,3.76442e-14,3.76442e-14,8.4906e-104,1.49093e-06,3.76442e-14,8.4906e-104,1.49093e-06,5.91816e-51,5,4.38675e-10
387,6.04167,1.97917,1.97917,1.93369e-07,9.67005e-56,3.60992e-14,3.60992e-14,7.50091e-104,1.4827e-06,3.60992e-14,7.50091e-104,1.4827e-06,5.48971e-51,5,4.30359e-10
388,6.04167,1.97917,1.97917,1.86987e-07,9.00281e-56,3.46176e-14,3.46176e-14,6.62659e-104,1.47451e-06,3.46176e-14,6.62659e-104,1.47451e-06,5.09227e-51,5,4.222e-10
389,6.04167,1.97917,1.97917,1.80817e-07,8.38162e-56,3.31969e-14,3.31969e-14,5.85417e-104,1.46637e-06,3.31969e-14,5.85417e-104,1.46637e-06,4.72362e-51,5,4.14197e-10
390,6.04167,1.97917,1.97917,1.7485e-07,7.80329e-56,3.18344e-14,3.18344e-14,5.1718e-104,1.45828e-06,3.18344e-14,5.1718e-104,1.45828e-06,4.38165e-51,5,4.06345e-10
391,6.04167,1.97917,1.97917,1.6908e-07,7.26486e-56,3.05279e-14,3.05279e-14,4.56896e-104,1.45023e-06,3.05279e-14,4.56896e-104,1.45023e-06,4.06443e-51,5,3.98642e-10
392,6.04167,1.97917,1.97917,1.635e-07,6.76358e-56,2.9275e-14,2.9275e-14,4.03639e-104,1.44223e-06,2.9275e-14,4.03639e-104,1.44223e-06,3.77019e-51,5,3.91085e-10
393,6.04167,1.97917,1.97917,1.58105e-07,6.2969e-56,2.80735e-14,2.80735e-14,3.5659e-104,1.43427e-06,2.80735e-14,3.5659e-104,1.43427e-06,3.49724e-51,5,3.83671e-10
394,6.04167,1.97917,1.97917,1.52887e-07,5.86241e-56,2.69213e-14,2.69213e-14,3.15025e-104,1.42635e-06,2.69213e-14,3.15025e-104,1.42635e-06,3.24406e-51,5,3.76398e-10
395,6.04167,1.97917,1.97917,1.47842e-07,5.4579e-56,2.58164e-14,2.58164e-14,2.78305e-104,1.41848e-06,2.58164e-14,2.78305e-104,1.41848e-06,3.0092e-51,5,3.69262e-10
396,6.04167,1.97917,1.97917,1.42963e-07,5.08131e-56,2.47568e-14,2.47568e-14,2.45865e-104,1.41065e-06,2.47568e-14,2.45865e-104,1.41065e-06,2.79135e-51,5,3.62262e-10
397,6.04167,1.97917,1.97917,1.38245e-07,4.7307e-56,2.37408e-14,2.37408e-14,2.17206e-104,1.40286e-06,2.37408e-14,2.17206e-104,1.40286e-06,2.58926e-51,5,3.55395e-10
398,6.04167,1.97917,1.97917,1.33683e-07,4.40428e-56,2.27664e-14,2.27664e-14,1.91888e-104,1.39512e-06,2.27664e-14,1.91888e-104,1.39512e-06,2.40181e-51,5,3.48657e-10
399,6.04167,1.97917,1.97917,1.29272e-07,4.10039e-56,2.1832e-14,2.1832e-14,1.69521e-104,1.38742e-06,2.1832e-14,1.69521e-104,1.38742e-06,2.22793e-51,5,3.42048e-10
400,6.04167,1.97917,1.97917,1.25006e-07,3.81746e-56,2.0936e-14,2.0936e-14,1.49761e-104,1.37976e-06,2.0936e-14,1.49761e-104,1.37976e-06,2.06664e-51,5,3.35563e-10
401,6.04167,1.97917,1.97917,1.20881e-07,3.55405e-56,2.00768e-14,2.00768e-14,1.32305e-104,1.37214e-06,2.00768e-14,1.32305e-104,1.37214e-06,1.91702e-51,5,3.29202e-10
402,6.04167,1.97917,1.97917,1.16892e-07,3.30882e-56,1.92528e-14,1.92528e-14,1.16883e-104,1.36457e-06,1.92528e-14,1.16883e-104,1.36457e-06,1.77824e-51,5,3.22961e-10
403,6.04167,1.97917,1.97917,1.13034e-07,3.08052e-56,1.84626e-14,1.84626e-14,1.03259e-104,1.35704e-06,1.84626e-14,1.03259e-104,1.35704e-06,1.6495e-51,5,3.16839e-10
404,6.04167,1.97917,1.97917,1.09304e-07,2.86796e-56,1.77049e-14,1.77049e-14,9.12226e-105,1.34955e-06,1.77049e-14,9.12226e-105,1.34955e-06,1.53009e-51,5,3.10832e-10
405,6.04167,1.97917,1.97917,1.05697e-07,2.67007e-56,1.69782e-14,1.69782e-14,8.05894e-105,1.3421e-06,1.69782e-14,8.05894e-105,1.3421e-06,1.41931e-51,5,3.0494e-10
406,6.04167,1.97917,1.97917,1.02209e-07,2.48584e-56,1.62814e-14,1.62814e-14,7.11957e-105,1.33469e-06,1.62814e-14,7.11957e-105,1.33469e-06,1.31656e-51,5,2.99159e-10
407,6.04167,1.97917,1.97917,9.88361e-08,2.31431e-56,1.56132e-14,1.56132e-14,6.2897e-105,1.32732e-06,1.56132e-14,6.2897e-105,1.32732e-06,1.22125e-51,5,2.93488e-10
408,6.04167,1.97917,1.97917,9.55745e-08,2.15463e-56,1.49724e-14,1.49724e-14,5.55655e-105,1.31999e-06,1.49724e-14,5.55655e-105,1.31999e-06,1.13283e-51,5,2.87924e-10
409,6.04167,1.97917,1.97917,9.24205e-08,2.00596e-56,1.43579e-14,1.43579e-14,4.90887e-105,1.31271e-06,1.43579e-14,4.90887e-105,1.31271e-06,1.05082e-51,5,2.82466e-10
410,6.04167,1.97917,1.97917,8.93707e-08,1.86755e-56,1.37686e-14,1.37686e-14,4.33668e-105,1.30546e-06,1.37686e-14,4.33668e-105,1.30546e-06,9.74747e-52,5,2.77111e-10
411,6.04167,1.97917,1.97917,8.64214e-08,1.73868e-56,1.32036e-14,1.32036e-14,3.83118e-105,1.29826e-06,1.32036e-14,3.83118e-105,1.29826e-06,9.0418e-52,5,2.71858e-10
412,6.04167,1.97917,1.97917,8.35695e-08,1.61872e-56,1.26617e-14,1.26617e-14,3.38461e-105,1.29109e-06,1.26617e-14,3.38461e-105,1.29109e-06,8.38721e-52,5,2.66704e-10
413,6.04167,1.97917,1.97917,8.08117e-08,1.50702e-56,1.2142e-14,1.2142e-14,2.99009e-105,1.28396e-06,1.2142e-14,2.99009e-105,1.28396e-06,7.78001e-52,5,2.61648e-10
414,6.04167,1.97917,1.97917,7.8145e-08,1.40304e-56,1.16437e-14,1.16437e-14,2.64156e-105,1.27688e-06,1.16437e-14,2.64156e-105,1.27688e-06,7.21677e-52,5,2.56688e-10
415,6.04167,1.97917,1.97917,7.55662e-08,1.30623e-56,1.11658e-14,1.11658e-14,2.33365e-105,1.26983e-06,1.11658e-14,2.33365e-105,1.26983e-06,6.69431e-52,5,2.51821e-10
416,6.04167,1.97917,1.97917,7.30725e-08,1.2161e-56,1.07075e-14,1.07075e-14,2.06164e-105,1.26282e-06,1.07075e-14,2.06164e-105,1.26282e-06,6.20967e-52,5,2.47048e-10
417,6.04167,1.97917,1.97917,7.06611e-08,1.13219e-56,1.02681e-14,1.02681e-14,1.82133e-105,1.25585e-06,1.02681e-14,1.82133e-105,1.25585e-06,5.76012e-52,5,2.42364e-10
418,6.04167,1.97917,1.97917,6.83293e-08,1.05407e-56,9.84666e-15,9.84666e-15,1.60903e-105,1.24892e-06,9.84666e-15,1.60903e-105,1.24892e-06,5.34311e-52,5,2.37769e-10
419,6.04167,1.97917,1.97917,6.60744e-08,9.81337e-57,9.44254e-15,9.44254e-15,1.42147e-105,1.24202e-06,9.44254e-15,1.42147e-105,1.24202e-06,4.95629e-52,5,2.33262e-10
420,6.04167,1.97917,1.97917,6.3894e-08,9.13625e-57,9.055e-15,9.055e-15,1.25578e-105,1.23517e-06,9.055e-15,1.25578e-105,1.23517e-06,4.59748e-52,5,2.2884e-10
421,6.04167,1.97917,1.97917,6.17855e-08,8.50585e-57,8.68337e-15,8.68337e-15,1.10941e-105,1.22835e-06,8.68337e-15,1.10941e-105,1.22835e-06,4.26464e-52,5,2.24502e-10
422,6.04167,1.97917,1.97917,5.97465e-08,7.91894e-57,8.32699e-15,8.32699e-15,9.80091e-106,1.22157e-06,8.32699e-15,9.80091e-106,1.22157e-06,3.9559e-52,5,2.20246e-10
423,6.04167,1.97917,1.97917,5.77749e-08,7.37254e-57,7.98524e-15,7.98524e-15,8.65849e-106,1.21482e-06,7.98524e-15,8.65849e-106,1.21482e-06,3.66951e-52,5,2.1607e-10
424,6.04167,1.97917,1.97917,5.58683e-08,6.86383e-57,7.65751e-15,7.65751e-15,7.64924e-106,1.20812e-06,7.65751e-15,7.64924e-106,1.20812e-06,3.40385e-52,5,2.11974e-10
425,6.04167,1.97917,1.97917,5.40247e-08,6.39023e-57,7.34323e-15,7.34323e-15,6.75762e-106,1.20145e-06,7.34323e-15,6.75762e-106,1.20145e-06,3.15743e-52,5,2.07955e-10
426,6.04167,1.97917,1.97917,5.22419e-08,5.9493e-57,7.04185e-15,7.04185e-15,5.96994e-106,1.19482e-06,7.04185e-15,5.96994e-106,1.19482e-06,2.92884e-52,5,2.04013e-10
427,6.04167,1.97917,1.97917,5.05179e-08,5.5388e-57,6.75284e-15,6.75284e-15,5.27406e-106,1.18822e-06,6.75284e-15,5.27406e-106,1.18822e-06,2.71681e-52,5,2.00145e-10
428,6.04167,1.97917,1.97917,4.88508e-08,5.15662e-57,6.4757e-15,6.4757e-15,4.65931e-106,1.18166e-06,6.4757e-15,4.65931e-106,1.18166e-06,2.52012e-52,5,1.96351e-10
429,6.04167,1.97917,1.97917,4.72387e-08,4.80082e-57,6.20992e-15,6.20992e-15,4.11621e-106,1.17514e-06,6.20992e-15,4.11621e-106,1.17514e-06,2.33767e-52,5,1.92629e-10
430,6.04167,1.97917,1.97917,4.56799e-08,4.46956e-57,5.95506e-15,5.95506e-15,3.63641e-106,1.16865e-06,5.95506e-15,3.63641e-106,1.16865e-06,2.16844e-52,5,1.88977e-10
431,6.04167,1.97917,1.97917,4.41724e-08,4.16116e-57,5.71065e-15,5.71065e-15,3.21254e-106,1.1622e-06,5.71065e-15,3.21254e-106,1.1622e-06,2.01145e-52,5,1.85394e-10
432,6.04167,1.97917,1.97917,4.27147e-08,3.87404e-57,5.47628e-15,5.47628e-15,2.83808e-106,1.15579e-06,5.47628e-15,2.83808e-106,1.15579e-06,1.86583e-52,5,1.8188e-10
433,6.04167,1.97917,1.97917,4.13051e-08,3.60673e-57,5.25152e-15,5.25152e-15,2.50726e-106,1.14941e-06,5.25152e-15,2.50726e-106,1.14941e-06,1.73075e-52,5,1.78432e-10
434,6.04167,1.97917,1.97917,3.99421e-08,3.35787e-57,5.03599e-15,5.03599e-15,2.21501e-106,1.14306e-06,5.03599e-15,2.21501e-106,1.14306e-06,1.60545e-52,5,1.75049e-10
435,6.04167,1.97917,1.97917,3.8624e-08,3.12617e-57,4.8293e-15,4.8293e-15,1.95682e-106,1.13675e-06,4.8293e-15,1.95682e-106,1.13675e-06,1.48923e-52,5,1.7173e-10
436,6.04167,1.97917,1.97917,3.73494e-08,2.91047e-57,4.6311e-15,4.6311e-15,1.72873e-106,1.13048e-06,4.6311e-15,1.72873e-106,1.13048e-06,1.38141e-52,5,1.68475e-10
437,6.04167,1.97917,1.97917,3.61169e-08,2.70965e-57,4.44103e-15,4.44103e-15,1.52723e-106,1.12424e-06,4.44103e-15,1.52723e-106,1.12424e-06,1.2814e-52,5,1.65281e-10
438,6.04167,1.97917,1.97917,3.4925e-08,2.52268e-57,4.25877e-15,4.25877e-15,1.34921e-106,1.11803e-06,4.25877e-15,1.34921e-106,1.11803e-06,1.18864e-52,5,1.62148e-10
439,6.04167,1.97917,1.97917,3.37725e-08,2.34862e-57,4.08398e-15,4.08398e-15,1.19194e-106,1.11186e-06,4.08398e-15,1.19194e-106,1.11186e-06,1.10258e-52,5,1.59074e-10
440,6.04167,1.97917,1.97917,3.2658e-08,2.18656e-57,3.91637e-15,3.91637e-15,1.05301e-106,1.10572e-06,3.91637e-15,1.05301e-106,1.10572e-06,1.02276e-52,5,1.56058e-10
441,6.04167,1.97917,1.97917,3.15803e-08,2.03569e-57,3.75563e-15,3.75563e-15,9.30265e-107,1.09962e-06,3.75563e-15,9.30265e-107,1.09962e-06,9.48717e-53,5,1.53099e-10
442,6.04167,1.97917,1.97917,3.05381e-08,1.89523e-57,3.60149e-15,3.60149e-15,8.21831e-107,1.09355e-06,3.60149e-15,8.21831e-107,1.09355e-06,8.80034e-53,5,1.50197e-10
443,6.04167,1.97917,1.97917,2.95304e-08,1.76445e-57,3.45368e-15,3.45368e-15,7.26036e-107,1.08751e-06,3.45368e-15,7.26036e-107,1.08751e-06,8.16323e-53,5,1.4735e-10
444,6.04167,1.97917,1.97917,2.85559e-08,1.64271e-57,3.31194e-15,3.31194e-15,6.41407e-107,1.08151e-06,3.31194e-15,6.41407e-107,1.08151e-06,7.57225e-53,5,1.44556e-10
445,6.04167,1.97917,1.97917,2.76135e-08,1.52936e-57,3.17601e-15,3.17601e-15,5.66643e-107,1.07554e-06,3.17601e-15,5.66643e-107,1.07554e-06,7.02405e-53,5,1.41816e-10
446,6.04167,1.97917,1.97917,2.67023e-08,1.42383e-57,3.04566e-15,3.04566e-15,5.00594e-107,1.0696e-06,3.04566e-15,5.00594e-107,1.0696e-06,6.51554e-53,5,1.39127e-10
447,6.04167,1.97917,1.97917,2.58211e-08,1.32559e-57,2.92066e-15,2.92066e-15,4.42243e-107,1.06369e-06,2.92066e-15,4.42243e-107,1.06369e-06,6.04384e-53,5,1.36489e-10
448,6.04167,1.97917,1.97917,2.4969e-08,1.23412e-57,2.80079e-15,2.80079e-15,3.90694e-107,1.05782e-06,2.80079e-15,3.90694e-107,1.05782e-06,5.60629e-53,5,1.33902e-10
449,6.04167,1.97917,1.97917,2.4145e-08,1.14897e-57,2.68584e-15,2.68584e-15,3.45154e-107,1.05198e-06,2.68584e-15,3.45154e-107,1.05198e-06,5.20042e-53,5,1.31363e-10
450,6.04167,1.97917,1.97917,2.33483e-08,1.06969e-57,2.57561e-15,2.57561e-15,3.04922e-107,1.04618e-06,2.57561e-15,3.04922e-107,1.04618e-06,4.82393e-53,5,1.28873e-10
451,6.04167,1.97917,1.97917,2.25778e-08,9.95882e-58,2.4699e-15,2.4699e-15,2.69379e-107,1.0404e-06,2.4699e-15,2.69379e-107,1.0404e-06,4.4747e-53,5,1.2643e-10
452,6.04167,1.97917,1.97917,2.18327e-08,9.27166e-58,2.36854e-15,2.36854e-15,2.3798e-107,1.03466e-06,2.36854e-15,2.3798e-107,1.03466e-06,4.15075e-53,5,1.24033e-10
453,6.04167,1.97917,1.97917,2.11122e-08,8.63192e-58,2.27133e-15,2.27133e-15,2.1024e-107,1.02895e-06,2.27133e-15,2.1024e-107,1.02895e-06,3.85025e-53,5,1.21682e-10
454,6.04167,1.97917,1.97917,2.04155e-08,8.03632e-58,2.17811e-15,2.17811e-15,1.85734e-107,1.02327e-06,2.17811e-15,1.85734e-107,1.02327e-06,3.57151e-53,5,1.19375e-10
455,6.04167,1.97917,1.97917,1.97418e-08,7.48181e-58,2.08871e-15,2.08871e-15,1.64085e-107,1.01762e-06,2.08871e-15,1.64085e-107,1.01762e-06,3.31295e-53,5,1.17112e-10
456,6.04167,1.97917,1.97917,1.90903e-08,6.96557e-58,2.00299e-15,2.00299e-15,1.44958e-107,1.012e-06,2.00299e-15,1.44958e-107,1.012e-06,3.07311e-53,5,1.14891e-10
457,6.04167,1.97917,1.97917,1.84603e-08,6.48494e-58,1.92078e-15,1.92078e-15,1.28062e-107,1.00641e-06,1.92078e-15,1.28062e-107,1.00641e-06,2.85063e-53,5,1.12713e-10
458,6.04167,1.97917,1.97917,1.78511e-08,6.03748e-58,1.84195e-15,1.84195e-15,1.13135e-107,1.00086e-06,1.84195e-15,1.13135e-107,1.00086e-06,2.64425e-53,5,1.10577e-10
459,6.04167,1.97917,1.97917,1.72621e-08,5.62089e-58,1.76636e-15,1.76636e-15,9.99473e-108,9.95331e-07,1.76636e-15,9.99473e-108,9.95331e-07,2.45282e-53,5,1.0848e-10
460,6.04167,1.97917,1.97917,1.66924e-08,5.23305e-58,1.69386e-15,1.69386e-15,8.82971e-108,9.89837e-07,1.69386e-15,8.82971e-108,9.89837e-07,2.27525e-53,5,1.06424e-10
461,6.04167,1.97917,1.97917,1.61416e-08,4.87197e-58,1.62434e-15,1.62434e-15,7.8005e-108,9.84373e-07,1.62434e-15,7.8005e-108,9.84373e-07,2.11053e-53,5,1.04406e-10
462,6.04167,1.97917,1.97917,1.56089e-08,4.53581e-58,1.55768e-15,1.55768e-15,6.89125e-108,9.78938e-07,1.55768e-15,6.89125e-108,9.78938e-07,1.95774e-53,5,1.02427e-10
463,6.04167,1.97917,1.97917,1.50938e-08,4.22284e-58,1.49375e-15,1.49375e-15,6.08799e-108,9.73534e-07,1.49375e-15,6.08799e-108,9.73534e-07,1.816e-53,5,1.00485e-10
464,6.04167,1.97917,1.97917,1.45957e-08,3.93146e-58,1.43244e-15,1.43244e-15,5.37836e-108,9.6816e-07,1.43244e-15,5.37836e-108,9.6816e-07,1.68453e-53,5,9.85799e-11
465,6.04167,1.97917,1.97917,1.4114e-08,3.66019e-58,1.37365e-15,1.37365e-15,4.75144e-108,9.62815e-07,1.37365e-15,4.75144e-108,9.62815e-07,1.56258e-53,5,9.6711e-11
466,6.04167,1.97917,1.97917,1.36483e-08,3.40764e-58,1.31727e-15,1.31727e-15,4.1976e-108,9.575e-07,1.31727e-15,4.1976e-108,9.575e-07,1.44946e-53,5,9.48776e-11
467,6.04167,1.97917,1.97917,1.31979e-08,3.17251e-58,1.26321e-15,1.26321e-15,3.70832e-108,9.52214e-07,1.26321e-15,3.70832e-108,9.52214e-07,1.34452e-53,5,9.30789e-11
468,6.04167,1.97917,1.97917,1.27624e-08,2.95361e-58,1.21137e-15,1.21137e-15,3.27607e-108,9.46958e-07,1.21137e-15,3.27607e-108,9.46958e-07,1.24718e-53,5,9.13143e-11
469,6.04167,1.97917,1.97917,1.23412e-08,2.74981e-58,1.16165e-15,1.16165e-15,2.8942e-108,9.4173e-07,1.16165e-15,2.8942e-108,9.4173e-07,1.15689e-53,5,8.95831e-11
470,6.04167,1.97917,1.97917,1.19339e-08,2.56007e-58,1.11397e-15,1.11397e-15,2.55685e-108,9.36532e-07,1.11397e-15,2.55685e-108,9.36532e-07,1.07314e-53,5,8.78848e-11
471,6.04167,1.97917,1.97917,1.15401e-08,2.38343e-58,1.06825e-15,1.06825e-15,2.25881e-108,9.31361e-07,1.06825e-15,2.25881e-108,9.31361e-07,9.95448e-54,5,8.62187e-11
472,6.04167,1.97917,1.97917,1.11593e-08,2.21897e-58,1.02441e-15,1.02441e-15,1.99552e-108,9.2622e-07,1.02441e-15,1.99552e-108,9.2622e-07,9.23382e-54,5,8.45841e-11
473,6.04167,1.97917,1.97917,1.0791e-08,2.06586e-58,9.82368e-16,9.82368e-16,1.76292e-108,9.21107e-07,9.82368e-16,1.76292e-108,9.21107e-07,8.56533e-54,5,8.29806e-11
474,6.04167,1.97917,1.97917,1.04349e-08,1.92332e-58,9.4205e-16,9.4205e-16,1.55743e-108,9.16022e-07,9.4205e-16,1.55743e-108,9.16022e-07,7.94523e-54,5,8.14074e-11
475,6.04167,1.97917,1.97917,1.00906e-08,1.79061e-58,9.03387e-16,9.03387e-16,1.37589e-108,9.10965e-07,9.03387e-16,1.37589e-108,9.10965e-07,7.37003e-54,5,7.98641e-11
476,6.04167,1.97917,1.97917,9.7576e-09,1.66706e-58,8.6631e-16,8.6631e-16,1.21551e-108,9.05936e-07,8.6631e-16,1.21551e-108,9.05936e-07,6.83647e-54,5,7.835e-11
477,6.04167,1.97917,1.97917,9.4356e-09,1.55203e-58,8.30756e-16,8.30756e-16,1.07383e-108,9.00935e-07,8.30756e-16,1.07383e-108,9.00935e-07,6.34154e-54,5,7.68647e-11
478,6.04167,1.97917,1.97917,9.12422e-09,1.44494e-58,7.9666e-16,7.9666e-16,9.48661e-109,8.95961e-07,7.9666e-16,9.48661e-109,8.95961e-07,5.88244e-54,5,7.54075e-11
479,6.04167,1.97917,1.97917,8.82312e-09,1.34524e-58,7.63964e-16,7.63964e-16,8.38083e-109,8.91015e-07,7.63964e-16,8.38083e-109,8.91015e-07,5.45658e-54,5,7.39779e-11
480,6.04167,1.97917,1.97917,8.53196e-09,1.25242e-58,7.32609e-16,7.32609e-16,7.40394e-109,8.86096e-07,7.32609e-16,7.40394e-109,8.86096e-07,5.06154e-54,5,7.25754e-11
481,6.04167,1.97917,1.97917,8.25041e-09,1.166e-58,7.02542e-16,7.02542e-16,6.54091e-109,8.81205e-07,7.02542e-16,6.54091e-109,8.81205e-07,4.69511e-54,5,7.11995e-11
482,6.04167,1.97917,1.97917,7.97814e-09,1.08555e-58,6.73708e-16,6.73708e-16,5.77849e-109,8.7634e-07,6.73708e-16,5.77849e-109,8.7634e-07,4.3552e-54,5,6.98497e-11
483,6.04167,1.97917,1.97917,7.71486e-09,1.01064e-58,6.46058e-16,6.46058e-16,5.10493e-109,8.71502e-07,6.46058e-16,5.10493e-109,8.71502e-07,4.0399e-54,5,6.85255e-11
484,6.04167,1.97917,1.97917,7.46027e-09,9.40909e-59,6.19543e-16,6.19543e-16,4.50989e-109,8.66691e-07,6.19543e-16,4.50989e-109,8.66691e-07,3.74743e-54,5,6.72263e-11
485,6.04167,1.97917,1.97917,7.21408e-09,8.75986e-59,5.94116e-16,5.94116e-16,3.9842e-109,8.61906e-07,5.94116e-16,3.9842e-109,8.61906e-07,3.47613e-54,5,6.59519e-11
486,6.04167,1.97917,1.97917,6.97602e-09,8.15543e-59,5.69732e-16,5.69732e-16,3.5198e-109,8.57148e-07,5.69732e-16,3.5198e-109,8.57148e-07,3.22448e-54,5,6.47015e-11
487,6.04167,1.97917,1.97917,6.74581e-09,7.5927e-59,5.46349e-16,5.46349e-16,3.10952e-109,8.52416e-07,5.46349e-16,3.10952e-109,8.52416e-07,2.99104e-54,5,6.34749e-11
488,6.04167,1.97917,1.97917,6.5232e-09,7.06881e-59,5.23926e-16,5.23926e-16,2.74707e-109,8.47711e-07,5.23926e-16,2.74707e-109,8.47711e-07,2.7745e-54,5,6.22715e-11
489,6.04167,1.97917,1.97917,6.30793e-09,6.58106e-59,5.02424e-16,5.02424e-16,2.42686e-109,8.43031e-07,5.02424e-16,2.42686e-109,8.43031e-07,2.57364e-54,5,6.1091e-11
490,6.04167,1.97917,1.97917,6.09977e-09,6.12697e-59,4.81803e-16,4.81803e-16,2.14398e-109,8.38377e-07,4.81803e-16,2.14398e-109,8.38377e-07,2.38732e-54,5,5.99328e-11
491,6.04167,1.97917,1.97917,5.89848e-09,5.70421e-59,4.62029e-16,4.62029e-16,1.89407e-109,8.33749e-07,4.62029e-16,1.89407e-109,8.33749e-07,2.21449e-54,5,5.87966e-11
492,6.04167,1.97917,1.97917,5.70383e-09,5.31062e-59,4.43067e-16,4.43067e-16,1.67329e-109,8.29146e-07,4.43067e-16,1.67329e-109,8.29146e-07,2.05417e-54,5,5.76819e-11
493,6.04167,1.97917,1.97917,5.5156e-09,4.94418e-59,4.24883e-16,4.24883e-16,1.47825e-109,8.24569e-07,4.24883e-16,1.47825e-109,8.24569e-07,1.90545e-54,5,5.65884e-11
494,6.04167,1.97917,1.97917,5.33359e-09,4.60303e-59,4.07445e-16,4.07445e-16,1.30594e-109,8.20016e-07,4.07445e-16,1.30594e-109,8.20016e-07,1.76751e-54,5,5.55156e-11
495,6.04167,1.97917,1.97917,5.15758e-09,4.28542e-59,3.90722e-16,3.90722e-16,1.15372e-109,8.1549e-07,3.90722e-16,1.15372e-109,8.1549e-07,1.63955e-54,5,5.44631e-11
496,6.04167,1.97917,1.97917,4.98738e-09,3.98973e-59,3.74687e-16,3.74687e-16,1.01924e-109,8.10988e-07,3.74687e-16,1.01924e-109,8.10988e-07,1.52085e-54,5,5.34306e-11
497,6.04167,1.97917,1.97917,4.8228e-09,3.71444e-59,3.59309e-16,3.59309e-16,9.00433e-110,8.0651e-07,3.59309e-16,9.00433e-110,8.0651e-07,1.41075e-54,5,5.24176e-11
498,6.04167,1.97917,1.97917,4.66364e-09,3.45814e-59,3.44562e-16,3.44562e-16,7.95476e-110,8.02058e-07,3.44562e-16,7.95476e-110,8.02058e-07,1.30861e-54,5,5.14239e-11
499,6.04167,1.97917,1.97917,4.50974e-09,3.21953e-59,3.30421e-16,3.30421e-16,7.02753e-110,7.9763e-07,3.30421e-16,7.02753e-110,7.9763e-07,1.21388e-54,5,5.0449e-11
500,6.04167,1.97917,1.97917,4.36092e-09,2.99738e-59,3.1686e-16,3.1686e-16,6.20839e-110,7.93227e-07,3.1686e-16,6.20839e-110,7.93227e-07,1.126e-54,5,4.94926e-11
