step,0,1,2,3,4,5,6,7
0,0,7.12478,0,0,2.1251,0,0,0
1,0,7.06369,0,0,2.1515,0,0,0
2,0,7.00479,0,0,2.17737,0,0,0
3,0,6.94799,0,0,2.20272,0,0,0
4,0,6.89318,0,0,2.22755,0,0,0
5,0,6.84028,0,0,2.25186,0,0,0
6,0,7.7892,0,0,3.27568,0,0,0
7,0,7.73986,0,0,3.29899,0,0,0
8,0,7.69219,0,0,3.32182,0,0,0
9,0,7.64611,0,0,3.34416,0,0,0
10,0,7.60157,0,0,3.36603,0,0,0
11,0,7.55848,0,0,3.38743,0,0,0
12,0,7.5168,0,0,3.40837,0,0,0
13,0,8.47646,0,0,4.42886,0,0,0
14,0,8.43741,0,0,4.44891,0,0,0
15,0,8.3996,0,0,4.46853,0,0,0
16,0,9.36298,0,0,5.48772,0,0,0
17,0,9.32751,0,0,5.5065,0,0,0
18,0,9.29313,0,0,5.52486,0,0,0
19,0,9.25981,0,0,5.54283,0,0,0
20,0,9.22751,0,0,5.5604,0,0,0
21,0,9.19618,0,0,5.57759,0,0,0
22,0,9.1658,0,0,5.5944,0,0,0
23,0,9.13633,0,0,5.61084,0,0,0
24,0,9.10772,0,0,5.62692,0,0,0
25,0,9.07996,0,0,5.64264,0,0,0
26,0,9.05301,0,0,5.65802,0,0,0
27,0,9.02685,0,0,5.67307,0,0,0
28,0,10.0014,0,0,6.68778,0,0,0
29,0,9.97676,0,0,6.70216,0,0,0
30,0,9.95278,0,0,6.71623,0,0,0
31,0,10.9295,0,0,7.72999,0,0,0
32,0,10.9068,0,0,7.74344,0,0,0
33,0,10.8848,0,0,7.7566,0,0,0
34,0,10.8634,0,0,7.76947,0,0,0
35,0,11.8426,0,0,8.78205,0,0,0
36,0,11.8224,0,0,8.79436,0,0,0
37,0,11.8027,0,0,8.80639,0,0,0
38,0,12.7836,0,0,9.81816,0,0,0
39,0,12.765,0,0,9.82967,0,0,0
40,0,12.7469,0,0,9.84093,0,0,0
41,0,13.7292,0,0,10.8519,0,0,0
42,0,13.7121,0,0,10.8627,0,0,0
43,0,14.6954,0,0,11.8732,0,0,0
44,0,14.6791,0,0,11.8835,0,0,0
45,0,14.6633,0,0,11.8936,0,0,0
46,0,15.6478,0,0,12.9034,0,0,0
47,0,15.6328,0,0,12.9131,0,0,0
48,0,16.6182,0,0,13.9225,0,0,0
49,0,16.604,0,0,13.9317,0,0,0
50,0,16.5901,0,0,13.9407,0,0,0
51,0,17.5766,0,0,14.9495,0,0,0
52,0,17.5634,0,0,14.9581,0,0,0
53,0,17.5505,0,0,14.9665,0,0,0
54,0,17.538,0,0,14.9748,0,0,0
55,0,17.5258,0,0,14.9828,0,0,0
56,0,18.5139,0,0,15.9907,0,0,0
57,0,18.5024,0,0,15.9984,0,0,0
58,0,18.4911,0,0,16.006,0,0,0
59,0,18.48,0,0,16.0133,0,0,0
60,0,18.4693,0,0,16.0205,0,0,0
61,0,18.4588,0,0,16.0276,0,0,0
62,0,19.4486,0,0,17.0345,0,0,0
63,0,19.4387,0,0,17.0412,0,0,0
64,0,19.429,0,0,17.0478,0,0,0
65,0,19.4195,0,0,17.0543,0,0,0
66,0,19.4103,0,0,17.0606,0,0,0
67,0,19.4013,0,0,17.0667,0,0,0
68,0,19.3925,0,0,17.0728,0,0,0
69,0,19.3839,0,0,17.0787,0,0,0
70,0,19.3755,0,0,17.0844,0,0,0
71,0,19.3674,0,0,17.0901,0,0,0
72,0,19.3594,0,0,17.0956,0,0,0
73,0,19.3516,0,0,17.101,0,0,0
74,0,19.3441,0,0,17.1063,0,0,0
75,0,19.3367,0,0,17.1114,0,0,0
76,0,20.3294,0,0,18.1165,0,0,0
77,0,20.3224,0,0,18.1214,0,0,0
78,0,21.3155,0,0,19.1262,0,0,0
79,0,21.3088,0,0,19.1309,0,0,0
80,0,22.3023,0,0,20.1355,0,0,0
81,0,22.2959,0,0,20.14,0,0,0
82,0,22.2897,0,0,20.1444,0,0,0
83,0,22.2837,0,0,20.1487,0,0,0
84,0,23.278,0,0,21.1527,0,0,0
85,0,23.2727,0,0,21.1565,0,0,0
86,0,23.2678,0,0,21.1599,0,0,0
87,0,23.2632,0,0,21.1632,0,0,0
88,0,23.2587,0,0,21.1664,0,0,0
89,0,23.2545,0,0,21.1694,0,0,0
90,0,23.2505,0,0,21.1722,0,0,0
91,0,24.2467,0,0,22.1749,0,0,0
92,0,24.2431,0,0,22.1775,0,0,0
93,0,25.2399,0,0,23.1799,0,0,0
94,0,25.237,0,0,23.182,0,0,0
95,0,26.2345,0,0,24.1837,0,0,0
96,0,26.2324,0,0,24.1852,0,0,0
97,0,27.2307,0,0,25.1865,0,0,0
98,0,27.2291,0,0,25.1876,0,0,0
99,0,27.2278,0,0,25.1885,0,0,0
100,0,27.2267,0,0,25.1894,0,0,0
101,0,27.2256,0,0,25.1901,0,0,0
102,0,27.2247,0,0,25.1908,0,0,0
103,0,27.2238,0,0,25.1914,0,0,0
104,0,28.223,0,0,26.192,0,0,0
105,0,28.2223,0,0,26.1925,0,0,0
106,0,29.2218,0,0,27.1928,0,0,0
107,0,30.2216,0,0,28.193,0,0,0
108,0,30.2218,0,0,28.1929,0,0,0
109,0,30.2222,0,0,28.1926,0,0,0
110,0,30.2227,0,0,28.1922,0,0,0
111,0,31.2233,0,0,29.1917,0,0,0
112,0,31.224,0,0,29.1912,0,0,0
113,0,31.225,0,0,29.1906,0,0,0
114,0,31.2259,0,0,29.1899,0,0,0
115,0,31.2268,0,0,29.1892,0,0,0
116,0,31.2278,0,0,29.1885,0,0,0
117,0,32.2288,0,0,30.1878,0,0,0
118,0,32.2298,0,0,30.1871,0,0,0
119,0,33.2309,0,0,31.1863,0,0,0
120,0,33.2322,0,0,31.1854,0,0,0
121,0,34.2338,0,0,32.1843,0,0,0
122,0,34.2354,0,0,32.183,0,0,0
123,0,35.2374,0,0,33.1817,0,0,0
124,0,35.2393,0,0,33.1803,0,0,0
125,0,35.2414,0,0,33.1788,0,0,0
126,0,35.2435,0,0,33.1773,0,0,0
127,0,35.2456,0,0,33.1758,0,0,0
128,0,35.2476,0,0,33.1743,0,0,0
129,0,36.2497,0,0,34.1729,0,0,0
130,0,36.2517,0,0,34.1714,0,0,0
131,0,36.2538,0,0,34.1699,0,0,0
132,0,36.2559,0,0,34.1684,0,0,0
133,0,36.258,0,0,34.1669,0,0,0
134,0,36.26,0,0,34.1655,0,0,0
135,0,36.2619,0,0,34.1641,0,0,0
136,0,36.2638,0,0,34.1627,0,0,0
137,0,36.2657,0,0,34.1614,0,0,0
138,0,36.2675,0,0,34.1601,0,0,0
139,0,36.2693,0,0,34.1589,0,0,0
140,0,36.271,0,0,34.1576,0,0,0
141,0,36.2727,0,0,34.1564,0,0,0
142,0,36.2744,0,0,34.1552,0,0,0
143,0,36.276,0,0,34.1541,0,0,0
144,0,36.2776,0,0,34.153,0,0,0
145,0,36.2792,0,0,34.1519,0,0,0
146,0,36.2807,0,0,34.1508,0,0,0
147,0,36.2822,0,0,34.1497,0,0,0
148,0,36.2836,0,0,34.1487,0,0,0
149,0,36.2851,0,0,34.1477,0,0,0
150,0,37.2865,0,0,35.1467,0,0,0
151,0,37.2879,0,0,35.1457,0,0,0
152,0,38.2894,0,0,36.1446,0,0,0
153,0,38.291,0,0,36.1435,0,0,0
154,0,39.2928,0,0,37.1422,0,0,0
155,0,39.2947,0,0,37.1408,0,0,0
156,0,39.2969,0,0,37.1393,0,0,0
157,0,39.299,0,0,37.1378,0,0,0
158,0,40.3011,0,0,38.1363,0,0,0
159,0,40.3033,0,0,38.1348,0,0,0
160,0,40.3056,0,0,38.1331,0,0,0
161,0,40.3079,0,0,38.1315,0,0,0
162,0,40.3102,0,0,38.1299,0,0,0
163,0,40.3124,0,0,38.1284,0,0,0
164,0,41.3146,0,0,39.1268,0,0,0
165,0,41.3168,0,0,39.1253,0,0,0
166,0,41.3191,0,0,39.1237,0,0,0
167,0,41.3215,0,0,39.122,0,0,0
168,0,42.3239,0,0,40.1203,0,0,0
169,0,42.3262,0,0,40.1187,0,0,0
170,0,43.3286,0,0,41.117,0,0,0
171,0,43.3312,0,0,41.1152,0,0,0
172,0,44.3339,0,0,42.1133,0,0,0
173,0,44.3367,0,0,42.1114,0,0,0
174,0,45.3397,0,0,43.1093,0,0,0
175,0,45.3427,0,0,43.1072,0,0,0
176,0,45.3458,0,0,43.105,0,0,0
177,0,46.349,0,0,44.1028,0,0,0
178,0,46.3521,0,0,44.1007,0,0,0
179,0,46.3551,0,0,44.0986,0,0,0
180,0,47.358,0,0,45.0966,0,0,0
181,0,47.3608,0,0,45.0946,0,0,0
182,0,47.3636,0,0,45.0927,0,0,0
183,0,47.3662,0,0,45.0909,0,0,0
184,0,48.3688,0,0,46.0891,0,0,0
185,0,48.3714,0,0,46.0873,0,0,0
186,0,48.3739,0,0,46.0856,0,0,0
187,0,48.3763,0,0,46.0839,0,0,0
188,0,48.3787,0,0,46.0823,0,0,0
189,0,49.381,0,0,47.0807,0,0,0
190,0,49.3832,0,0,47.0791,0,0,0
191,0,49.3854,0,0,47.0776,0,0,0
192,0,49.3875,0,0,47.0762,0,0,0
193,0,49.3896,0,0,47.0747,0,0,0
194,0,50.3917,0,0,48.0733,0,0,0
195,0,50.3937,0,0,48.072,0,0,0
196,0,50.3956,0,0,48.0706,0,0,0
197,0,50.3975,0,0,48.0693,0,0,0
198,0,50.3994,0,0,48.068,0,0,0
199,0,50.4012,0,0,48.0668,0,0,0
200,0,51.403,0,0,49.0655,0,0,0
201,0,51.4048,0,0,49.0643,0,0,0
202,0,51.4065,0,0,49.0632,0,0,0
203,0,51.4082,0,0,49.062,0,0,0
204,0,51.4098,0,0,49.0609,0,0,0
205,0,51.4114,0,0,49.0598,0,0,0
206,0,52.413,0,0,50.0587,0,0,0
207,0,52.4146,0,0,50.0576,0,0,0
208,0,52.4161,0,0,50.0566,0,0,0
209,0,52.4176,0,0,50.0556,0,0,0
210,0,52.4191,0,0,50.0546,0,0,0
211,0,53.4205,0,0,51.0536,0,0,0
212,0,53.422,0,0,51.0526,0,0,0
213,0,53.4234,0,0,51.0516,0,0,0
214,0,53.4248,0,0,51.0507,0,0,0
215,0,53.4261,0,0,51.0498,0,0,0
216,0,54.4275,0,0,52.0488,0,0,0
217,0,54.4288,0,0,52.048,0,0,0
218,0,54.4301,0,0,52.0471,0,0,0
219,0,54.4314,0,0,52.0462,0,0,0
220,0,55.4326,0,0,53.0453,0,0,0
221,0,55.4339,0,0,53.0445,0,0,0
222,0,55.4351,0,0,53.0437,0,0,0
223,0,56.4363,0,0,54.0428,0,0,0
224,0,56.4375,0,0,54.042,0,0,0
225,0,56.4387,0,0,54.0412,0,0,0
226,0,57.4399,0,0,55.0404,0,0,0
227,0,57.441,0,0,55.0396,0,0,0
228,0,58.4422,0,0,56.0389,0,0,0
229,0,58.4433,0,0,56.0381,0,0,0
230,0,58.4444,0,0,56.0373,0,0,0
231,0,58.4455,0,0,56.0366,0,0,0
232,0,58.4466,0,0,56.0359,0,0,0
233,0,58.4477,0,0,56.0351,0,0,0
234,0,58.4488,0,0,56.0344,0,0,0
235,0,58.4498,0,0,56.0337,0,0,0
236,0,58.4509,0,0,56.033,0,0,0
237,0,58.4519,0,0,56.0323,0,0,0
238,0,58.4529,0,0,56.0316,0,0,0
239,0,58.454,0,0,56.0309,0,0,0
240,0,58.455,0,0,56.0302,0,0,0
241,0,58.456,0,0,56.0295,0,0,0
242,0,58.457,0,0,56.0289,0,0,0
243,0,58.458,0,0,56.0282,0,0,0
244,0,59.4589,0,0,57.0275,0,0,0
245,0,59.4599,0,0,57.0269,0,0,0
246,0,59.4609,0,0,57.0262,0,0,0
247,0,60.4619,0,0,58.0256,0,0,0
248,0,60.4628,0,0,58.0249,0,0,0
249,0,60.4638,0,0,58.0243,0,0,0
250,0,60.4647,0,0,58.0237,0,0,0
251,0,61.4656,0,0,59.023,0,0,0
252,0,61.4666,0,0,59.0224,0,0,0
253,0,61.4675,0,0,59.0218,0,0,0
254,0,62.4684,0,0,60.0212,0,0,0
255,0,62.4693,0,0,60.0205,0,0,0
256,0,62.4702,0,0,60.0199,0,0,0
257,0,62.4711,0,0,60.0193,0,0,0
258,0,62.472,0,0,60.0187,0,0,0
259,0,62.4729,0,0,60.0181,0,0,0
260,0,63.4738,0,0,61.0175,0,0,0
261,0,63.4747,0,0,61.0169,0,0,0
262,0,63.4756,0,0,61.0163,0,0,0
263,0,64.4765,0,0,62.0157,0,0,0
264,0,64.4774,0,0,62.0151,0,0,0
265,0,64.4782,0,0,62.0146,0,0,0
266,0,64.4791,0,0,62.014,0,0,0
267,0,64.48,0,0,62.0134,0,0,0
268,0,64.4808,0,0,62.0128,0,0,0
269,0,64.4817,0,0,62.0122,0,0,0
270,0,64.4825,0,0,62.0117,0,0,0
271,0,64.4834,0,0,62.0111,0,0,0
272,0,64.4843,0,0,62.0105,0,0,0
273,0,64.4851,0,0,62.01,0,0,0
274,0,64.486,0,0,62.0094,0,0,0
275,0,64.4868,0,0,62.0088,0,0,0
276,0,64.4876,0,0,62.0083,0,0,0
277,0,64.4885,0,0,62.0077,0,0,0
278,0,64.4893,0,0,62.0071,0,0,0
279,0,64.4902,0,0,62.0066,0,0,0
280,0,64.491,0,0,62.006,0,0,0
281,0,64.4918,0,0,62.0055,0,0,0
282,0,64.4926,0,0,62.0049,0,0,0
283,0,64.4935,0,0,62.0044,0,0,0
284,0,64.4943,0,0,62.0038,0,0,0
285,0,65.4951,0,0,63.0033,0,0,0
286,0,65.4959,0,0,63.0027,0,0,0
287,0,65.4968,0,0,63.0022,0,0,0
288,0,66.4976,0,0,64.0016,0,0,0
289,0,66.4984,0,0,64.0011,0,0,0
290,0,66.4992,0,0,64.0005,0,0,0
291,0,66.5,0,0,64,0,0,0
292,0,66.5008,0,0,63.9994,0,0,0
293,0,66.5017,0,0,63.9989,0,0,0
294,0,66.5025,0,0,63.9984,0,0,0
295,0,66.5033,0,0,63.9978,0,0,0
296,0,66.5041,0,0,63.9973,0,0,0
297,0,66.5049,0,0,63.9967,0,0,0
298,0,66.5057,0,0,63.9962,0,0,0
299,0,66.5065,0,0,63.9957,0,0,0
300,0,66.5073,0,0,63.9951,0,0,0
301,0,66.5081,0,0,63.9946,0,0,0
302,0,67.5089,0,0,64.9941,0,0,0
303,0,67.5097,0,0,64.9935,0,0,0
304,0,67.5105,0,0,64.993,0,0,0
305,0,68.5113,0,0,65.9925,0,0,0
306,0,68.5121,0,0,65.9919,0,0,0
307,0,68.5129,0,0,65.9914,0,0,0
308,0,68.5137,0,0,65.9909,0,0,0
309,0,68.5145,0,0,65.9903,0,0,0
310,0,68.5153,0,0,65.9898,0,0,0
311,0,69.5161,0,0,66.9893,0,0,0
312,0,69.5169,0,0,66.9888,0,0,0
313,0,69.5177,0,0,66.9882,0,0,0
314,0,69.5185,0,0,66.9877,0,0,0
315,0,69.5193,0,0,66.9872,0,0,0
316,0,69.5201,0,0,66.9867,0,0,0
317,0,70.5209,0,0,67.9861,0,0,0
318,0,70.5217,0,0,67.9856,0,0,0
319,0,70.5224,0,0,67.9851,0,0,0
320,0,70.5232,0,0,67.9846,0,0,0
321,0,70.524,0,0,67.984,0,0,0
322,0,70.5248,0,0,67.9835,0,0,0
323,0,70.5256,0,0,67.983,0,0,0
324,0,70.5264,0,0,67.9825,0,0,0
325,0,70.5272,0,0,67.9819,0,0,0
326,0,70.528,0,0,67.9814,0,0,0
327,0,71.5288,0,0,68.9809,0,0,0
328,0,71.5295,0,0,68.9804,0,0,0
329,0,71.5303,0,0,68.9799,0,0,0
330,0,71.5311,0,0,68.9793,0,0,0
331,0,71.5319,0,0,68.9788,0,0,0
332,0,71.5327,0,0,68.9783,0,0,0
333,0,71.5335,0,0,68.9778,0,0,0
334,0,71.5342,0,0,68.9773,0,0,0
335,0,71.535,0,0,68.9768,0,0,0
336,0,71.5358,0,0,68.9762,0,0,0
337,0,72.5366,0,0,69.9757,0,0,0
338,0,72.5374,0,0,69.9752,0,0,0
339,0,72.5382,0,0,69.9747,0,0,0
340,0,72.5389,0,0,69.9742,0,0,0
341,0,72.5397,0,0,69.9737,0,0,0
342,0,72.5405,0,0,69.9731,0,0,0
343,0,72.5413,0,0,69.9726,0,0,0
344,0,72.5421,0,0,69.9721,0,0,0
345,0,73.5429,0,0,70.9716,0,0,0
346,0,73.5436,0,0,70.9711,0,0,0
347,0,73.5444,0,0,70.9706,0,0,0
348,0,73.5452,0,0,70.9701,0,0,0
349,0,73.546,0,0,70.9695,0,0,0
350,0,73.5468,0,0,70.969,0,0,0
351,0,73.5475,0,0,70.9685,0,0,0
352,0,74.5483,0,0,71.968,0,0,0
353,0,74.5491,0,0,71.9675,0,0,0
354,0,74.5499,0,0,71.967,0,0,0
355,0,74.5507,0,0,71.9665,0,0,0
356,0,74.5514,0,0,71.966,0,0,0
357,0,75.5522,0,0,72.9654,0,0,0
358,0,75.553,0,0,72.9649,0,0,0
359,0,75.5538,0,0,72.9644,0,0,0
360,0,75.5545,0,0,72.9639,0,0,0
361,0,75.5553,0,0,72.9634,0,0,0
362,0,75.5561,0,0,72.9629,0,0,0
363,0,75.5569,0,0,72.9624,0,0,0
364,0,75.5576,0,0,72.9619,0,0,0
365,0,75.5584,0,0,72.9614,0,0,0
366,0,76.5592,0,0,73.9609,0,0,0
367,0,76.56,0,0,73.9603,0,0,0
368,0,76.5608,0,0,73.9598,0,0,0
369,0,76.5615,0,0,73.9593,0,0,0
370,0,76.5623,0,0,73.9588,0,0,0
371,0,77.5631,0,0,74.9583,0,0,0
372,0,77.5639,0,0,74.9578,0,0,0
373,0,77.5646,0,0,74.9573,0,0,0
374,0,77.5654,0,0,74.9568,0,0,0
375,0,77.5662,0,0,74.9563,0,0,0
376,0,77.567,0,0,74.9558,0,0,0
377,0,78.5677,0,0,75.9553,0,0,0
378,0,78.5685,0,0,75.9548,0,0,0
379,0,78.5693,0,0,75.9543,0,0,0
380,0,78.57,0,0,75.9538,0,0,0
381,0,78.5708,0,0,75.9532,0,0,0
382,0,78.5716,0,0,75.9527,0,0,0
383,0,79.5724,0,0,76.9522,0,0,0
384,0,79.5731,0,0,76.9517,0,0,0
385,0,79.5739,0,0,76.9512,0,0,0
386,0,79.5747,0,0,76.9507,0,0,0
387,0,79.5755,0,0,76.9502,0,0,0
388,0,79.5762,0,0,76.9497,0,0,0
389,0,79.577,0,0,76.9492,0,0,0
390,0,79.5778,0,0,76.9487,0,0,0
391,0,79.5785,0,0,76.9482,0,0,0
392,0,79.5793,0,0,76.9477,0,0,0
393,0,79.5801,0,0,76.9472,0,0,0
394,0,79.5808,0,0,76.9467,0,0,0
395,0,79.5816,0,0,76.9462,0,0,0
396,0,80.5824,0,0,77.9457,0,0,0
397,0,80.5832,0,0,77.9452,0,0,0
398,0,80.5839,0,0,77.9447,0,0,0
399,0,80.5847,0,0,77.9442,0,0,0
400,0,80.5855,0,0,77.9437,0,0,0
401,0,80.5862,0,0,77.9432,0,0,0
402,0,80.587,0,0,77.9427,0,0,0
403,0,80.5878,0,0,77.9422,0,0,0
404,0,80.5885,0,0,77.9417,0,0,0
405,0,80.5893,0,0,77.9412,0,0,0
406,0,80.5901,0,0,77.9407,0,0,0
407,0,80.5908,0,0,77.9402,0,0,0
408,0,80.5916,0,0,77.9397,0,0,0
409,0,80.5924,0,0,77.9392,0,0,0
410,0,80.5931,0,0,77.9387,0,0,0
411,0,80.5939,0,0,77.9382,0,0,0
412,0,80.5947,0,0,77.9377,0,0,0
413,0,80.5954,0,0,77.9372,0,0,0
414,0,80.5962,0,0,77.9367,0,0,0
415,0,80.597,0,0,77.9362,0,0,0
416,0,80.5977,0,0,77.9357,0,0,0
417,0,80.5985,0,0,77.9352,0,0,0
418,0,80.5992,0,0,77.9347,0,0,0
419,0,80.6,0,0,77.9342,0,0,0
420,0,80.6008,0,0,77.9337,0,0,0
421,0,80.6015,0,0,77.9333,0,0,0
422,0,80.6023,0,0,77.9328,0,0,0
423,0,80.6031,0,0,77.9323,0,0,0
424,0,80.6038,0,0,77.9318,0,0,0
425,0,81.6046,0,0,78.9313,0,0,0
426,0,81.6053,0,0,78.9308,0,0,0
427,0,81.6061,0,0,78.9303,0,0,0
428,0,81.6069,0,0,78.9298,0,0,0
429,0,81.6076,0,0,78.9293,0,0,0
430,0,81.6084,0,0,78.9288,0,0,0
431,0,81.6091,0,0,78.9283,0,0,0
432,0,81.6099,0,0,78.9278,0,0,0
433,0,81.6107,0,0,78.9273,0,0,0
434,0,81.6114,0,0,78.9269,0,0,0
435,0,81.6122,0,0,78.9264,0,0,0
436,0,81.6129,0,0,78.9259,0,0,0
437,0,81.6137,0,0,78.9254,0,0,0
438,0,81.6144,0,0,78.9249,0,0,0
439,0,81.6152,0,0,78.9244,0,0,0
440,0,81.616,0,0,78.9239,0,0,0
441,0,81.6167,0,0,78.9234,0,0,0
442,0,82.6175,0,0,79.923,0,0,0
443,0,82.6182,0,0,79.9225,0,0,0
444,0,82.619,0,0,79.922,0,0,0
445,0,82.6197,0,0,79.9215,0,0,0
446,0,82.6205,0,0,79.921,0,0,0
447,0,82.6212,0,0,79.9205,0,0,0
448,0,82.622,0,0,79.92,0,0,0
449,0,82.6227,0,0,79.9195,0,0,0
450,0,82.6235,0,0,79.9191,0,0,0
451,0,82.6242,0,0,79.9186,0,0,0
452,0,82.625,0,0,79.9181,0,0,0
453,0,82.6257,0,0,79.9176,0,0,0
454,0,82.6265,0,0,79.9171,0,0,0
455,0,82.6272,0,0,79.9166,0,0,0
456,0,82.628,0,0,79.9162,0,0,0
457,0,82.6287,0,0,79.9157,0,0,0
458,0,82.6295,0,0,79.9152,0,0,0
459,0,82.6302,0,0,79.9147,0,0,0
460,0,82.631,0,0,79.9142,0,0,0
461,0,82.6317,0,0,79.9138,0,0,0
462,0,82.6325,0,0,79.9133,0,0,0
463,0,82.6332,0,0,79.9128,0,0,0
464,0,82.634,0,0,79.9123,0,0,0
465,0,82.6347,0,0,79.9118,0,0,0
466,0,82.6355,0,0,79.9114,0,0,0
467,0,82.6362,0,0,79.9109,0,0,0
468,0,82.6369,0,0,79.9104,0,0,0
469,0,82.6377,0,0,79.9099,0,0,0
470,0,82.6384,0,0,79.9095,0,0,0
471,0,82.6392,0,0,79.909,0,0,0
472,0,82.6399,0,0,79.9085,0,0,0
473,0,82.6407,0,0,79.908,0,0,0
474,0,82.6414,0,0,79.9076,0,0,0
475,0,82.6421,0,0,79.9071,0,0,0
476,0,82.6429,0,0,79.9066,0,0,0
477,0,82.6436,0,0,79.9061,0,0,0
478,0,82.6444,0,0,79.9057,0,0,0
479,0,82.6451,0,0,79.9052,0,0,0
480,0,82.6458,0,0,79.9047,0,0,0
481,0,82.6466,0,0,79.9042,0,0,0
482,0,82.6473,0,0,79.9038,0,0,0
483,0,82.648,0,0,79.9033,0,0,0
484,0,82.6488,0,0,79.9028,0,0,0
485,0,82.6495,0,0,79.9024,0,0,0
486,0,82.6502,0,0,79.9019,0,0,0
487,0,82.651,0,0,79.9014,0,0,0
488,0,82.6517,0,0,79.901,0,0,0
489,0,82.6524,0,0,79.9005,0,0,0
490,0,82.6532,0,0,79.9,0,0,0
491,0,82.6539,0,0,79.8996,0,0,0
492,0,82.6546,0,0,79.8991,0,0,0
493,0,82.6554,0,0,79.8986,0,0,0
494,0,82.6561,0,0,79.8982,0,0,0
495,0,82.6568,0,0,79.8977,0,0,0
496,0,82.6575,0,0,79.8972,0,0,0
497,0,82.6583,0,0,79.8968,0,0,0
498,0,82.659,0,0,79.8963,0,0,0
499,0,82.6597,0,0,79.8958,0,0,0
500,0,82.6604,0,0,79.8954,0,0,0
501,0,82.6612,0,0,79.8949,0,0,0
502,0,82.6619,0,0,79.8945,0,0,0
503,0,82.6626,0,0,79.894,0,0,0
504,0,82.6633,0,0,79.8935,0,0,0
505,0,82.6641,0,0,79.8931,0,0,0
506,0,82.6648,0,0,79.8926,0,0,0
507,0,82.6655,0,0,79.8922,0,0,0
508,0,82.6662,0,0,79.8917,0,0,0
509,0,82.667,0,0,79.8912,0,0,0
510,0,82.6677,0,0,79.8908,0,0,0
511,0,82.6684,0,0,79.8903,0,0,0
512,0,82.6691,0,0,79.8899,0,0,0
513,0,82.6698,0,0,79.8894,0,0,0
514,0,82.6705,0,0,79.8889,0,0,0
515,0,82.6713,0,0,79.8885,0,0,0
516,0,82.672,0,0,79.888,0,0,0
517,0,82.6727,0,0,79.8876,0,0,0
518,0,82.6734,0,0,79.8871,0,0,0
519,0,82.6741,0,0,79.8867,0,0,0
520,0,82.6748,0,0,79.8862,0,0,0
521,0,82.6755,0,0,79.8858,0,0,0
522,0,82.6762,0,0,79.8853,0,0,0
523,0,82.677,0,0,79.8849,0,0,0
524,0,82.6777,0,0,79.8844,0,0,0
525,0,82.6784,0,0,79.884,0,0,0
526,0,82.6791,0,0,79.8835,0,0,0
527,0,82.6798,0,0,79.8831,0,0,0
528,0,82.6805,0,0,79.8826,0,0,0
529,0,82.6812,0,0,79.8822,0,0,0
530,0,82.6819,0,0,79.8817,0,0,0
531,0,82.6826,0,0,79.8813,0,0,0
532,0,82.6833,0,0,79.8808,0,0,0
533,0,82.684,0,0,79.8804,0,0,0
534,0,82.6847,0,0,79.8799,0,0,0
535,0,82.6854,0,0,79.8795,0,0,0
536,0,82.6861,0,0,79.8791,0,0,0
537,0,82.6868,0,0,79.8786,0,0,0
538,0,82.6875,0,0,79.8782,0,0,0
539,0,82.6882,0,0,79.8777,0,0,0
540,0,82.6889,0,0,79.8773,0,0,0
541,0,82.6896,0,0,79.8768,0,0,0
542,0,82.6903,0,0,79.8764,0,0,0
543,0,82.691,0,0,79.876,0,0,0
544,0,82.6917,0,0,79.8755,0,0,0
545,0,82.6924,0,0,79.8751,0,0,0
546,0,82.6931,0,0,79.8747,0,0,0
547,0,82.6938,0,0,79.8742,0,0,0
548,0,82.6945,0,0,79.8738,0,0,0
549,0,82.6952,0,0,79.8733,0,0,0
550,0,82.6959,0,0,79.8729,0,0,0
551,0,82.6965,0,0,79.8725,0,0,0
552,0,82.6972,0,0,79.872,0,0,0
553,0,82.6979,0,0,79.8716,0,0,0
554,0,82.6986,0,0,79.8712,0,0,0
555,0,82.6993,0,0,79.8707,0,0,0
556,0,82.7,0,0,79.8703,0,0,0
557,0,82.7007,0,0,79.8699,0,0,0
558,0,82.7014,0,0,79.8694,0,0,0
559,0,82.702,0,0,79.869,0,0,0
560,0,82.7027,0,0,79.8686,0,0,0
561,0,82.7034,0,0,79.8681,0,0,0
562,0,82.7041,0,0,79.8677,0,0,0
563,0,82.7048,0,0,79.8673,0,0,0
564,0,82.7054,0,0,79.8669,0,0,0
565,0,82.7061,0,0,79.8664,0,0,0
566,0,82.7068,0,0,79.866,0,0,0
567,0,82.7075,0,0,79.8656,0,0,0
568,0,82.7081,0,0,79.8652,0,0,0
569,0,82.7088,0,0,79.8647,0,0,0
570,0,82.7095,0,0,79.8643,0,0,0
571,0,82.7102,0,0,79.8639,0,0,0
572,0,82.7108,0,0,79.8635,0,0,0
573,0,82.7115,0,0,79.863,0,0,0
574,0,82.7122,0,0,79.8626,0,0,0
575,0,82.7128,0,0,79.8622,0,0,0
576,0,82.7135,0,0,79.8618,0,0,0
577,0,82.7142,0,0,79.8614,0,0,0
578,0,82.7148,0,0,79.8609,0,0,0
579,0,82.7155,0,0,79.8605,0,0,0
580,0,82.7162,0,0,79.8601,0,0,0
581,0,82.7168,0,0,79.8597,0,0,0
582,0,82.7175,0,0,79.8593,0,0,0
583,0,82.7182,0,0,79.8589,0,0,0
584,0,82.7188,0,0,79.8584,0,0,0
585,0,82.7195,0,0,79.858,0,0,0
586,0,82.7201,0,0,79.8576,0,0,0
587,0,82.7208,0,0,79.8572,0,0,0
588,0,82.7215,0,0,79.8568,0,0,0
589,0,82.7221,0,0,79.8564,0,0,0
590,0,82.7228,0,0,79.856,0,0,0
591,0,82.7234,0,0,79.8556,0,0,0
592,0,82.7241,0,0,79.8552,0,0,0
593,0,82.7247,0,0,79.8547,0,0,0
594,0,82.7254,0,0,79.8543,0,0,0
595,0,82.726,0,0,79.8539,0,0,0
596,0,82.7267,0,0,79.8535,0,0,0
597,0,82.7273,0,0,79.8531,0,0,0
598,0,82.728,0,0,79.8527,0,0,0
599,0,82.7286,0,0,79.8523,0,0,0
600,0,82.7293,0,0,79.8519,0,0,0
601,0,82.7299,0,0,79.8515,0,0,0
602,0,82.7306,0,0,79.8511,0,0,0
603,0,82.7312,0,0,79.8507,0,0,0
604,0,82.7319,0,0,79.8503,0,0,0
605,0,82.7325,0,0,79.8499,0,0,0
606,0,82.7331,0,0,79.8495,0,0,0
607,0,82.7338,0,0,79.8491,0,0,0
608,0,82.7344,0,0,79.8487,0,0,0
609,0,82.7351,0,0,79.8483,0,0,0
610,0,82.7357,0,0,79.8479,0,0,0
611,0,82.7363,0,0,79.8475,0,0,0
612,0,82.737,0,0,79.8471,0,0,0
613,0,82.7376,0,0,79.8467,0,0,0
614,0,82.7382,0,0,79.8463,0,0,0
615,0,82.7389,0,0,79.8459,0,0,0
616,0,82.7395,0,0,79.8455,0,0,0
617,0,82.7401,0,0,79.8451,0,0,0
618,0,82.7407,0,0,79.8447,0,0,0
619,0,82.7414,0,0,79.8443,0,0,0
620,0,82.742,0,0,79.8439,0,0,0
621,0,82.7426,0,0,79.8436,0,0,0
622,0,82.7433,0,0,79.8432,0,0,0
623,0,82.7439,0,0,79.8428,0,0,0
624,0,82.7445,0,0,79.8424,0,0,0
625,0,82.7451,0,0,79.842,0,0,0
626,0,82.7457,0,0,79.8416,0,0,0
627,0,82.7464,0,0,79.8412,0,0,0
628,0,82.747,0,0,79.8408,0,0,0
629,0,82.7476,0,0,79.8405,0,0,0
630,0,82.7482,0,0,79.8401,0,0,0
631,0,82.7488,0,0,79.8397,0,0,0
632,0,82.7494,0,0,79.8393,0,0,0
633,0,82.7501,0,0,79.8389,0,0,0
634,0,82.7507,0,0,79.8385,0,0,0
635,0,82.7513,0,0,79.8382,0,0,0
636,0,82.7519,0,0,79.8378,0,0,0
637,0,82.7525,0,0,79.8374,0,0,0
638,0,82.7531,0,0,79.837,0,0,0
639,0,82.7537,0,0,79.8367,0,0,0
640,0,82.7543,0,0,79.8363,0,0,0
641,0,82.7549,0,0,79.8359,0,0,0
642,0,82.7555,0,0,79.8355,0,0,0
643,0,82.7561,0,0,79.8351,0,0,0
644,0,82.7567,0,0,79.8348,0,0,0
645,0,82.7573,0,0,79.8344,0,0,0
646,0,82.7579,0,0,79.834,0,0,0
647,0,82.7585,0,0,79.8337,0,0,0
648,0,82.7591,0,0,79.8333,0,0,0
649,0,82.7597,0,0,79.8329,0,0,0
650,0,82.7603,0,0,79.8325,0,0,0
651,0,82.7609,0,0,79.8322,0,0,0
652,0,82.7615,0,0,79.8318,0,0,0
653,0,83.7621,0,0,80.8314,0,0,0
654,0,83.7627,0,0,80.8311,0,0,0
655,0,83.7633,0,0,80.8307,0,0,0
656,0,83.7639,0,0,80.8303,0,0,0
657,0,83.7645,0,0,80.83,0,0,0
658,0,83.7651,0,0,80.8296,0,0,0
659,0,83.7656,0,0,80.8292,0,0,0
660,0,83.7662,0,0,80.8289,0,0,0
661,0,83.7668,0,0,80.8285,0,0,0
662,0,83.7674,0,0,80.8282,0,0,0
663,0,83.768,0,0,80.8278,0,0,0
664,0,83.7686,0,0,80.8274,0,0,0
665,0,83.7691,0,0,80.8271,0,0,0
666,0,83.7697,0,0,80.8267,0,0,0
667,0,83.7703,0,0,80.8264,0,0,0
668,0,83.7709,0,0,80.826,0,0,0
669,0,83.7715,0,0,80.8257,0,0,0
670,0,83.772,0,0,80.8253,0,0,0
671,0,84.7726,0,0,81.8249,0,0,0
672,0,84.7732,0,0,81.8246,0,0,0
673,0,4.77375,0,0,1.82424,0,0,0
674,0,46.7743,0,0,43.8239,0,0,0
675,0,46.7749,0,0,43.8235,0,0,0
676,0,46.7755,0,0,43.8232,0,0,0
677,0,46.776,0,0,43.8228,0,0,0
678,0,47.7766,0,0,44.8225,0,0,0
679,0,47.7772,0,0,44.8221,0,0,0
680,0,47.7777,0,0,44.8218,0,0,0
681,0,48.7783,0,0,45.8214,0,0,0
682,0,48.7788,0,0,45.8211,0,0,0
683,0,48.7794,0,0,45.8207,0,0,0
684,0,48.78,0,0,45.8204,0,0,0
685,0,48.7805,0,0,45.8201,0,0,0
686,0,48.7811,0,0,45.8197,0,0,0
687,0,49.7816,0,0,46.8194,0,0,0
688,0,49.7822,0,0,46.819,0,0,0
689,0,49.7827,0,0,46.8187,0,0,0
690,0,49.7833,0,0,46.8183,0,0,0
691,0,49.7838,0,0,46.818,0,0,0
692,0,50.7844,0,0,47.8177,0,0,0
693,0,50.7849,0,0,47.8173,0,0,0
694,0,50.7855,0,0,47.817,0,0,0
695,0,50.786,0,0,47.8167,0,0,0
696,0,50.7866,0,0,47.8163,0,0,0
697,0,50.7871,0,0,47.816,0,0,0
698,0,51.7877,0,0,48.8156,0,0,0
699,0,51.7882,0,0,48.8153,0,0,0
700,0,51.7888,0,0,48.815,0,0,0
701,0,51.7893,0,0,48.8146,0,0,0
702,0,51.7898,0,0,48.8143,0,0,0
703,0,51.7904,0,0,48.814,0,0,0
704,0,52.7909,0,0,49.8137,0,0,0
705,0,52.7914,0,0,49.8133,0,0,0
706,0,52.792,0,0,49.813,0,0,0
707,0,52.7925,0,0,49.8127,0,0,0
708,0,52.793,0,0,49.8123,0,0,0
709,0,53.7936,0,0,50.812,0,0,0
710,0,53.7941,0,0,50.8117,0,0,0
711,0,53.7946,0,0,50.8114,0,0,0
712,0,53.7952,0,0,50.811,0,0,0
713,0,53.7957,0,0,50.8107,0,0,0
714,0,54.7962,0,0,51.8104,0,0,0
715,0,54.7967,0,0,51.8101,0,0,0
716,0,54.7973,0,0,51.8097,0,0,0
717,0,54.7978,0,0,51.8094,0,0,0
718,0,55.7983,0,0,52.8091,0,0,0
719,0,55.7988,0,0,52.8088,0,0,0
720,0,55.7993,0,0,52.8085,0,0,0
721,0,56.7999,0,0,53.8081,0,0,0
722,0,56.8004,0,0,53.8078,0,0,0
723,0,56.8009,0,0,53.8075,0,0,0
724,0,57.8014,0,0,54.8072,0,0,0
725,0,57.8019,0,0,54.8069,0,0,0
726,0,58.8024,0,0,55.8066,0,0,0
727,0,58.8029,0,0,55.8063,0,0,0
728,0,58.8035,0,0,55.8059,0,0,0
729,0,58.804,0,0,55.8056,0,0,0
730,0,58.8045,0,0,55.8053,0,0,0
731,0,58.805,0,0,55.805,0,0,0
732,0,58.8055,0,0,55.8047,0,0,0
733,0,58.806,0,0,55.8044,0,0,0
734,0,58.8065,0,0,55.8041,0,0,0
735,0,58.807,0,0,55.8038,0,0,0
736,0,58.8075,0,0,55.8035,0,0,0
737,0,58.808,0,0,55.8032,0,0,0
738,0,58.8085,0,0,55.8029,0,0,0
739,0,58.809,0,0,55.8026,0,0,0
740,0,58.8095,0,0,55.8023,0,0,0
741,0,58.81,0,0,55.8019,0,0,0
742,0,59.8105,0,0,56.8016,0,0,0
743,0,59.811,0,0,56.8013,0,0,0
744,0,59.8115,0,0,56.801,0,0,0
745,0,60.8119,0,0,57.8007,0,0,0
746,0,60.8124,0,0,57.8004,0,0,0
747,0,60.8129,0,0,57.8001,0,0,0
748,0,60.8134,0,0,57.7998,0,0,0
749,0,61.8139,0,0,58.7996,0,0,0
750,0,61.8144,0,0,58.7993,0,0,0
751,0,61.8149,0,0,58.799,0,0,0
752,0,62.8154,0,0,59.7987,0,0,0
753,0,62.8158,0,0,59.7984,0,0,0
754,0,62.8163,0,0,59.7981,0,0,0
755,0,62.8168,0,0,59.7978,0,0,0
756,0,62.8173,0,0,59.7975,0,0,0
757,0,62.8177,0,0,59.7972,0,0,0
758,0,63.8182,0,0,60.7969,0,0,0
759,0,63.8187,0,0,60.7966,0,0,0
760,0,63.8192,0,0,60.7963,0,0,0
761,0,64.8196,0,0,61.796,0,0,0
762,0,64.8201,0,0,61.7958,0,0,0
763,0,64.8206,0,0,61.7955,0,0,0
764,0,64.821,0,0,61.7952,0,0,0
765,0,64.8215,0,0,61.7949,0,0,0
766,0,64.822,0,0,61.7946,0,0,0
767,0,64.8224,0,0,61.7943,0,0,0
768,0,64.8229,0,0,61.794,0,0,0
769,0,64.8234,0,0,61.7938,0,0,0
770,0,64.8238,0,0,61.7935,0,0,0
771,0,64.8243,0,0,61.7932,0,0,0
772,0,64.8248,0,0,61.7929,0,0,0
773,0,64.8252,0,0,61.7926,0,0,0
774,0,64.8257,0,0,61.7924,0,0,0
775,0,64.8261,0,0,61.7921,0,0,0
776,0,64.8266,0,0,61.7918,0,0,0
777,0,64.827,0,0,61.7915,0,0,0
778,0,64.8275,0,0,61.7913,0,0,0
779,0,64.8279,0,0,61.791,0,0,0
780,0,64.8284,0,0,61.7907,0,0,0
781,0,64.8288,0,0,61.7904,0,0,0
782,0,64.8293,0,0,61.7902,0,0,0
783,0,65.8297,0,0,62.7899,0,0,0
784,0,65.8302,0,0,62.7896,0,0,0
785,0,65.8306,0,0,62.7893,0,0,0
786,0,66.8311,0,0,63.7891,0,0,0
787,0,66.8315,0,0,63.7888,0,0,0
788,0,66.832,0,0,63.7885,0,0,0
789,0,66.8324,0,0,63.7883,0,0,0
790,0,66.8328,0,0,63.788,0,0,0
791,0,66.8333,0,0,63.7877,0,0,0
792,0,66.8337,0,0,63.7875,0,0,0
793,0,66.8341,0,0,63.7872,0,0,0
794,0,66.8346,0,0,63.7869,0,0,0
795,0,66.835,0,0,63.7867,0,0,0
796,0,66.8354,0,0,63.7864,0,0,0
797,0,66.8359,0,0,63.7862,0,0,0
798,0,66.8363,0,0,63.7859,0,0,0
799,0,66.8367,0,0,63.7856,0,0,0
800,0,67.8372,0,0,64.7854,0,0,0
801,0,67.8376,0,0,64.7851,0,0,0
802,0,67.838,0,0,64.7849,0,0,0
803,0,68.8384,0,0,65.7846,0,0,0
804,0,68.8389,0,0,65.7843,0,0,0
805,0,68.8393,0,0,65.7841,0,0,0
806,0,68.8397,0,0,65.7838,0,0,0
807,0,68.8401,0,0,65.7836,0,0,0
808,0,68.8405,0,0,65.7833,0,0,0
809,0,69.841,0,0,66.7831,0,0,0
810,0,69.8414,0,0,66.7828,0,0,0
811,0,69.8418,0,0,66.7826,0,0,0
812,0,69.8422,0,0,66.7823,0,0,0
813,0,69.8426,0,0,66.7821,0,0,0
814,0,69.843,0,0,66.7818,0,0,0
815,0,70.8434,0,0,67.7816,0,0,0
816,0,70.8439,0,0,67.7813,0,0,0
817,0,70.8443,0,0,67.7811,0,0,0
818,0,70.8447,0,0,67.7808,0,0,0
819,0,70.8451,0,0,67.7806,0,0,0
820,0,70.8455,0,0,67.7803,0,0,0
821,0,70.8459,0,0,67.7801,0,0,0
822,0,70.8463,0,0,67.7798,0,0,0
823,0,70.8467,0,0,67.7796,0,0,0
824,0,70.8471,0,0,67.7794,0,0,0
825,0,71.8475,0,0,68.7791,0,0,0
826,0,71.8479,0,0,68.7789,0,0,0
827,0,71.8483,0,0,68.7786,0,0,0
828,0,71.8487,0,0,68.7784,0,0,0
829,0,71.8491,0,0,68.7781,0,0,0
830,0,71.8495,0,0,68.7779,0,0,0
831,0,71.8499,0,0,68.7777,0,0,0
832,0,71.8503,0,0,68.7774,0,0,0
833,0,71.8506,0,0,68.7772,0,0,0
834,0,71.851,0,0,68.777,0,0,0
835,0,72.8514,0,0,69.7767,0,0,0
836,0,72.8518,0,0,69.7765,0,0,0
837,0,72.8522,0,0,69.7763,0,0,0
838,0,72.8526,0,0,69.776,0,0,0
839,0,72.853,0,0,69.7758,0,0,0
840,0,72.8534,0,0,69.7756,0,0,0
841,0,72.8537,0,0,69.7753,0,0,0
842,0,72.8541,0,0,69.7751,0,0,0
843,0,73.8545,0,0,70.7749,0,0,0
844,0,73.8549,0,0,70.7746,0,0,0
845,0,73.8553,0,0,70.7744,0,0,0
846,0,73.8556,0,0,70.7742,0,0,0
847,0,73.856,0,0,70.774,0,0,0
848,0,73.8564,0,0,70.7737,0,0,0
849,0,73.8568,0,0,70.7735,0,0,0
850,0,74.8571,0,0,71.7733,0,0,0
851,0,74.8575,0,0,71.7731,0,0,0
852,0,74.8579,0,0,71.7728,0,0,0
853,0,74.8582,0,0,71.7726,0,0,0
854,0,74.8586,0,0,71.7724,0,0,0
855,0,75.859,0,0,72.7722,0,0,0
856,0,75.8593,0,0,72.7719,0,0,0
857,0,75.8597,0,0,72.7717,0,0,0
858,0,75.8601,0,0,72.7715,0,0,0
859,0,75.8604,0,0,72.7713,0,0,0
860,0,75.8608,0,0,72.7711,0,0,0
861,0,75.8612,0,0,72.7708,0,0,0
862,0,75.8615,0,0,72.7706,0,0,0
863,0,75.8619,0,0,72.7704,0,0,0
864,0,76.8622,0,0,73.7702,0,0,0
865,0,76.8626,0,0,73.77,0,0,0
866,0,76.8629,0,0,73.7698,0,0,0
867,0,76.8633,0,0,73.7696,0,0,0
868,0,76.8636,0,0,73.7693,0,0,0
869,0,77.864,0,0,74.7691,0,0,0
870,0,77.8644,0,0,74.7689,0,0,0
871,0,77.8647,0,0,74.7687,0,0,0
872,0,77.8651,0,0,74.7685,0,0,0
873,0,77.8654,0,0,74.7683,0,0,0
874,0,77.8657,0,0,74.7681,0,0,0
875,0,78.8661,0,0,75.7679,0,0,0
876,0,78.8664,0,0,75.7677,0,0,0
877,0,78.8668,0,0,75.7675,0,0,0
878,0,78.8671,0,0,75.7672,0,0,0
879,0,78.8675,0,0,75.767,0,0,0
880,0,78.8678,0,0,75.7668,0,0,0
881,0,79.8681,0,0,76.7666,0,0,0
882,0,79.8685,0,0,76.7664,0,0,0
883,0,79.8688,0,0,76.7662,0,0,0
884,0,79.8692,0,0,76.766,0,0,0
885,0,79.8695,0,0,76.7658,0,0,0
886,0,79.8698,0,0,76.7656,0,0,0
887,0,79.8702,0,0,76.7654,0,0,0
888,0,79.8705,0,0,76.7652,0,0,0
889,0,79.8708,0,0,76.765,0,0,0
890,0,79.8712,0,0,76.7648,0,0,0
891,0,79.8715,0,0,76.7646,0,0,0
892,0,79.8718,0,0,76.7644,0,0,0
893,0,79.8721,0,0,76.7642,0,0,0
894,0,80.8725,0,0,77.764,0,0,0
895,0,80.8728,0,0,77.7638,0,0,0
896,0,80.8731,0,0,77.7636,0,0,0
897,0,80.8734,0,0,77.7634,0,0,0
898,0,80.8738,0,0,77.7632,0,0,0
899,0,80.8741,0,0,77.7631,0,0,0
900,0,80.8744,0,0,77.7629,0,0,0
901,0,80.8747,0,0,77.7627,0,0,0
902,0,80.875,0,0,77.7625,0,0,0
903,0,80.8754,0,0,77.7623,0,0,0
904,0,80.8757,0,0,77.7621,0,0,0
905,0,80.876,0,0,77.7619,0,0,0
906,0,80.8763,0,0,77.7617,0,0,0
907,0,80.8766,0,0,77.7615,0,0,0
908,0,80.8769,0,0,77.7613,0,0,0
909,0,80.8772,0,0,77.7612,0,0,0
910,0,80.8776,0,0,77.761,0,0,0
911,0,80.8779,0,0,77.7608,0,0,0
912,0,80.8782,0,0,77.7606,0,0,0
913,0,80.8785,0,0,77.7604,0,0,0
914,0,80.8788,0,0,77.7602,0,0,0
915,0,80.8791,0,0,77.76,0,0,0
916,0,80.8794,0,0,77.7599,0,0,0
917,0,80.8797,0,0,77.7597,0,0,0
918,0,80.88,0,0,77.7595,0,0,0
919,0,80.8803,0,0,77.7593,0,0,0
920,0,80.8806,0,0,77.7591,0,0,0
921,0,80.8809,0,0,77.759,0,0,0
922,0,80.8812,0,0,77.7588,0,0,0
923,0,81.8815,0,0,78.7586,0,0,0
924,0,81.8818,0,0,78.7584,0,0,0
925,0,81.8821,0,0,78.7582,0,0,0
926,0,81.8824,0,0,78.7581,0,0,0
927,0,81.8827,0,0,78.7579,0,0,0
928,0,81.883,0,0,78.7577,0,0,0
929,0,81.8833,0,0,78.7575,0,0,0
930,0,81.8836,0,0,78.7574,0,0,0
931,0,81.8838,0,0,78.7572,0,0,0
932,0,81.8841,0,0,78.757,0,0,0
933,0,81.8844,0,0,78.7568,0,0,0
934,0,81.8847,0,0,78.7567,0,0,0
935,0,81.885,0,0,78.7565,0,0,0
936,0,81.8853,0,0,78.7563,0,0,0
937,0,81.8856,0,0,78.7562,0,0,0
938,0,81.8859,0,0,78.756,0,0,0
939,0,81.8861,0,0,78.7558,0,0,0
940,0,82.8864,0,0,79.7557,0,0,0
941,0,82.8867,0,0,79.7555,0,0,0
942,0,82.887,0,0,79.7553,0,0,0
943,0,82.8873,0,0,79.7551,0,0,0
944,0,82.8875,0,0,79.755,0,0,0
945,0,82.8878,0,0,79.7548,0,0,0
946,0,82.8881,0,0,79.7547,0,0,0
947,0,82.8884,0,0,79.7545,0,0,0
948,0,82.8886,0,0,79.7543,0,0,0
949,0,82.8889,0,0,79.7542,0,0,0
950,0,82.8892,0,0,79.754,0,0,0
951,0,82.8895,0,0,79.7538,0,0,0
952,0,82.8897,0,0,79.7537,0,0,0
953,0,82.89,0,0,79.7535,0,0,0
954,0,82.8903,0,0,79.7533,0,0,0
955,0,82.8905,0,0,79.7532,0,0,0
956,0,82.8908,0,0,79.753,0,0,0
957,0,82.8911,0,0,79.7529,0,0,0
958,0,82.8913,0,0,79.7527,0,0,0
959,0,82.8916,0,0,79.7526,0,0,0
960,0,82.8919,0,0,79.7524,0,0,0
961,0,82.8921,0,0,79.7522,0,0,0
962,0,82.8924,0,0,79.7521,0,0,0
963,0,82.8926,0,0,79.7519,0,0,0
964,0,82.8929,0,0,79.7518,0,0,0
965,0,82.8932,0,0,79.7516,0,0,0
966,0,82.8934,0,0,79.7515,0,0,0
967,0,82.8937,0,0,79.7513,0,0,0
968,0,82.8939,0,0,79.7512,0,0,0
969,0,82.8942,0,0,79.751,0,0,0
970,0,82.8944,0,0,79.7508,0,0,0
971,0,82.8947,0,0,79.7507,0,0,0
972,0,82.8949,0,0,79.7505,0,0,0
973,0,82.8952,0,0,79.7504,0,0,0
974,0,82.8955,0,0,79.7502,0,0,0
975,0,82.8957,0,0,79.7501,0,0,0
976,0,82.8959,0,0,79.7499,0,0,0
977,0,82.8962,0,0,79.7498,0,0,0
978,0,82.8964,0,0,79.7496,0,0,0
979,0,82.8967,0,0,79.7495,0,0,0
980,0,82.8969,0,0,79.7494,0,0,0
981,0,82.8972,0,0,79.7492,0,0,0
982,0,82.8974,0,0,79.7491,0,0,0
983,0,82.8977,0,0,79.7489,0,0,0
984,0,82.8979,0,0,79.7488,0,0,0
985,0,82.8982,0,0,79.7486,0,0,0
986,0,82.8984,0,0,79.7485,0,0,0
987,0,82.8986,0,0,79.7483,0,0,0
988,0,82.8989,0,0,79.7482,0,0,0
989,0,82.8991,0,0,79.7481,0,0,0
990,0,82.8994,0,0,79.7479,0,0,0
991,0,82.8996,0,0,79.7478,0,0,0
992,0,82.8998,0,0,79.7476,0,0,0
993,0,82.9001,0,0,79.7475,0,0,0
994,0,82.9003,0,0,79.7473,0,0,0
995,0,82.9005,0,0,79.7472,0,0,0
996,0,82.9008,0,0,79.7471,0,0,0
997,0,82.901,0,0,79.7469,0,0,0
998,0,82.9012,0,0,79.7468,0,0,0
999,0,82.9015,0,0,79.7467,0,0,0
1000,0,82.9017,0,0,79.7465,0,0,0
1001,0,82.9019,0,0,79.7464,0,0,0
1002,0,82.9021,0,0,79.7462,0,0,0
1003,0,82.9024,0,0,79.7461,0,0,0
1004,0,82.9026,0,0,79.746,0,0,0
1005,0,82.9028,0,0,79.7458,0,0,0
1006,0,82.903,0,0,79.7457,0,0,0
1007,0,82.9033,0,0,79.7456,0,0,0
1008,0,82.9035,0,0,79.7454,0,0,0
1009,0,82.9037,0,0,79.7453,0,0,0
1010,0,82.9039,0,0,79.7452,0,0,0
1011,0,82.9041,0,0,79.745,0,0,0
1012,0,82.9044,0,0,79.7449,0,0,0
1013,0,82.9046,0,0,79.7448,0,0,0
1014,0,82.9048,0,0,79.7447,0,0,0
1015,0,82.905,0,0,79.7445,0,0,0
1016,0,82.9052,0,0,79.7444,0,0,0
1017,0,82.9055,0,0,79.7443,0,0,0
1018,0,82.9057,0,0,79.7441,0,0,0
1019,0,82.9059,0,0,79.744,0,0,0
1020,0,82.9061,0,0,79.7439,0,0,0
1021,0,82.9063,0,0,79.7438,0,0,0
1022,0,82.9065,0,0,79.7436,0,0,0
1023,0,82.9067,0,0,79.7435,0,0,0
1024,0,82.9069,0,0,79.7434,0,0,0
1025,0,82.9072,0,0,79.7433,0,0,0
1026,0,82.9074,0,0,79.7431,0,0,0
1027,0,82.9076,0,0,79.743,0,0,0
1028,0,82.9078,0,0,79.7429,0,0,0
1029,0,82.908,0,0,79.7428,0,0,0
1030,0,82.9082,0,0,79.7426,0,0,0
1031,0,82.9084,0,0,79.7425,0,0,0
1032,0,82.9086,0,0,79.7424,0,0,0
1033,0,82.9088,0,0,79.7423,0,0,0
1034,0,82.909,0,0,79.7422,0,0,0
1035,0,82.9092,0,0,79.742,0,0,0
1036,0,82.9094,0,0,79.7419,0,0,0
1037,0,82.9096,0,0,79.7418,0,0,0
1038,0,82.9098,0,0,79.7417,0,0,0
1039,0,82.91,0,0,79.7416,0,0,0
1040,0,82.9102,0,0,79.7414,0,0,0
1041,0,82.9104,0,0,79.7413,0,0,0
1042,0,82.9106,0,0,79.7412,0,0,0
1043,0,82.9108,0,0,79.7411,0,0,0
1044,0,82.911,0,0,79.741,0,0,0
1045,0,82.9112,0,0,79.7409,0,0,0
1046,0,82.9114,0,0,79.7407,0,0,0
1047,0,82.9116,0,0,79.7406,0,0,0
1048,0,82.9118,0,0,79.7405,0,0,0
1049,0,82.912,0,0,79.7404,0,0,0
1050,0,82.9121,0,0,79.7403,0,0,0
1051,0,82.9123,0,0,79.7402,0,0,0
1052,0,82.9125,0,0,79.7401,0,0,0
1053,0,82.9127,0,0,79.7399,0,0,0
1054,0,82.9129,0,0,79.7398,0,0,0
1055,0,82.9131,0,0,79.7397,0,0,0
1056,0,82.9133,0,0,79.7396,0,0,0
1057,0,82.9135,0,0,79.7395,0,0,0
1058,0,82.9136,0,0,79.7394,0,0,0
1059,0,82.9138,0,0,79.7393,0,0,0
1060,0,82.914,0,0,79.7392,0,0,0
1061,0,82.9142,0,0,79.7391,0,0,0
1062,0,82.9144,0,0,79.739,0,0,0
1063,0,82.9146,0,0,79.7388,0,0,0
1064,0,82.9147,0,0,79.7387,0,0,0
1065,0,82.9149,0,0,79.7386,0,0,0
1066,0,82.9151,0,0,79.7385,0,0,0
1067,0,82.9153,0,0,79.7384,0,0,0
1068,0,82.9155,0,0,79.7383,0,0,0
1069,0,82.9156,0,0,79.7382,0,0,0
1070,0,82.9158,0,0,79.7381,0,0,0
1071,0,82.916,0,0,79.738,0,0,0
1072,0,82.9162,0,0,79.7379,0,0,0
1073,0,82.9163,0,0,79.7378,0,0,0
1074,0,82.9165,0,0,79.7377,0,0,0
1075,0,82.9167,0,0,79.7376,0,0,0
1076,0,82.9169,0,0,79.7375,0,0,0
1077,0,82.917,0,0,79.7374,0,0,0
1078,0,82.9172,0,0,79.7373,0,0,0
1079,0,82.9174,0,0,79.7372,0,0,0
1080,0,82.9176,0,0,79.7371,0,0,0
1081,0,82.9177,0,0,79.737,0,0,0
1082,0,82.9179,0,0,79.7369,0,0,0
1083,0,82.9181,0,0,79.7368,0,0,0
1084,0,82.9182,0,0,79.7367,0,0,0
1085,0,82.9184,0,0,79.7366,0,0,0
1086,0,82.9186,0,0,79.7365,0,0,0
1087,0,82.9187,0,0,79.7364,0,0,0
1088,0,82.9189,0,0,79.7363,0,0,0
1089,0,82.9191,0,0,79.7362,0,0,0
1090,0,82.9192,0,0,79.7361,0,0,0
1091,0,82.9194,0,0,79.736,0,0,0
1092,0,82.9196,0,0,79.7359,0,0,0
1093,0,82.9197,0,0,79.7358,0,0,0
1094,0,82.9199,0,0,79.7357,0,0,0
1095,0,82.92,0,0,79.7356,0,0,0
1096,0,82.9202,0,0,79.7355,0,0,0
1097,0,82.9204,0,0,79.7354,0,0,0
1098,0,82.9205,0,0,79.7353,0,0,0
1099,0,82.9207,0,0,79.7352,0,0,0
1100,0,82.9208,0,0,79.7351,0,0,0
1101,0,82.921,0,0,79.735,0,0,0
1102,0,82.9211,0,0,79.7349,0,0,0
1103,0,82.9213,0,0,79.7348,0,0,0
1104,0,82.9215,0,0,79.7347,0,0,0
1105,0,82.9216,0,0,79.7347,0,0,0
1106,0,82.9218,0,0,79.7346,0,0,0
1107,0,82.9219,0,0,79.7345,0,0,0
1108,0,82.9221,0,0,79.7344,0,0,0
1109,0,82.9222,0,0,79.7343,0,0,0
1110,0,82.9224,0,0,79.7342,0,0,0
1111,0,82.9225,0,0,79.7341,0,0,0
1112,0,82.9227,0,0,79.734,0,0,0
1113,0,82.9228,0,0,79.7339,0,0,0
1114,0,82.923,0,0,79.7338,0,0,0
1115,0,82.9231,0,0,79.7338,0,0,0
1116,0,82.9233,0,0,79.7337,0,0,0
1117,0,82.9234,0,0,79.7336,0,0,0
1118,0,82.9236,0,0,79.7335,0,0,0
1119,0,82.9237,0,0,79.7334,0,0,0
1120,0,82.9239,0,0,79.7333,0,0,0
1121,0,82.924,0,0,79.7332,0,0,0
1122,0,82.9242,0,0,79.7331,0,0,0
1123,0,82.9243,0,0,79.7331,0,0,0
1124,0,82.9244,0,0,79.733,0,0,0
1125,0,82.9246,0,0,79.7329,0,0,0
1126,0,82.9247,0,0,79.7328,0,0,0
1127,0,82.9249,0,0,79.7327,0,0,0
1128,0,82.925,0,0,79.7326,0,0,0
1129,0,82.9252,0,0,79.7326,0,0,0
1130,0,82.9253,0,0,79.7325,0,0,0
1131,0,82.9254,0,0,79.7324,0,0,0
1132,0,82.9256,0,0,79.7323,0,0,0
1133,0,82.9257,0,0,79.7322,0,0,0
1134,0,82.9259,0,0,79.7321,0,0,0
1135,0,82.926,0,0,79.7321,0,0,0
1136,0,82.9261,0,0,79.732,0,0,0
1137,0,82.9263,0,0,79.7319,0,0,0
1138,0,82.9264,0,0,79.7318,0,0,0
1139,0,82.9265,0,0,79.7317,0,0,0
1140,0,82.9267,0,0,79.7317,0,0,0
1141,0,82.9268,0,0,79.7316,0,0,0
1142,0,82.9269,0,0,79.7315,0,0,0
1143,0,82.9271,0,0,79.7314,0,0,0
1144,0,82.9272,0,0,79.7313,0,0,0
1145,0,82.9273,0,0,79.7313,0,0,0
1146,0,82.9275,0,0,79.7312,0,0,0
1147,0,82.9276,0,0,79.7311,0,0,0
1148,0,82.9277,0,0,79.731,0,0,0
1149,0,82.9279,0,0,79.7309,0,0,0
1150,0,82.928,0,0,79.7309,0,0,0
1151,0,82.9281,0,0,79.7308,0,0,0
1152,0,82.9282,0,0,79.7307,0,0,0
1153,0,83.9284,0,0,80.7306,0,0,0
1154,0,83.9285,0,0,80.7306,0,0,0
1155,0,83.9286,0,0,80.7305,0,0,0
1156,0,83.9288,0,0,80.7304,0,0,0
1157,0,83.9289,0,0,80.7303,0,0,0
1158,0,83.929,0,0,80.7303,0,0,0
1159,0,83.9291,0,0,80.7302,0,0,0
1160,0,83.9293,0,0,80.7301,0,0,0
1161,0,83.9294,0,0,80.73,0,0,0
1162,0,83.9295,0,0,80.73,0,0,0
1163,0,83.9296,0,0,80.7299,0,0,0
1164,0,83.9298,0,0,80.7298,0,0,0
1165,0,83.9299,0,0,80.7298,0,0,0
1166,0,83.93,0,0,80.7297,0,0,0
1167,0,83.9301,0,0,80.7296,0,0,0
1168,0,83.9302,0,0,80.7295,0,0,0
1169,0,83.9304,0,0,80.7295,0,0,0
1170,0,83.9305,0,0,80.7294,0,0,0
1171,0,84.9306,0,0,81.7293,0,0,0
1172,0,84.9307,0,0,81.7293,0,0,0
1173,0,4.93083,0,0,1.72919,0,0,0
1174,0,46.9309,0,0,43.7291,0,0,0
1175,0,46.9311,0,0,43.729,0,0,0
1176,0,46.9312,0,0,43.729,0,0,0
1177,0,46.9313,0,0,43.7289,0,0,0
1178,0,47.9314,0,0,44.7288,0,0,0
1179,0,47.9315,0,0,44.7288,0,0,0
1180,0,47.9316,0,0,44.7287,0,0,0
1181,0,48.9318,0,0,45.7286,0,0,0
1182,0,48.9319,0,0,45.7286,0,0,0
1183,0,48.932,0,0,45.7285,0,0,0
1184,0,48.9321,0,0,45.7284,0,0,0
1185,0,48.9322,0,0,45.7284,0,0,0
1186,0,48.9323,0,0,45.7283,0,0,0
1187,0,49.9324,0,0,46.7282,0,0,0
1188,0,49.9325,0,0,46.7282,0,0,0
1189,0,49.9327,0,0,46.7281,0,0,0
1190,0,49.9328,0,0,46.728,0,0,0
1191,0,49.9329,0,0,46.728,0,0,0
1192,0,50.933,0,0,47.7279,0,0,0
1193,0,50.9331,0,0,47.7278,0,0,0
1194,0,50.9332,0,0,47.7278,0,0,0
1195,0,50.9333,0,0,47.7277,0,0,0
1196,0,50.9334,0,0,47.7277,0,0,0
1197,0,50.9335,0,0,47.7276,0,0,0
1198,0,51.9336,0,0,48.7275,0,0,0
1199,0,51.9337,0,0,48.7275,0,0,0
1200,0,51.9338,0,0,48.7274,0,0,0
1201,0,51.9339,0,0,48.7273,0,0,0
1202,0,51.9341,0,0,48.7273,0,0,0
1203,0,51.9342,0,0,48.7272,0,0,0
1204,0,52.9343,0,0,49.7272,0,0,0
1205,0,52.9344,0,0,49.7271,0,0,0
1206,0,52.9345,0,0,49.727,0,0,0
1207,0,52.9346,0,0,49.727,0,0,0
1208,0,52.9347,0,0,49.7269,0,0,0
1209,0,53.9348,0,0,50.7269,0,0,0
1210,0,53.9349,0,0,50.7268,0,0,0
1211,0,53.935,0,0,50.7267,0,0,0
1212,0,53.9351,0,0,50.7267,0,0,0
1213,0,53.9352,0,0,50.7266,0,0,0
1214,0,54.9353,0,0,51.7266,0,0,0
1215,0,54.9354,0,0,51.7265,0,0,0
1216,0,54.9355,0,0,51.7264,0,0,0
1217,0,54.9356,0,0,51.7264,0,0,0
1218,0,55.9357,0,0,52.7263,0,0,0
1219,0,55.9358,0,0,52.7263,0,0,0
1220,0,55.9359,0,0,52.7262,0,0,0
1221,0,56.936,0,0,53.7262,0,0,0
1222,0,56.9361,0,0,53.7261,0,0,0
1223,0,56.9362,0,0,53.726,0,0,0
1224,0,57.9363,0,0,54.726,0,0,0
1225,0,57.9363,0,0,54.7259,0,0,0
1226,0,58.9364,0,0,55.7259,0,0,0
1227,0,58.9365,0,0,55.7258,0,0,0
1228,0,58.9366,0,0,55.7258,0,0,0
1229,0,58.9367,0,0,55.7257,0,0,0
1230,0,58.9368,0,0,55.7256,0,0,0
1231,0,58.9369,0,0,55.7256,0,0,0
1232,0,58.937,0,0,55.7255,0,0,0
1233,0,58.9371,0,0,55.7255,0,0,0
1234,0,58.9372,0,0,55.7254,0,0,0
1235,0,58.9373,0,0,55.7254,0,0,0
1236,0,58.9374,0,0,55.7253,0,0,0
1237,0,58.9375,0,0,55.7253,0,0,0
1238,0,58.9376,0,0,55.7252,0,0,0
1239,0,58.9376,0,0,55.7252,0,0,0
1240,0,58.9377,0,0,55.7251,0,0,0
1241,0,58.9378,0,0,55.7251,0,0,0
1242,0,59.9379,0,0,56.725,0,0,0
1243,0,59.938,0,0,56.725,0,0,0
1244,0,59.9381,0,0,56.7249,0,0,0
1245,0,60.9382,0,0,57.7248,0,0,0
1246,0,60.9383,0,0,57.7248,0,0,0
1247,0,60.9383,0,0,57.7247,0,0,0
1248,0,60.9384,0,0,57.7247,0,0,0
1249,0,61.9385,0,0,58.7246,0,0,0
1250,0,61.9386,0,0,58.7246,0,0,0
1251,0,61.9387,0,0,58.7245,0,0,0
1252,0,62.9388,0,0,59.7245,0,0,0
1253,0,62.9389,0,0,59.7244,0,0,0
1254,0,62.9389,0,0,59.7244,0,0,0
1255,0,62.939,0,0,59.7243,0,0,0
1256,0,62.9391,0,0,59.7243,0,0,0
1257,0,62.9392,0,0,59.7242,0,0,0
1258,0,63.9393,0,0,60.7242,0,0,0
1259,0,63.9394,0,0,60.7241,0,0,0
1260,0,63.9394,0,0,60.7241,0,0,0
1261,0,64.9395,0,0,61.724,0,0,0
1262,0,64.9396,0,0,61.724,0,0,0
1263,0,64.9397,0,0,61.724,0,0,0
1264,0,64.9398,0,0,61.7239,0,0,0
1265,0,64.9398,0,0,61.7239,0,0,0
1266,0,64.9399,0,0,61.7238,0,0,0
1267,0,64.94,0,0,61.7238,0,0,0
1268,0,64.9401,0,0,61.7237,0,0,0
1269,0,64.9402,0,0,61.7237,0,0,0
1270,0,64.9402,0,0,61.7236,0,0,0
1271,0,64.9403,0,0,61.7236,0,0,0
1272,0,64.9404,0,0,61.7235,0,0,0
1273,0,64.9405,0,0,61.7235,0,0,0
1274,0,64.9406,0,0,61.7234,0,0,0
1275,0,64.9406,0,0,61.7234,0,0,0
1276,0,64.9407,0,0,61.7233,0,0,0
1277,0,64.9408,0,0,61.7233,0,0,0
1278,0,64.9409,0,0,61.7233,0,0,0
1279,0,64.9409,0,0,61.7232,0,0,0
1280,0,64.941,0,0,61.7232,0,0,0
1281,0,64.9411,0,0,61.7231,0,0,0
1282,0,64.9412,0,0,61.7231,0,0,0
1283,0,65.9412,0,0,62.723,0,0,0
1284,0,65.9413,0,0,62.723,0,0,0
1285,0,65.9414,0,0,62.7229,0,0,0
1286,0,66.9415,0,0,63.7229,0,0,0
1287,0,66.9415,0,0,63.7229,0,0,0
1288,0,66.9416,0,0,63.7228,0,0,0
1289,0,66.9417,0,0,63.7228,0,0,0
1290,0,66.9417,0,0,63.7227,0,0,0
1291,0,66.9418,0,0,63.7227,0,0,0
1292,0,66.9419,0,0,63.7226,0,0,0
1293,0,66.942,0,0,63.7226,0,0,0
1294,0,66.942,0,0,63.7226,0,0,0
1295,0,66.9421,0,0,63.7225,0,0,0
1296,0,66.9422,0,0,63.7225,0,0,0
1297,0,66.9422,0,0,63.7224,0,0,0
1298,0,66.9423,0,0,63.7224,0,0,0
1299,0,66.9424,0,0,63.7224,0,0,0
1300,0,67.9425,0,0,64.7223,0,0,0
1301,0,67.9425,0,0,64.7223,0,0,0
1302,0,67.9426,0,0,64.7222,0,0,0
1303,0,68.9427,0,0,65.7222,0,0,0
1304,0,68.9427,0,0,65.7222,0,0,0
1305,0,68.9428,0,0,65.7221,0,0,0
1306,0,68.9429,0,0,65.7221,0,0,0
1307,0,68.9429,0,0,65.722,0,0,0
1308,0,68.943,0,0,65.722,0,0,0
1309,0,69.9431,0,0,66.722,0,0,0
1310,0,69.9431,0,0,66.7219,0,0,0
1311,0,69.9432,0,0,66.7219,0,0,0
1312,0,69.9433,0,0,66.7218,0,0,0
1313,0,69.9433,0,0,66.7218,0,0,0
1314,0,69.9434,0,0,66.7218,0,0,0
1315,0,70.9435,0,0,67.7217,0,0,0
1316,0,70.9435,0,0,67.7217,0,0,0
1317,0,70.9436,0,0,67.7216,0,0,0
1318,0,70.9436,0,0,67.7216,0,0,0
1319,0,70.9437,0,0,67.7216,0,0,0
1320,0,70.9438,0,0,67.7215,0,0,0
1321,0,70.9438,0,0,67.7215,0,0,0
1322,0,70.9439,0,0,67.7215,0,0,0
1323,0,70.944,0,0,67.7214,0,0,0
1324,0,70.944,0,0,67.7214,0,0,0
1325,0,71.9441,0,0,68.7214,0,0,0
1326,0,71.9442,0,0,68.7213,0,0,0
1327,0,71.9442,0,0,68.7213,0,0,0
1328,0,71.9443,0,0,68.7212,0,0,0
1329,0,71.9443,0,0,68.7212,0,0,0
1330,0,71.9444,0,0,68.7212,0,0,0
1331,0,71.9445,0,0,68.7211,0,0,0
1332,0,71.9445,0,0,68.7211,0,0,0
1333,0,71.9446,0,0,68.7211,0,0,0
1334,0,71.9446,0,0,68.721,0,0,0
1335,0,72.9447,0,0,69.721,0,0,0
1336,0,72.9448,0,0,69.721,0,0,0
1337,0,72.9448,0,0,69.7209,0,0,0
1338,0,72.9449,0,0,69.7209,0,0,0
1339,0,72.9449,0,0,69.7209,0,0,0
1340,0,72.945,0,0,69.7208,0,0,0
1341,0,72.945,0,0,69.7208,0,0,0
1342,0,72.9451,0,0,69.7208,0,0,0
1343,0,73.9452,0,0,70.7207,0,0,0
1344,0,73.9452,0,0,70.7207,0,0,0
1345,0,73.9453,0,0,70.7207,0,0,0
1346,0,73.9453,0,0,70.7206,0,0,0
1347,0,73.9454,0,0,70.7206,0,0,0
1348,0,73.9454,0,0,70.7206,0,0,0
1349,0,73.9455,0,0,70.7205,0,0,0
1350,0,74.9456,0,0,71.7205,0,0,0
1351,0,74.9456,0,0,71.7205,0,0,0
1352,0,74.9457,0,0,71.7204,0,0,0
1353,0,74.9457,0,0,71.7204,0,0,0
1354,0,74.9458,0,0,71.7204,0,0,0
1355,0,75.9458,0,0,72.7203,0,0,0
1356,0,75.9459,0,0,72.7203,0,0,0
1357,0,75.9459,0,0,72.7203,0,0,0
1358,0,75.946,0,0,72.7202,0,0,0
1359,0,75.946,0,0,72.7202,0,0,0
1360,0,75.9461,0,0,72.7202,0,0,0
1361,0,75.9462,0,0,72.7201,0,0,0
1362,0,75.9462,0,0,72.7201,0,0,0
1363,0,75.9463,0,0,72.7201,0,0,0
1364,0,76.9463,0,0,73.72,0,0,0
1365,0,76.9464,0,0,73.72,0,0,0
1366,0,76.9464,0,0,73.72,0,0,0
1367,0,76.9465,0,0,73.72,0,0,0
1368,0,76.9465,0,0,73.7199,0,0,0
1369,0,77.9466,0,0,74.7199,0,0,0
1370,0,77.9466,0,0,74.7199,0,0,0
1371,0,77.9467,0,0,74.7198,0,0,0
1372,0,77.9467,0,0,74.7198,0,0,0
1373,0,77.9468,0,0,74.7198,0,0,0
1374,0,77.9468,0,0,74.7197,0,0,0
1375,0,78.9469,0,0,75.7197,0,0,0
1376,0,78.9469,0,0,75.7197,0,0,0
1377,0,78.947,0,0,75.7197,0,0,0
1378,0,78.947,0,0,75.7196,0,0,0
1379,0,78.9471,0,0,75.7196,0,0,0
1380,0,78.9471,0,0,75.7196,0,0,0
1381,0,79.9472,0,0,76.7195,0,0,0
1382,0,79.9472,0,0,76.7195,0,0,0
1383,0,79.9473,0,0,76.7195,0,0,0
1384,0,79.9473,0,0,76.7195,0,0,0
1385,0,79.9474,0,0,76.7194,0,0,0
1386,0,79.9474,0,0,76.7194,0,0,0
1387,0,79.9474,0,0,76.7194,0,0,0
1388,0,79.9475,0,0,76.7193,0,0,0
1389,0,79.9475,0,0,76.7193,0,0,0
1390,0,79.9476,0,0,76.7193,0,0,0
1391,0,79.9476,0,0,76.7193,0,0,0
1392,0,79.9477,0,0,76.7192,0,0,0
1393,0,79.9477,0,0,76.7192,0,0,0
1394,0,80.9478,0,0,77.7192,0,0,0
1395,0,80.9478,0,0,77.7192,0,0,0
1396,0,80.9479,0,0,77.7191,0,0,0
1397,0,80.9479,0,0,77.7191,0,0,0
1398,0,80.948,0,0,77.7191,0,0,0
1399,0,80.948,0,0,77.719,0,0,0
1400,0,80.948,0,0,77.719,0,0,0
1401,0,80.9481,0,0,77.719,0,0,0
1402,0,80.9481,0,0,77.719,0,0,0
1403,0,80.9482,0,0,77.7189,0,0,0
1404,0,80.9482,0,0,77.7189,0,0,0
1405,0,80.9483,0,0,77.7189,0,0,0
1406,0,80.9483,0,0,77.7189,0,0,0
1407,0,80.9483,0,0,77.7188,0,0,0
1408,0,80.9484,0,0,77.7188,0,0,0
1409,0,80.9484,0,0,77.7188,0,0,0
1410,0,80.9485,0,0,77.7188,0,0,0
1411,0,80.9485,0,0,77.7187,0,0,0
1412,0,80.9486,0,0,77.7187,0,0,0
1413,0,80.9486,0,0,77.7187,0,0,0
1414,0,80.9486,0,0,77.7187,0,0,0
1415,0,80.9487,0,0,77.7186,0,0,0
1416,0,80.9487,0,0,77.7186,0,0,0
1417,0,80.9488,0,0,77.7186,0,0,0
1418,0,80.9488,0,0,77.7186,0,0,0
1419,0,80.9489,0,0,77.7185,0,0,0
1420,0,80.9489,0,0,77.7185,0,0,0
1421,0,80.9489,0,0,77.7185,0,0,0
1422,0,80.949,0,0,77.7185,0,0,0
1423,0,81.949,0,0,78.7184,0,0,0
1424,0,81.9491,0,0,78.7184,0,0,0
1425,0,81.9491,0,0,78.7184,0,0,0
1426,0,81.9491,0,0,78.7184,0,0,0
1427,0,81.9492,0,0,78.7184,0,0,0
1428,0,81.9492,0,0,78.7183,0,0,0
1429,0,81.9493,0,0,78.7183,0,0,0
1430,0,81.9493,0,0,78.7183,0,0,0
1431,0,81.9493,0,0,78.7183,0,0,0
1432,0,81.9494,0,0,78.7182,0,0,0
1433,0,81.9494,0,0,78.7182,0,0,0
1434,0,81.9494,0,0,78.7182,0,0,0
1435,0,81.9495,0,0,78.7182,0,0,0
1436,0,81.9495,0,0,78.7181,0,0,0
1437,0,81.9496,0,0,78.7181,0,0,0
1438,0,81.9496,0,0,78.7181,0,0,0
1439,0,81.9496,0,0,78.7181,0,0,0
1440,0,82.9497,0,0,79.7181,0,0,0
1441,0,82.9497,0,0,79.718,0,0,0
1442,0,82.9497,0,0,79.718,0,0,0
1443,0,82.9498,0,0,79.718,0,0,0
1444,0,82.9498,0,0,79.718,0,0,0
1445,0,82.9499,0,0,79.718,0,0,0
1446,0,82.9499,0,0,79.7179,0,0,0
1447,0,82.9499,0,0,79.7179,0,0,0
1448,0,82.95,0,0,79.7179,0,0,0
1449,0,82.95,0,0,79.7179,0,0,0
1450,0,82.95,0,0,79.7178,0,0,0
1451,0,82.9501,0,0,79.7178,0,0,0
1452,0,82.9501,0,0,79.7178,0,0,0
1453,0,82.9501,0,0,79.7178,0,0,0
1454,0,82.9502,0,0,79.7178,0,0,0
1455,0,82.9502,0,0,79.7177,0,0,0
1456,0,82.9502,0,0,79.7177,0,0,0
1457,0,82.9503,0,0,79.7177,0,0,0
1458,0,82.9503,0,0,79.7177,0,0,0
1459,0,82.9503,0,0,79.7177,0,0,0
1460,0,82.9504,0,0,79.7176,0,0,0
1461,0,82.9504,0,0,79.7176,0,0,0
1462,0,82.9504,0,0,79.7176,0,0,0
1463,0,82.9505,0,0,79.7176,0,0,0
1464,0,82.9505,0,0,79.7176,0,0,0
1465,0,82.9505,0,0,79.7175,0,0,0
1466,0,82.9506,0,0,79.7175,0,0,0
1467,0,82.9506,0,0,79.7175,0,0,0
1468,0,82.9506,0,0,79.7175,0,0,0
1469,0,82.9507,0,0,79.7175,0,0,0
1470,0,82.9507,0,0,79.7174,0,0,0
1471,0,82.9507,0,0,79.7174,0,0,0
1472,0,82.9508,0,0,79.7174,0,0,0
1473,0,82.9508,0,0,79.7174,0,0,0
1474,0,82.9508,0,0,79.7174,0,0,0
1475,0,82.9509,0,0,79.7174,0,0,0
1476,0,82.9509,0,0,79.7173,0,0,0
1477,0,82.9509,0,0,79.7173,0,0,0
1478,0,82.951,0,0,79.7173,0,0,0
1479,0,82.951,0,0,79.7173,0,0,0
1480,0,82.951,0,0,79.7173,0,0,0
1481,0,82.9511,0,0,79.7172,0,0,0
1482,0,82.9511,0,0,79.7172,0,0,0
1483,0,82.9511,0,0,79.7172,0,0,0
1484,0,82.9512,0,0,79.7172,0,0,0
1485,0,82.9512,0,0,79.7172,0,0,0
1486,0,82.9512,0,0,79.7172,0,0,0
1487,0,82.9512,0,0,79.7171,0,0,0
1488,0,82.9513,0,0,79.7171,0,0,0
1489,0,82.9513,0,0,79.7171,0,0,0
1490,0,82.9513,0,0,79.7171,0,0,0
1491,0,82.9514,0,0,79.7171,0,0,0
1492,0,82.9514,0,0,79.717,0,0,0
1493,0,82.9514,0,0,79.717,0,0,0
1494,0,82.9514,0,0,79.717,0,0,0
1495,0,82.9515,0,0,79.717,0,0,0
1496,0,82.9515,0,0,79.717,0,0,0
1497,0,82.9515,0,0,79.717,0,0,0
1498,0,82.9516,0,0,79.7169,0,0,0
1499,0,82.9516,0,0,79.7169,0,0,0
1500,0,82.9516,0,0,79.7169,0,0,0
1501,0,82.9517,0,0,79.7169,0,0,0
1502,0,82.9517,0,0,79.7169,0,0,0
1503,0,82.9517,0,0,79.7169,0,0,0
1504,0,82.9517,0,0,79.7168,0,0,0
1505,0,82.9518,0,0,79.7168,0,0,0
1506,0,82.9518,0,0,79.7168,0,0,0
1507,0,82.9518,0,0,79.7168,0,0,0
1508,0,82.9518,0,0,79.7168,0,0,0
1509,0,82.9519,0,0,79.7168,0,0,0
1510,0,82.9519,0,0,79.7167,0,0,0
1511,0,82.9519,0,0,79.7167,0,0,0
1512,0,82.952,0,0,79.7167,0,0,0
1513,0,82.952,0,0,79.7167,0,0,0
1514,0,82.952,0,0,79.7167,0,0,0
1515,0,82.952,0,0,79.7167,0,0,0
1516,0,82.9521,0,0,79.7167,0,0,0
1517,0,82.9521,0,0,79.7166,0,0,0
1518,0,82.9521,0,0,79.7166,0,0,0
1519,0,82.9521,0,0,79.7166,0,0,0
1520,0,82.9522,0,0,79.7166,0,0,0
1521,0,82.9522,0,0,79.7166,0,0,0
1522,0,82.9522,0,0,79.7166,0,0,0
1523,0,82.9522,0,0,79.7165,0,0,0
1524,0,82.9523,0,0,79.7165,0,0,0
1525,0,82.9523,0,0,79.7165,0,0,0
1526,0,82.9523,0,0,79.7165,0,0,0
1527,0,82.9523,0,0,79.7165,0,0,0
1528,0,82.9524,0,0,79.7165,0,0,0
1529,0,82.9524,0,0,79.7165,0,0,0
1530,0,82.9524,0,0,79.7164,0,0,0
1531,0,82.9524,0,0,79.7164,0,0,0
1532,0,82.9525,0,0,79.7164,0,0,0
1533,0,82.9525,0,0,79.7164,0,0,0
1534,0,82.9525,0,0,79.7164,0,0,0
1535,0,82.9525,0,0,79.7164,0,0,0
1536,0,82.9526,0,0,79.7164,0,0,0
1537,0,82.9526,0,0,79.7163,0,0,0
1538,0,82.9526,0,0,79.7163,0,0,0
1539,0,82.9526,0,0,79.7163,0,0,0
1540,0,82.9527,0,0,79.7163,0,0,0
1541,0,82.9527,0,0,79.7163,0,0,0
1542,0,82.9527,0,0,79.7163,0,0,0
1543,0,82.9527,0,0,79.7163,0,0,0
1544,0,82.9527,0,0,79.7162,0,0,0
1545,0,82.9528,0,0,79.7162,0,0,0
1546,0,82.9528,0,0,79.7162,0,0,0
1547,0,82.9528,0,0,79.7162,0,0,0
1548,0,82.9528,0,0,79.7162,0,0,0
1549,0,82.9529,0,0,79.7162,0,0,0
1550,0,82.9529,0,0,79.7162,0,0,0
1551,0,82.9529,0,0,79.7162,0,0,0
1552,0,82.9529,0,0,79.7161,0,0,0
1553,0,82.953,0,0,79.7161,0,0,0
1554,0,82.953,0,0,79.7161,0,0,0
1555,0,82.953,0,0,79.7161,0,0,0
1556,0,82.953,0,0,79.7161,0,0,0
1557,0,82.953,0,0,79.7161,0,0,0
1558,0,82.9531,0,0,79.7161,0,0,0
1559,0,82.9531,0,0,79.7161,0,0,0
1560,0,82.9531,0,0,79.716,0,0,0
1561,0,82.9531,0,0,79.716,0,0,0
1562,0,82.9531,0,0,79.716,0,0,0
1563,0,82.9532,0,0,79.716,0,0,0
1564,0,82.9532,0,0,79.716,0,0,0
1565,0,82.9532,0,0,79.716,0,0,0
1566,0,82.9532,0,0,79.716,0,0,0
1567,0,82.9533,0,0,79.716,0,0,0
1568,0,82.9533,0,0,79.7159,0,0,0
1569,0,82.9533,0,0,79.7159,0,0,0
1570,0,82.9533,0,0,79.7159,0,0,0
1571,0,82.9533,0,0,79.7159,0,0,0
1572,0,82.9534,0,0,79.7159,0,0,0
1573,0,82.9534,0,0,79.7159,0,0,0
1574,0,82.9534,0,0,79.7159,0,0,0
1575,0,82.9534,0,0,79.7159,0,0,0
1576,0,82.9534,0,0,79.7158,0,0,0
1577,0,82.9535,0,0,79.7158,0,0,0
1578,0,82.9535,0,0,79.7158,0,0,0
1579,0,82.9535,0,0,79.7158,0,0,0
1580,0,82.9535,0,0,79.7158,0,0,0
1581,0,82.9535,0,0,79.7158,0,0,0
1582,0,82.9536,0,0,79.7158,0,0,0
1583,0,82.9536,0,0,79.7158,0,0,0
1584,0,82.9536,0,0,79.7158,0,0,0
1585,0,82.9536,0,0,79.7157,0,0,0
1586,0,82.9536,0,0,79.7157,0,0,0
1587,0,82.9537,0,0,79.7157,0,0,0
1588,0,82.9537,0,0,79.7157,0,0,0
1589,0,82.9537,0,0,79.7157,0,0,0
1590,0,82.9537,0,0,79.7157,0,0,0
1591,0,82.9537,0,0,79.7157,0,0,0
1592,0,82.9537,0,0,79.7157,0,0,0
1593,0,82.9538,0,0,79.7157,0,0,0
1594,0,82.9538,0,0,79.7156,0,0,0
1595,0,82.9538,0,0,79.7156,0,0,0
1596,0,82.9538,0,0,79.7156,0,0,0
1597,0,82.9538,0,0,79.7156,0,0,0
1598,0,82.9539,0,0,79.7156,0,0,0
1599,0,82.9539,0,0,79.7156,0,0,0
1600,0,82.9539,0,0,79.7156,0,0,0
1601,0,82.9539,0,0,79.7156,0,0,0
1602,0,82.9539,0,0,79.7156,0,0,0
1603,0,82.9539,0,0,79.7155,0,0,0
1604,0,82.954,0,0,79.7155,0,0,0
1605,0,82.954,0,0,79.7155,0,0,0
1606,0,82.954,0,0,79.7155,0,0,0
1607,0,82.954,0,0,79.7155,0,0,0
1608,0,82.954,0,0,79.7155,0,0,0
1609,0,82.954,0,0,79.7155,0,0,0
1610,0,82.9541,0,0,79.7155,0,0,0
1611,0,82.9541,0,0,79.7155,0,0,0
1612,0,82.9541,0,0,79.7155,0,0,0
1613,0,82.9541,0,0,79.7154,0,0,0
1614,0,82.9541,0,0,79.7154,0,0,0
1615,0,82.9542,0,0,79.7154,0,0,0
1616,0,82.9542,0,0,79.7154,0,0,0
1617,0,82.9542,0,0,79.7154,0,0,0
1618,0,82.9542,0,0,79.7154,0,0,0
1619,0,82.9542,0,0,79.7154,0,0,0
1620,0,82.9542,0,0,79.7154,0,0,0
1621,0,82.9542,0,0,79.7154,0,0,0
1622,0,82.9543,0,0,79.7154,0,0,0
1623,0,82.9543,0,0,79.7153,0,0,0
1624,0,82.9543,0,0,79.7153,0,0,0
1625,0,82.9543,0,0,79.7153,0,0,0
1626,0,82.9543,0,0,79.7153,0,0,0
1627,0,82.9543,0,0,79.7153,0,0,0
1628,0,82.9544,0,0,79.7153,0,0,0
1629,0,82.9544,0,0,79.7153,0,0,0
1630,0,82.9544,0,0,79.7153,0,0,0
1631,0,82.9544,0,0,79.7153,0,0,0
1632,0,82.9544,0,0,79.7153,0,0,0
1633,0,82.9544,0,0,79.7153,0,0,0
1634,0,82.9545,0,0,79.7152,0,0,0
1635,0,82.9545,0,0,79.7152,0,0,0
1636,0,82.9545,0,0,79.7152,0,0,0
1637,0,82.9545,0,0,79.7152,0,0,0
1638,0,82.9545,0,0,79.7152,0,0,0
1639,0,82.9545,0,0,79.7152,0,0,0
1640,0,82.9545,0,0,79.7152,0,0,0
1641,0,82.9546,0,0,79.7152,0,0,0
1642,0,82.9546,0,0,79.7152,0,0,0
1643,0,82.9546,0,0,79.7152,0,0,0
1644,0,82.9546,0,0,79.7152,0,0,0
1645,0,82.9546,0,0,79.7151,0,0,0
1646,0,82.9546,0,0,79.7151,0,0,0
1647,0,82.9546,0,0,79.7151,0,0,0
1648,0,82.9547,0,0,79.7151,0,0,0
1649,0,82.9547,0,0,79.7151,0,0,0
1650,0,82.9547,0,0,79.7151,0,0,0
1651,0,82.9547,0,0,79.7151,0,0,0
1652,0,82.9547,0,0,79.7151,0,0,0
1653,0,83.9547,0,0,80.7151,0,0,0
1654,0,83.9547,0,0,80.7151,0,0,0
1655,0,83.9548,0,0,80.7151,0,0,0
1656,0,83.9548,0,0,80.7151,0,0,0
1657,0,83.9548,0,0,80.715,0,0,0
1658,0,83.9548,0,0,80.715,0,0,0
1659,0,83.9548,0,0,80.715,0,0,0
1660,0,83.9548,0,0,80.715,0,0,0
1661,0,83.9548,0,0,80.715,0,0,0
1662,0,83.9549,0,0,80.715,0,0,0
1663,0,83.9549,0,0,80.715,0,0,0
1664,0,83.9549,0,0,80.715,0,0,0
1665,0,83.9549,0,0,80.715,0,0,0
1666,0,83.9549,0,0,80.715,0,0,0
1667,0,83.9549,0,0,80.715,0,0,0
1668,0,83.9549,0,0,80.715,0,0,0
1669,0,83.9549,0,0,80.715,0,0,0
1670,0,83.955,0,0,80.7149,0,0,0
1671,0,84.955,0,0,81.7149,0,0,0
1672,0,84.955,0,0,81.7149,0,0,0
1673,0,4.955,0,0,1.71492,0,0,0
1674,0,46.955,0,0,43.7149,0,0,0
1675,0,46.955,0,0,43.7149,0,0,0
1676,0,46.955,0,0,43.7149,0,0,0
1677,0,46.955,0,0,43.7149,0,0,0
1678,0,47.9551,0,0,44.7149,0,0,0
1679,0,47.9551,0,0,44.7149,0,0,0
1680,0,47.9551,0,0,44.7149,0,0,0
1681,0,48.9551,0,0,45.7149,0,0,0
1682,0,48.9551,0,0,45.7149,0,0,0
1683,0,48.9551,0,0,45.7149,0,0,0
1684,0,48.9551,0,0,45.7148,0,0,0
1685,0,48.9551,0,0,45.7148,0,0,0
1686,0,48.9552,0,0,45.7148,0,0,0
1687,0,49.9552,0,0,46.7148,0,0,0
1688,0,49.9552,0,0,46.7148,0,0,0
1689,0,49.9552,0,0,46.7148,0,0,0
1690,0,49.9552,0,0,46.7148,0,0,0
1691,0,49.9552,0,0,46.7148,0,0,0
1692,0,50.9552,0,0,47.7148,0,0,0
1693,0,50.9552,0,0,47.7148,0,0,0
1694,0,50.9553,0,0,47.7148,0,0,0
1695,0,50.9553,0,0,47.7148,0,0,0
1696,0,50.9553,0,0,47.7148,0,0,0
1697,0,50.9553,0,0,47.7148,0,0,0
1698,0,51.9553,0,0,48.7147,0,0,0
1699,0,51.9553,0,0,48.7147,0,0,0
1700,0,51.9553,0,0,48.7147,0,0,0
1701,0,51.9553,0,0,48.7147,0,0,0
1702,0,51.9553,0,0,48.7147,0,0,0
1703,0,51.9554,0,0,48.7147,0,0,0
1704,0,52.9554,0,0,49.7147,0,0,0
1705,0,52.9554,0,0,49.7147,0,0,0
1706,0,52.9554,0,0,49.7147,0,0,0
1707,0,52.9554,0,0,49.7147,0,0,0
1708,0,52.9554,0,0,49.7147,0,0,0
1709,0,53.9554,0,0,50.7147,0,0,0
1710,0,53.9554,0,0,50.7147,0,0,0
1711,0,53.9554,0,0,50.7147,0,0,0
1712,0,53.9555,0,0,50.7147,0,0,0
1713,0,53.9555,0,0,50.7147,0,0,0
1714,0,54.9555,0,0,51.7146,0,0,0
1715,0,54.9555,0,0,51.7146,0,0,0
1716,0,54.9555,0,0,51.7146,0,0,0
1717,0,54.9555,0,0,51.7146,0,0,0
1718,0,55.9555,0,0,52.7146,0,0,0
1719,0,55.9555,0,0,52.7146,0,0,0
1720,0,55.9555,0,0,52.7146,0,0,0
1721,0,56.9555,0,0,53.7146,0,0,0
1722,0,56.9556,0,0,53.7146,0,0,0
1723,0,56.9556,0,0,53.7146,0,0,0
1724,0,57.9556,0,0,54.7146,0,0,0
1725,0,57.9556,0,0,54.7146,0,0,0
1726,0,58.9556,0,0,55.7146,0,0,0
1727,0,58.9556,0,0,55.7146,0,0,0
1728,0,58.9556,0,0,55.7146,0,0,0
1729,0,58.9556,0,0,55.7146,0,0,0
1730,0,58.9556,0,0,55.7146,0,0,0
1731,0,58.9556,0,0,55.7145,0,0,0
1732,0,58.9557,0,0,55.7145,0,0,0
1733,0,58.9557,0,0,55.7145,0,0,0
1734,0,58.9557,0,0,55.7145,0,0,0
1735,0,58.9557,0,0,55.7145,0,0,0
1736,0,58.9557,0,0,55.7145,0,0,0
1737,0,58.9557,0,0,55.7145,0,0,0
1738,0,58.9557,0,0,55.7145,0,0,0
1739,0,58.9557,0,0,55.7145,0,0,0
1740,0,58.9557,0,0,55.7145,0,0,0
1741,0,58.9557,0,0,55.7145,0,0,0
1742,0,59.9557,0,0,56.7145,0,0,0
1743,0,59.9558,0,0,56.7145,0,0,0
1744,0,59.9558,0,0,56.7145,0,0,0
1745,0,60.9558,0,0,57.7145,0,0,0
1746,0,60.9558,0,0,57.7145,0,0,0
1747,0,60.9558,0,0,57.7145,0,0,0
1748,0,60.9558,0,0,57.7145,0,0,0
1749,0,61.9558,0,0,58.7144,0,0,0
1750,0,61.9558,0,0,58.7144,0,0,0
1751,0,61.9558,0,0,58.7144,0,0,0
1752,0,62.9558,0,0,59.7144,0,0,0
1753,0,62.9558,0,0,59.7144,0,0,0
1754,0,62.9559,0,0,59.7144,0,0,0
1755,0,62.9559,0,0,59.7144,0,0,0
1756,0,62.9559,0,0,59.7144,0,0,0
1757,0,62.9559,0,0,59.7144,0,0,0
1758,0,63.9559,0,0,60.7144,0,0,0
1759,0,63.9559,0,0,60.7144,0,0,0
1760,0,63.9559,0,0,60.7144,0,0,0
1761,0,64.9559,0,0,61.7144,0,0,0
1762,0,64.9559,0,0,61.7144,0,0,0
1763,0,64.9559,0,0,61.7144,0,0,0
1764,0,64.9559,0,0,61.7144,0,0,0
1765,0,64.956,0,0,61.7144,0,0,0
1766,0,64.956,0,0,61.7144,0,0,0
1767,0,64.956,0,0,61.7144,0,0,0
1768,0,64.956,0,0,61.7144,0,0,0
1769,0,64.956,0,0,61.7143,0,0,0
1770,0,64.956,0,0,61.7143,0,0,0
1771,0,64.956,0,0,61.7143,0,0,0
1772,0,64.956,0,0,61.7143,0,0,0
1773,0,64.956,0,0,61.7143,0,0,0
1774,0,64.956,0,0,61.7143,0,0,0
1775,0,64.956,0,0,61.7143,0,0,0
1776,0,64.956,0,0,61.7143,0,0,0
1777,0,64.956,0,0,61.7143,0,0,0
1778,0,64.9561,0,0,61.7143,0,0,0
1779,0,64.9561,0,0,61.7143,0,0,0
1780,0,64.9561,0,0,61.7143,0,0,0
1781,0,64.9561,0,0,61.7143,0,0,0
1782,0,64.9561,0,0,61.7143,0,0,0
1783,0,65.9561,0,0,62.7143,0,0,0
1784,0,65.9561,0,0,62.7143,0,0,0
1785,0,65.9561,0,0,62.7143,0,0,0
1786,0,66.9561,0,0,63.7143,0,0,0
1787,0,66.9561,0,0,63.7143,0,0,0
1788,0,66.9561,0,0,63.7143,0,0,0
1789,0,66.9561,0,0,63.7143,0,0,0
1790,0,66.9561,0,0,63.7142,0,0,0
1791,0,66.9562,0,0,63.7142,0,0,0
1792,0,66.9562,0,0,63.7142,0,0,0
1793,0,66.9562,0,0,63.7142,0,0,0
1794,0,66.9562,0,0,63.7142,0,0,0
1795,0,66.9562,0,0,63.7142,0,0,0
1796,0,66.9562,0,0,63.7142,0,0,0
1797,0,66.9562,0,0,63.7142,0,0,0
1798,0,66.9562,0,0,63.7142,0,0,0
1799,0,66.9562,0,0,63.7142,0,0,0
1800,0,67.9562,0,0,64.7142,0,0,0
1801,0,67.9562,0,0,64.7142,0,0,0
1802,0,67.9562,0,0,64.7142,0,0,0
1803,0,68.9562,0,0,65.7142,0,0,0
1804,0,68.9562,0,0,65.7142,0,0,0
1805,0,68.9563,0,0,65.7142,0,0,0
1806,0,68.9563,0,0,65.7142,0,0,0
1807,0,68.9563,0,0,65.7142,0,0,0
1808,0,68.9563,0,0,65.7142,0,0,0
1809,0,69.9563,0,0,66.7142,0,0,0
1810,0,69.9563,0,0,66.7142,0,0,0
1811,0,69.9563,0,0,66.7142,0,0,0
1812,0,69.9563,0,0,66.7142,0,0,0
1813,0,69.9563,0,0,66.7142,0,0,0
1814,0,69.9563,0,0,66.7142,0,0,0
1815,0,70.9563,0,0,67.7141,0,0,0
1816,0,70.9563,0,0,67.7141,0,0,0
1817,0,70.9563,0,0,67.7141,0,0,0
1818,0,70.9563,0,0,67.7141,0,0,0
1819,0,70.9563,0,0,67.7141,0,0,0
1820,0,70.9564,0,0,67.7141,0,0,0
1821,0,70.9564,0,0,67.7141,0,0,0
1822,0,70.9564,0,0,67.7141,0,0,0
1823,0,70.9564,0,0,67.7141,0,0,0
1824,0,70.9564,0,0,67.7141,0,0,0
1825,0,71.9564,0,0,68.7141,0,0,0
1826,0,71.9564,0,0,68.7141,0,0,0
1827,0,71.9564,0,0,68.7141,0,0,0
1828,0,71.9564,0,0,68.7141,0,0,0
1829,0,71.9564,0,0,68.7141,0,0,0
1830,0,71.9564,0,0,68.7141,0,0,0
1831,0,71.9564,0,0,68.7141,0,0,0
1832,0,71.9564,0,0,68.7141,0,0,0
1833,0,71.9564,0,0,68.7141,0,0,0
1834,0,71.9564,0,0,68.7141,0,0,0
1835,0,72.9564,0,0,69.7141,0,0,0
1836,0,72.9565,0,0,69.7141,0,0,0
1837,0,72.9565,0,0,69.7141,0,0,0
1838,0,72.9565,0,0,69.7141,0,0,0
1839,0,72.9565,0,0,69.7141,0,0,0
1840,0,72.9565,0,0,69.7141,0,0,0
1841,0,72.9565,0,0,69.7141,0,0,0
1842,0,72.9565,0,0,69.714,0,0,0
1843,0,73.9565,0,0,70.714,0,0,0
1844,0,73.9565,0,0,70.714,0,0,0
1845,0,73.9565,0,0,70.714,0,0,0
1846,0,73.9565,0,0,70.714,0,0,0
1847,0,73.9565,0,0,70.714,0,0,0
1848,0,73.9565,0,0,70.714,0,0,0
1849,0,73.9565,0,0,70.714,0,0,0
1850,0,74.9565,0,0,71.714,0,0,0
1851,0,74.9565,0,0,71.714,0,0,0
1852,0,74.9565,0,0,71.714,0,0,0
1853,0,74.9565,0,0,71.714,0,0,0
1854,0,74.9566,0,0,71.714,0,0,0
1855,0,75.9566,0,0,72.714,0,0,0
1856,0,75.9566,0,0,72.714,0,0,0
1857,0,75.9566,0,0,72.714,0,0,0
1858,0,75.9566,0,0,72.714,0,0,0
1859,0,75.9566,0,0,72.714,0,0,0
1860,0,75.9566,0,0,72.714,0,0,0
1861,0,75.9566,0,0,72.714,0,0,0
1862,0,75.9566,0,0,72.714,0,0,0
1863,0,75.9566,0,0,72.714,0,0,0
1864,0,76.9566,0,0,73.714,0,0,0
1865,0,76.9566,0,0,73.714,0,0,0
1866,0,76.9566,0,0,73.714,0,0,0
1867,0,76.9566,0,0,73.714,0,0,0
1868,0,76.9566,0,0,73.714,0,0,0
1869,0,77.9566,0,0,74.714,0,0,0
1870,0,77.9566,0,0,74.714,0,0,0
1871,0,77.9566,0,0,74.714,0,0,0
1872,0,77.9566,0,0,74.714,0,0,0
1873,0,77.9567,0,0,74.714,0,0,0
1874,0,77.9567,0,0,74.7139,0,0,0
1875,0,78.9567,0,0,75.7139,0,0,0
1876,0,78.9567,0,0,75.7139,0,0,0
1877,0,78.9567,0,0,75.7139,0,0,0
1878,0,78.9567,0,0,75.7139,0,0,0
1879,0,78.9567,0,0,75.7139,0,0,0
1880,0,78.9567,0,0,75.7139,0,0,0
1881,0,79.9567,0,0,76.7139,0,0,0
1882,0,79.9567,0,0,76.7139,0,0,0
1883,0,79.9567,0,0,76.7139,0,0,0
1884,0,79.9567,0,0,76.7139,0,0,0
1885,0,79.9567,0,0,76.7139,0,0,0
1886,0,79.9567,0,0,76.7139,0,0,0
1887,0,79.9567,0,0,76.7139,0,0,0
1888,0,79.9567,0,0,76.7139,0,0,0
1889,0,79.9567,0,0,76.7139,0,0,0
1890,0,79.9567,0,0,76.7139,0,0,0
1891,0,79.9567,0,0,76.7139,0,0,0
1892,0,79.9567,0,0,76.7139,0,0,0
1893,0,79.9567,0,0,76.7139,0,0,0
1894,0,80.9568,0,0,77.7139,0,0,0
1895,0,80.9568,0,0,77.7139,0,0,0
1896,0,80.9568,0,0,77.7139,0,0,0
1897,0,80.9568,0,0,77.7139,0,0,0
1898,0,80.9568,0,0,77.7139,0,0,0
1899,0,80.9568,0,0,77.7139,0,0,0
1900,0,80.9568,0,0,77.7139,0,0,0
1901,0,80.9568,0,0,77.7139,0,0,0
1902,0,80.9568,0,0,77.7139,0,0,0
1903,0,80.9568,0,0,77.7139,0,0,0
1904,0,80.9568,0,0,77.7139,0,0,0
1905,0,80.9568,0,0,77.7139,0,0,0
1906,0,80.9568,0,0,77.7139,0,0,0
1907,0,80.9568,0,0,77.7139,0,0,0
1908,0,80.9568,0,0,77.7139,0,0,0
1909,0,80.9568,0,0,77.7139,0,0,0
1910,0,80.9568,0,0,77.7139,0,0,0
1911,0,80.9568,0,0,77.7139,0,0,0
1912,0,80.9568,0,0,77.7138,0,0,0
1913,0,80.9568,0,0,77.7138,0,0,0
1914,0,80.9568,0,0,77.7138,0,0,0
1915,0,80.9568,0,0,77.7138,0,0,0
1916,0,80.9568,0,0,77.7138,0,0,0
1917,0,80.9569,0,0,77.7138,0,0,0
1918,0,80.9569,0,0,77.7138,0,0,0
1919,0,80.9569,0,0,77.7138,0,0,0
1920,0,80.9569,0,0,77.7138,0,0,0
1921,0,80.9569,0,0,77.7138,0,0,0
1922,0,80.9569,0,0,77.7138,0,0,0
1923,0,81.9569,0,0,78.7138,0,0,0
1924,0,81.9569,0,0,78.7138,0,0,0
1925,0,81.9569,0,0,78.7138,0,0,0
1926,0,81.9569,0,0,78.7138,0,0,0
1927,0,81.9569,0,0,78.7138,0,0,0
1928,0,81.9569,0,0,78.7138,0,0,0
1929,0,81.9569,0,0,78.7138,0,0,0
1930,0,81.9569,0,0,78.7138,0,0,0
1931,0,81.9569,0,0,78.7138,0,0,0
1932,0,81.9569,0,0,78.7138,0,0,0
1933,0,81.9569,0,0,78.7138,0,0,0
1934,0,81.9569,0,0,78.7138,0,0,0
1935,0,81.9569,0,0,78.7138,0,0,0
1936,0,81.9569,0,0,78.7138,0,0,0
1937,0,81.9569,0,0,78.7138,0,0,0
1938,0,81.9569,0,0,78.7138,0,0,0
1939,0,81.9569,0,0,78.7138,0,0,0
1940,0,82.9569,0,0,79.7138,0,0,0
1941,0,82.9569,0,0,79.7138,0,0,0
1942,0,82.9569,0,0,79.7138,0,0,0
1943,0,82.9569,0,0,79.7138,0,0,0
1944,0,82.957,0,0,79.7138,0,0,0
1945,0,82.957,0,0,79.7138,0,0,0
1946,0,82.957,0,0,79.7138,0,0,0
1947,0,82.957,0,0,79.7138,0,0,0
1948,0,82.957,0,0,79.7138,0,0,0
1949,0,82.957,0,0,79.7138,0,0,0
1950,0,82.957,0,0,79.7138,0,0,0
1951,0,82.957,0,0,79.7138,0,0,0
1952,0,82.957,0,0,79.7138,0,0,0
1953,0,82.957,0,0,79.7138,0,0,0
1954,0,82.957,0,0,79.7138,0,0,0
1955,0,82.957,0,0,79.7138,0,0,0
1956,0,82.957,0,0,79.7138,0,0,0
1957,0,82.957,0,0,79.7137,0,0,0
1958,0,82.957,0,0,79.7137,0,0,0
1959,0,82.957,0,0,79.7137,0,0,0
1960,0,82.957,0,0,79.7137,0,0,0
1961,0,82.957,0,0,79.7137,0,0,0
1962,0,82.957,0,0,79.7137,0,0,0
1963,0,82.957,0,0,79.7137,0,0,0
1964,0,82.957,0,0,79.7137,0,0,0
1965,0,82.957,0,0,79.7137,0,0,0
1966,0,82.957,0,0,79.7137,0,0,0
1967,0,82.957,0,0,79.7137,0,0,0
1968,0,82.957,0,0,79.7137,0,0,0
1969,0,82.957,0,0,79.7137,0,0,0
1970,0,82.957,0,0,79.7137,0,0,0
1971,0,82.957,0,0,79.7137,0,0,0
1972,0,82.957,0,0,79.7137,0,0,0
1973,0,82.957,0,0,79.7137,0,0,0
1974,0,82.9571,0,0,79.7137,0,0,0
1975,0,82.9571,0,0,79.7137,0,0,0
1976,0,82.9571,0,0,79.7137,0,0,0
1977,0,82.9571,0,0,79.7137,0,0,0
1978,0,82.9571,0,0,79.7137,0,0,0
1979,0,82.9571,0,0,79.7137,0,0,0
1980,0,82.9571,0,0,79.7137,0,0,0
1981,0,82.9571,0,0,79.7137,0,0,0
1982,0,82.9571,0,0,79.7137,0,0,0
1983,0,82.9571,0,0,79.7137,0,0,0
1984,0,82.9571,0,0,79.7137,0,0,0
1985,0,82.9571,0,0,79.7137,0,0,0
1986,0,82.9571,0,0,79.7137,0,0,0
1987,0,82.9571,0,0,79.7137,0,0,0
1988,0,82.9571,0,0,79.7137,0,0,0
1989,0,82.9571,0,0,79.7137,0,0,0
1990,0,82.9571,0,0,79.7137,0,0,0
1991,0,82.9571,0,0,79.7137,0,0,0
1992,0,82.9571,0,0,79.7137,0,0,0
1993,0,82.9571,0,0,79.7137,0,0,0
1994,0,82.9571,0,0,79.7137,0,0,0
1995,0,82.9571,0,0,79.7137,0,0,0
1996,0,82.9571,0,0,79.7137,0,0,0
1997,0,82.9571,0,0,79.7137,0,0,0
1998,0,82.9571,0,0,79.7137,0,0,0
1999,0,82.9571,0,0,79.7137,0,0,0
2000,0,82.9571,0,0,79.7137,0,0,0
